soil_moisture,temperature,humidity,rainfall,rain_probability,wind_speed,soil_type,crop_type,growth_stage,prev_irrigation,hours_since_irrigation,irrigation_required,water_quantity,duration_minutes,risk_level
37.31,20.55,78.59,2.73,44.6,4.0,Silty,Groundnut,Maturity,10.0,10.3,0,0.0,0.0,Medium
38.91,33.08,66.62,0.02,2.3,21.0,Silty,Wheat,Maturity,1.4,70.1,1,5.0,3.0,Medium
44.27,41.27,70.84,1.8,1.3,37.7,Sandy,Cotton,Flowering,11.6,1.1,1,6.0,3.0,High
93.51,34.94,43.82,2.2,54.7,7.4,Silty,Rice,Vegetative,23.3,67.6,0,0.0,0.0,Medium
67.49,43.68,83.32,4.13,54.0,23.5,Silty,Groundnut,Germination,18.2,19.9,0,0.0,0.0,Medium
86.14,20.7,73.29,4.68,60.6,37.1,Silty,Rice,Flowering,27.4,61.2,0,0.0,0.0,Low
60.63,32.84,39.91,2.47,38.3,38.9,Peaty,Groundnut,Flowering,21.7,17.0,0,0.0,0.0,Low
51.03,32.11,72.34,0.45,60.4,21.6,Sandy,Groundnut,Fruiting,28.3,43.1,0,0.0,0.0,Low
33.79,17.86,54.3,0.74,41.7,35.3,Peaty,Wheat,Germination,3.7,25.7,1,5.0,3.5,Medium
73.04,18.02,45.31,8.59,32.3,20.8,Peaty,Sugarcane,Germination,10.9,70.0,0,0.0,0.0,Low
53.57,33.01,58.4,0.16,27.9,36.3,Sandy,Rice,Flowering,4.3,35.2,1,12.4,8.2,Medium
70.91,19.31,57.98,3.57,85.8,13.0,Clay,Sugarcane,Germination,21.3,58.3,0,0.0,0.0,Low
78.27,40.24,70.71,3.99,20.9,21.7,Sandy,Rice,Vegetative,6.9,12.6,0,0.0,0.0,Medium
80.93,25.54,74.87,6.82,88.7,31.2,Sandy,Tomato,Germination,2.5,11.6,0,0.0,0.0,Low
79.0,44.2,41.97,1.09,48.6,17.9,Sandy,Tomato,Flowering,5.3,1.3,0,0.0,0.0,Medium
78.37,30.7,57.74,3.03,25.0,23.6,Sandy,Tomato,Germination,14.6,65.2,0,0.0,0.0,Low
49.98,20.84,73.76,0.99,2.4,25.8,Silty,Rice,Germination,28.2,68.7,1,10.4,7.0,High
44.59,20.1,61.19,8.25,69.6,22.8,Sandy,Groundnut,Flowering,18.5,71.3,0,0.0,0.0,Low
40.1,40.25,30.28,3.7,55.3,11.9,Loamy,Wheat,Germination,7.7,44.0,1,5.0,3.5,High
41.93,19.94,93.38,5.48,86.0,10.0,Clay,Groundnut,Germination,9.1,38.7,0,0.0,0.0,Low
47.91,33.94,26.0,0.16,53.1,21.6,Silty,Cotton,Fruiting,21.8,70.3,1,5.5,3.5,Medium
47.66,17.19,53.09,3.5,5.8,36.6,Loamy,Maize,Maturity,7.2,6.8,1,5.0,3.3,Medium
25.41,31.35,31.69,0.38,34.2,3.7,Clay,Maize,Fruiting,9.3,70.5,1,35.1,21.7,High
71.3,16.3,48.13,2.95,50.3,34.3,Peaty,Sugarcane,Fruiting,4.9,5.1,0,0.0,0.0,Low
43.06,26.5,67.95,1.84,54.6,37.7,Silty,Tomato,Fruiting,28.8,65.2,1,12.1,6.6,Medium
43.3,25.93,90.51,0.12,41.8,38.7,Loamy,Cotton,Maturity,12.7,40.9,0,0.0,0.0,Medium
82.55,38.57,45.3,8.01,85.8,17.2,Loamy,Cotton,Germination,22.6,7.4,0,0.0,0.0,Medium
61.08,16.94,92.96,5.63,35.5,38.3,Clay,Tomato,Germination,14.5,35.5,0,0.0,0.0,Low
53.18,38.58,78.81,0.29,49.4,2.3,Silty,Maize,Maturity,13.2,63.9,1,5.0,3.0,High
45.0,26.99,86.8,0.48,51.3,9.3,Peaty,Groundnut,Vegetative,25.9,63.4,0,0.0,0.0,Low
74.37,26.2,26.42,4.5,55.8,17.0,Silty,Maize,Fruiting,3.3,35.5,0,0.0,0.0,Low
64.3,22.07,50.16,1.95,8.3,21.1,Clay,Rice,Maturity,24.1,70.4,1,5.0,3.0,Medium
55.0,30.99,66.48,3.57,45.5,25.1,Silty,Tomato,Germination,27.0,3.3,0,0.0,0.0,Low
36.45,26.45,37.0,0.93,36.0,10.4,Silty,Cotton,Vegetative,1.0,20.1,1,7.6,6.3,Medium
52.79,27.93,63.72,7.55,8.3,35.1,Peaty,Tomato,Vegetative,4.9,29.6,1,5.0,4.5,Medium
95.61,27.31,40.82,0.17,86.5,32.5,Loamy,Rice,Germination,29.9,40.0,0,0.0,0.0,Low
76.52,43.66,66.05,0.78,67.2,24.7,Sandy,Sugarcane,Germination,3.4,48.4,0,0.0,0.0,Medium
78.19,17.72,79.79,2.67,48.0,16.8,Silty,Sugarcane,Maturity,19.2,58.0,0,0.0,0.0,Low
68.5,34.17,61.51,0.29,72.6,21.9,Loamy,Wheat,Vegetative,27.3,21.5,0,0.0,0.0,Medium
75.55,22.42,54.68,11.74,49.3,13.2,Loamy,Rice,Germination,7.2,5.5,0,0.0,0.0,Low
59.37,30.37,92.8,2.76,22.4,32.9,Clay,Rice,Flowering,10.4,2.3,1,17.8,13.1,Medium
57.03,38.76,67.38,0.26,87.4,36.8,Sandy,Tomato,Vegetative,8.3,58.0,0,0.0,0.0,Medium
52.31,26.09,55.45,4.13,3.7,10.1,Loamy,Groundnut,Fruiting,26.9,36.8,0,0.0,0.0,Low
23.34,21.24,61.99,5.51,8.9,21.4,Sandy,Groundnut,Maturity,10.3,34.1,1,5.0,4.3,Medium
72.02,31.56,49.0,1.23,90.0,24.3,Loamy,Sugarcane,Germination,14.9,23.8,0,0.0,0.0,Low
88.3,30.52,50.51,12.12,11.2,15.9,Sandy,Sugarcane,Flowering,26.0,58.8,0,0.0,0.0,Low
67.72,31.61,62.11,0.99,76.9,7.5,Sandy,Tomato,Vegetative,12.8,36.5,0,0.0,0.0,Low
53.33,25.34,64.24,1.38,45.4,21.9,Clay,Maize,Fruiting,6.1,49.3,0,0.0,0.0,Medium
62.83,39.99,92.55,0.4,73.1,37.5,Sandy,Tomato,Maturity,2.0,53.4,0,0.0,0.0,Medium
83.04,19.32,80.59,3.28,52.3,14.4,Silty,Sugarcane,Flowering,11.8,58.8,0,0.0,0.0,Low
76.0,37.77,57.87,0.79,90.0,15.4,Peaty,Tomato,Germination,27.2,44.9,0,0.0,0.0,Medium
85.94,37.23,63.91,18.21,75.2,28.3,Sandy,Maize,Fruiting,4.3,14.7,0,0.0,0.0,Medium
24.2,18.88,83.1,0.41,39.7,31.9,Sandy,Wheat,Maturity,6.9,52.0,1,8.3,6.3,High
21.38,43.48,31.72,2.65,50.6,24.5,Loamy,Tomato,Vegetative,26.2,67.1,1,22.2,15.1,High
69.44,26.1,24.93,0.24,10.4,33.6,Sandy,Wheat,Fruiting,3.7,17.0,0,0.0,0.0,Low
68.9,26.36,76.22,0.69,78.8,24.1,Clay,Sugarcane,Maturity,12.4,62.2,0,0.0,0.0,Low
49.39,28.72,36.45,1.81,14.1,7.1,Loamy,Tomato,Flowering,12.6,65.9,1,7.5,3.0,Medium
73.65,24.39,50.38,1.67,80.0,14.0,Sandy,Maize,Germination,18.7,27.2,0,0.0,0.0,Low
49.45,31.26,53.53,1.54,56.0,6.2,Clay,Rice,Vegetative,25.9,68.1,1,16.2,8.9,Medium
49.63,22.15,70.61,0.06,10.4,32.0,Sandy,Rice,Flowering,19.6,17.1,1,14.7,8.6,High
58.58,34.67,35.84,1.04,89.6,0.5,Silty,Tomato,Fruiting,6.2,1.9,0,0.0,0.0,Medium
30.95,25.13,81.4,1.35,3.4,33.2,Peaty,Groundnut,Fruiting,23.2,26.1,1,6.9,3.8,Medium
59.93,15.7,39.34,2.34,63.3,10.3,Sandy,Tomato,Vegetative,25.0,70.9,0,0.0,0.0,Low
55.81,30.28,74.14,0.34,14.0,10.5,Peaty,Rice,Germination,22.0,18.1,1,7.3,4.3,Medium
66.67,27.62,46.91,9.56,18.4,3.6,Silty,Maize,Vegetative,2.0,60.3,0,0.0,0.0,Low
82.3,29.37,41.39,2.33,16.2,33.7,Loamy,Sugarcane,Maturity,28.7,11.1,0,0.0,0.0,Low
44.39,27.97,73.22,2.74,46.0,3.0,Sandy,Rice,Germination,0.1,69.7,1,8.6,4.6,High
43.73,41.88,68.32,3.54,5.2,26.8,Peaty,Rice,Germination,17.6,72.0,1,13.5,6.8,High
60.72,42.59,92.61,8.66,47.4,34.5,Sandy,Groundnut,Flowering,9.6,59.7,0,0.0,0.0,Medium
47.15,30.11,53.44,1.55,57.2,32.2,Clay,Wheat,Maturity,19.8,53.1,0,0.0,0.0,Low
57.67,41.53,22.74,6.23,52.9,37.6,Loamy,Cotton,Flowering,29.9,25.3,0,0.0,0.0,Medium
68.18,17.95,46.03,2.22,73.2,0.1,Sandy,Cotton,Vegetative,8.9,61.4,0,0.0,0.0,Low
76.6,18.56,49.32,0.4,95.6,31.9,Peaty,Rice,Germination,17.7,70.7,0,0.0,0.0,Low
67.46,39.54,29.31,0.14,38.4,1.5,Peaty,Cotton,Maturity,24.8,57.7,0,0.0,0.0,Medium
73.95,44.39,33.82,1.51,75.8,27.8,Clay,Rice,Fruiting,24.5,16.2,0,0.0,0.0,Medium
17.61,26.66,40.52,1.94,4.4,34.1,Clay,Wheat,Germination,9.9,67.1,1,19.5,10.8,High
46.24,18.89,87.29,14.29,6.2,35.3,Peaty,Wheat,Fruiting,27.2,41.1,0,0.0,0.0,Low
26.3,19.79,31.95,1.22,23.9,37.2,Silty,Tomato,Germination,21.0,13.6,1,15.9,10.6,High
74.19,40.61,57.91,0.02,28.7,24.7,Silty,Wheat,Vegetative,19.0,18.7,0,0.0,0.0,Medium
93.23,44.21,45.13,3.0,93.2,4.1,Loamy,Sugarcane,Germination,20.6,4.9,0,0.0,0.0,Medium
84.43,29.62,24.91,0.23,85.2,39.6,Sandy,Sugarcane,Vegetative,13.4,46.6,0,0.0,0.0,Low
51.39,19.91,55.43,8.66,10.2,34.2,Loamy,Tomato,Vegetative,24.8,21.5,0,0.0,0.0,Medium
86.94,40.87,92.82,0.1,73.1,36.4,Clay,Cotton,Flowering,28.9,54.7,0,0.0,0.0,Medium
92.95,16.15,69.24,1.38,86.4,18.9,Peaty,Wheat,Flowering,5.6,62.5,0,0.0,0.0,Low
71.38,15.99,79.94,1.05,91.2,38.7,Loamy,Sugarcane,Fruiting,13.9,0.1,0,0.0,0.0,Low
44.36,23.31,80.03,1.11,45.5,0.5,Silty,Rice,Maturity,11.8,34.6,1,13.8,6.7,High
79.86,29.42,27.97,0.83,98.7,5.7,Sandy,Sugarcane,Flowering,18.5,50.6,0,0.0,0.0,Low
50.91,17.54,82.28,1.33,32.2,39.1,Sandy,Rice,Maturity,20.8,59.1,1,5.0,3.1,Medium
82.79,43.2,90.76,2.94,78.3,24.5,Sandy,Rice,Vegetative,19.8,39.8,0,0.0,0.0,Medium
30.26,36.9,63.5,3.15,47.9,24.6,Loamy,Cotton,Flowering,14.1,53.6,1,14.6,8.6,Medium
47.14,20.55,71.13,0.22,3.1,10.3,Clay,Tomato,Fruiting,26.0,52.4,1,7.2,5.9,Medium
95.13,26.66,64.32,2.73,79.3,26.2,Loamy,Cotton,Maturity,8.5,25.9,0,0.0,0.0,Low
75.06,38.24,51.2,2.76,63.3,14.9,Sandy,Maize,Flowering,12.4,5.0,0,0.0,0.0,Medium
75.3,32.32,32.13,1.49,96.9,10.3,Sandy,Groundnut,Fruiting,9.8,55.7,0,0.0,0.0,Low
62.25,25.73,82.36,1.69,24.9,24.7,Loamy,Tomato,Maturity,5.0,12.1,0,0.0,0.0,Low
12.58,18.18,40.24,0.18,53.1,37.5,Silty,Cotton,Flowering,3.7,32.6,1,35.5,21.1,High
50.02,28.77,71.08,0.05,32.3,38.9,Silty,Wheat,Maturity,7.6,37.6,0,0.0,0.0,Low
93.04,28.6,85.26,0.58,69.3,33.5,Sandy,Maize,Maturity,20.5,35.8,0,0.0,0.0,Low
61.83,43.36,72.0,3.39,21.6,26.4,Silty,Rice,Flowering,19.5,7.7,1,11.2,6.5,High
26.49,39.71,76.75,4.8,43.6,32.7,Silty,Maize,Flowering,16.3,0.4,1,30.2,17.0,High
19.29,32.95,59.72,1.76,1.5,23.5,Peaty,Cotton,Germination,19.3,54.7,1,14.5,8.7,Medium
63.62,43.44,21.23,0.65,0.8,25.9,Loamy,Groundnut,Fruiting,7.3,66.7,0,0.0,0.0,Medium
56.13,23.48,43.32,4.87,53.9,12.5,Silty,Maize,Maturity,21.5,19.6,0,0.0,0.0,Low
47.53,32.06,39.51,9.88,48.4,32.2,Peaty,Wheat,Germination,1.3,45.6,0,0.0,0.0,Low
84.14,22.11,35.76,2.83,41.1,33.6,Peaty,Sugarcane,Fruiting,10.6,17.1,0,0.0,0.0,Low
67.78,37.84,30.76,1.65,15.3,9.4,Sandy,Wheat,Vegetative,14.2,38.5,0,0.0,0.0,Medium
28.47,22.45,49.13,2.71,49.7,39.5,Silty,Tomato,Flowering,20.9,29.1,1,32.3,18.8,High
50.37,20.86,44.67,0.77,35.5,2.8,Sandy,Maize,Fruiting,2.0,57.6,1,5.5,3.5,Medium
89.34,28.75,34.33,0.16,37.8,14.5,Silty,Sugarcane,Maturity,13.4,24.0,0,0.0,0.0,Low
57.92,17.57,53.62,4.23,34.8,26.6,Sandy,Groundnut,Vegetative,27.8,16.9,0,0.0,0.0,Low
71.74,22.19,69.79,0.29,25.7,31.5,Silty,Maize,Fruiting,18.3,36.5,0,0.0,0.0,Low
45.17,31.64,42.86,1.52,44.7,24.0,Clay,Wheat,Germination,27.6,35.8,0,0.0,0.0,Low
61.68,38.95,43.55,0.25,40.3,6.9,Loamy,Tomato,Flowering,10.4,70.2,1,6.0,4.1,Medium
50.52,43.78,81.96,3.29,12.2,19.1,Silty,Maize,Flowering,7.0,5.8,1,6.2,3.3,High
52.26,18.15,67.78,0.73,62.0,26.0,Loamy,Cotton,Maturity,1.8,56.2,0,0.0,0.0,Low
75.61,20.62,72.08,2.89,63.3,9.2,Silty,Rice,Flowering,6.6,12.5,0,0.0,0.0,Low
26.3,27.03,69.93,1.31,52.6,19.3,Peaty,Wheat,Fruiting,11.6,69.4,1,14.1,8.1,Medium
13.67,24.5,82.34,2.98,19.9,2.6,Peaty,Groundnut,Germination,11.1,19.1,1,12.8,7.7,High
59.47,24.62,75.26,1.94,37.6,15.8,Silty,Sugarcane,Vegetative,23.6,64.2,1,5.8,3.0,Medium
26.96,28.47,37.07,6.61,45.1,35.3,Loamy,Tomato,Flowering,29.6,31.9,1,29.7,18.6,High
76.52,36.91,46.1,1.06,35.0,31.0,Peaty,Rice,Fruiting,5.6,12.5,0,0.0,0.0,Medium
42.76,23.67,78.16,2.94,38.2,8.2,Silty,Sugarcane,Germination,18.5,55.8,1,13.4,8.5,High
21.09,42.5,59.22,2.88,15.7,1.7,Peaty,Wheat,Maturity,18.0,6.8,1,13.0,5.7,High
90.86,34.74,41.37,5.08,86.1,33.9,Clay,Cotton,Germination,7.6,54.4,0,0.0,0.0,Medium
40.72,24.32,77.23,0.94,54.0,29.1,Silty,Sugarcane,Flowering,20.6,6.6,1,25.4,15.8,High
73.77,19.71,27.2,2.58,87.7,17.4,Clay,Rice,Flowering,16.7,58.4,0,0.0,0.0,Low
79.99,34.75,43.48,4.07,81.5,24.6,Clay,Cotton,Vegetative,11.3,38.8,0,0.0,0.0,Medium
80.22,38.12,71.19,4.24,84.2,18.8,Sandy,Sugarcane,Vegetative,3.7,27.7,0,0.0,0.0,Medium
54.27,26.8,51.72,3.57,0.3,24.8,Clay,Sugarcane,Vegetative,23.8,6.7,1,8.8,7.8,Medium
80.77,33.23,21.47,1.17,63.6,6.0,Loamy,Cotton,Vegetative,22.4,70.7,0,0.0,0.0,Medium
67.64,18.51,75.13,0.81,37.1,2.5,Peaty,Tomato,Fruiting,23.0,52.8,0,0.0,0.0,Low
30.46,25.95,62.98,2.66,18.4,14.5,Clay,Groundnut,Fruiting,0.8,1.7,1,16.4,9.3,Medium
45.97,40.28,36.89,1.42,46.2,19.2,Clay,Maize,Vegetative,28.1,50.8,1,7.4,4.6,High
66.28,23.31,39.62,0.85,90.6,10.0,Silty,Maize,Vegetative,22.8,32.4,0,0.0,0.0,Low
57.42,31.75,46.22,1.14,77.2,3.5,Loamy,Cotton,Vegetative,22.0,39.5,0,0.0,0.0,Low
78.95,22.48,68.66,0.66,56.5,18.6,Loamy,Maize,Maturity,18.3,25.2,0,0.0,0.0,Low
42.81,44.76,37.26,1.55,54.3,31.7,Sandy,Groundnut,Germination,18.4,16.3,0,0.0,0.0,Medium
67.75,28.68,50.48,3.16,54.5,2.5,Loamy,Rice,Vegetative,24.2,33.1,0,0.0,0.0,Medium
88.97,37.68,58.86,0.69,87.8,35.2,Loamy,Cotton,Fruiting,7.2,32.5,0,0.0,0.0,Medium
39.61,26.58,27.27,1.75,19.6,7.5,Silty,Sugarcane,Germination,10.7,54.5,1,16.9,9.2,High
91.7,28.45,62.51,0.54,61.3,14.5,Loamy,Sugarcane,Vegetative,5.1,36.5,0,0.0,0.0,Low
38.87,39.07,92.2,5.83,11.8,29.6,Peaty,Tomato,Fruiting,29.7,34.9,1,10.8,6.8,High
88.82,36.92,87.43,0.25,73.1,7.5,Sandy,Tomato,Fruiting,24.6,38.9,0,0.0,0.0,Medium
16.69,22.39,81.75,6.36,52.5,9.8,Sandy,Cotton,Maturity,2.6,51.8,1,9.3,6.4,High
81.85,40.4,55.09,11.6,63.4,5.1,Sandy,Tomato,Germination,9.8,49.4,0,0.0,0.0,Medium
34.2,41.25,36.34,1.34,6.9,30.5,Clay,Groundnut,Fruiting,22.8,65.1,1,8.0,5.5,High
44.96,26.48,48.88,0.77,38.2,5.2,Clay,Tomato,Flowering,24.1,34.5,1,12.7,7.3,Medium
26.92,34.1,59.67,3.02,45.0,8.7,Sandy,Maize,Flowering,2.1,19.0,1,17.2,10.4,High
82.08,23.8,75.78,0.15,90.3,34.1,Clay,Maize,Germination,17.8,64.2,0,0.0,0.0,Low
41.51,30.1,24.43,5.34,59.9,4.6,Loamy,Sugarcane,Maturity,27.3,48.2,1,13.3,8.6,High
80.01,41.52,54.34,2.8,63.1,23.7,Sandy,Cotton,Flowering,7.1,36.9,0,0.0,0.0,Medium
36.36,36.89,57.93,3.02,7.1,10.2,Loamy,Wheat,Flowering,14.2,3.3,1,7.5,4.1,Medium
21.27,21.24,58.66,0.02,0.8,8.8,Peaty,Tomato,Fruiting,3.2,24.4,1,26.7,17.4,High
60.86,39.99,59.52,6.36,57.5,1.2,Sandy,Maize,Germination,1.3,32.4,0,0.0,0.0,Medium
55.87,33.51,43.07,5.21,95.5,32.8,Peaty,Maize,Maturity,19.1,3.7,0,0.0,0.0,Medium
57.21,18.17,65.39,2.39,90.0,16.2,Silty,Groundnut,Vegetative,22.5,29.7,0,0.0,0.0,Low
83.99,15.08,66.86,7.34,61.3,34.9,Clay,Tomato,Maturity,3.6,65.0,0,0.0,0.0,Low
43.62,42.64,80.67,0.73,46.7,32.7,Peaty,Rice,Vegetative,11.6,61.3,1,15.9,8.8,High
75.36,39.19,81.19,5.85,91.7,17.2,Silty,Sugarcane,Fruiting,17.5,26.7,0,0.0,0.0,Medium
33.48,16.47,77.81,8.79,34.0,20.7,Peaty,Cotton,Fruiting,0.2,27.8,0,0.0,0.0,Medium
92.9,40.28,63.46,2.46,10.5,6.7,Peaty,Rice,Vegetative,6.9,70.4,0,0.0,0.0,Medium
70.05,26.08,42.88,0.48,48.8,5.2,Clay,Tomato,Vegetative,11.1,27.0,0,0.0,0.0,Low
36.29,45.19,41.95,9.74,38.9,15.4,Silty,Wheat,Germination,16.2,11.1,0,0.0,0.0,High
33.51,39.65,73.46,0.59,50.7,27.1,Clay,Tomato,Vegetative,24.9,39.2,1,20.5,12.6,High
70.04,41.48,66.89,2.53,62.1,8.1,Sandy,Maize,Flowering,1.2,34.2,0,0.0,0.0,Medium
69.06,31.54,24.16,3.43,46.7,1.4,Peaty,Cotton,Flowering,28.5,36.9,0,0.0,0.0,Low
62.34,23.77,35.52,4.3,38.7,20.5,Loamy,Sugarcane,Fruiting,17.3,62.3,1,5.5,3.6,Medium
24.93,15.77,68.24,1.06,24.0,12.5,Sandy,Groundnut,Fruiting,0.9,70.0,1,7.9,5.5,Medium
63.63,24.57,75.07,2.26,79.3,39.6,Silty,Maize,Vegetative,29.8,6.5,0,0.0,0.0,Low
53.12,36.55,41.34,3.49,2.4,12.2,Loamy,Tomato,Germination,19.0,41.5,1,5.0,3.0,Medium
79.05,17.38,49.45,1.05,23.2,11.2,Silty,Sugarcane,Vegetative,27.9,29.2,0,0.0,0.0,Low
67.76,32.77,47.23,3.13,12.3,35.5,Peaty,Rice,Maturity,13.5,42.2,1,5.0,3.0,Medium
25.97,39.12,61.92,2.2,14.3,31.0,Silty,Cotton,Maturity,14.9,20.5,1,12.0,6.3,High
46.63,25.47,90.61,0.26,93.1,33.1,Loamy,Groundnut,Germination,16.9,62.4,0,0.0,0.0,Low
49.89,42.05,48.39,9.98,8.9,27.5,Peaty,Tomato,Flowering,11.6,45.6,0,0.0,0.0,High
70.0,35.58,90.64,0.94,47.5,25.4,Clay,Cotton,Germination,3.1,35.9,0,0.0,0.0,Medium
71.54,26.07,24.26,4.38,41.7,32.9,Loamy,Tomato,Flowering,6.4,47.3,0,0.0,0.0,Low
56.55,26.6,89.89,0.4,73.7,39.0,Peaty,Maize,Vegetative,20.5,33.7,0,0.0,0.0,Low
21.27,16.02,28.32,2.18,26.8,33.4,Clay,Tomato,Maturity,11.4,24.3,1,24.5,12.1,High
33.26,15.79,49.15,4.31,45.5,10.7,Sandy,Tomato,Fruiting,3.9,61.7,1,11.5,6.1,Medium
37.88,38.64,58.05,1.28,37.2,0.1,Peaty,Maize,Germination,19.4,70.1,1,7.6,4.8,High
55.15,43.37,66.24,1.92,6.0,26.9,Peaty,Tomato,Germination,29.7,17.2,1,5.0,5.1,High
81.7,22.23,34.1,0.46,62.2,31.3,Sandy,Sugarcane,Germination,4.4,58.4,0,0.0,0.0,Low
82.86,30.66,24.19,3.51,69.0,37.2,Silty,Rice,Fruiting,6.9,3.2,0,0.0,0.0,Low
72.23,35.02,25.94,0.96,80.7,18.4,Peaty,Wheat,Vegetative,13.0,3.2,0,0.0,0.0,Medium
73.66,20.69,91.44,15.79,71.2,39.2,Silty,Cotton,Germination,7.8,31.5,0,0.0,0.0,Low
56.37,15.74,82.08,3.95,35.5,27.9,Loamy,Sugarcane,Vegetative,28.6,69.6,1,7.8,4.4,Medium
59.94,32.22,77.65,2.07,1.2,0.4,Clay,Rice,Fruiting,27.8,16.5,1,8.5,3.8,Medium
43.99,15.92,56.12,3.26,11.9,11.6,Peaty,Tomato,Flowering,27.6,71.5,1,6.4,3.0,Medium
84.92,44.53,49.35,2.56,41.6,33.9,Sandy,Sugarcane,Vegetative,26.3,70.2,0,0.0,0.0,Medium
80.58,35.05,37.58,1.69,71.9,22.5,Sandy,Rice,Vegetative,9.8,60.5,0,0.0,0.0,Medium
61.03,29.14,35.45,2.68,18.6,13.3,Loamy,Groundnut,Fruiting,6.2,5.1,0,0.0,0.0,Low
51.98,35.5,77.32,3.19,15.2,35.0,Peaty,Tomato,Fruiting,8.5,30.6,1,5.5,3.0,Medium
56.2,24.05,74.42,3.07,41.6,30.4,Silty,Tomato,Fruiting,26.9,58.9,0,0.0,0.0,Low
44.6,44.58,75.77,1.5,59.1,26.4,Clay,Rice,Fruiting,16.3,51.1,1,30.4,17.7,High
65.16,31.69,78.33,3.7,17.2,38.9,Clay,Rice,Maturity,4.8,13.0,1,5.0,3.0,Medium
40.12,40.95,72.44,3.9,56.2,37.9,Silty,Cotton,Maturity,11.4,11.7,0,0.0,0.0,High
52.34,32.94,82.92,0.31,55.9,20.0,Clay,Cotton,Vegetative,16.0,38.9,0,0.0,0.0,Medium
83.36,43.57,37.22,6.34,80.9,27.1,Peaty,Sugarcane,Flowering,9.5,58.8,0,0.0,0.0,Medium
32.97,15.16,70.48,0.16,54.9,11.5,Clay,Wheat,Flowering,10.6,44.7,1,14.0,9.6,Medium
76.07,28.14,72.17,1.21,5.7,15.0,Sandy,Tomato,Vegetative,19.3,48.3,0,0.0,0.0,Low
16.31,42.83,88.79,0.03,45.0,39.1,Peaty,Cotton,Vegetative,16.4,70.5,1,17.8,9.3,High
87.19,32.95,58.56,4.04,63.1,22.0,Silty,Rice,Flowering,4.3,42.9,0,0.0,0.0,Medium
80.34,15.76,92.51,0.87,67.6,28.3,Loamy,Tomato,Maturity,9.4,19.5,0,0.0,0.0,Low
89.38,28.32,66.23,0.72,93.9,0.3,Clay,Rice,Vegetative,18.8,26.9,0,0.0,0.0,Low
93.65,43.47,49.86,5.49,18.9,26.9,Silty,Rice,Flowering,3.1,0.6,0,0.0,0.0,Medium
78.98,27.73,39.58,1.71,72.3,0.4,Peaty,Tomato,Germination,18.4,45.9,0,0.0,0.0,Low
22.35,15.39,26.23,7.26,35.5,17.0,Sandy,Groundnut,Germination,17.9,42.8,1,5.6,3.0,Medium
27.92,38.49,50.31,2.16,25.3,39.5,Clay,Cotton,Maturity,23.1,30.8,1,13.6,7.6,High
74.88,30.1,59.47,0.47,78.4,16.8,Silty,Tomato,Vegetative,23.6,43.1,0,0.0,0.0,Low
76.31,29.42,89.6,0.33,76.4,16.4,Peaty,Groundnut,Flowering,7.8,11.5,0,0.0,0.0,Low
25.36,39.36,20.31,7.75,44.3,22.1,Clay,Cotton,Flowering,22.3,5.5,1,25.0,15.1,High
24.5,26.45,39.18,0.79,31.9,36.1,Silty,Maize,Vegetative,24.9,25.1,1,26.6,16.1,High
35.86,28.89,49.91,3.84,38.5,19.6,Sandy,Groundnut,Maturity,22.2,62.1,1,5.0,4.5,Medium
68.3,36.77,85.69,0.39,63.5,23.3,Sandy,Sugarcane,Flowering,6.4,22.4,0,0.0,0.0,Medium
73.01,32.01,51.06,1.68,54.1,27.9,Silty,Sugarcane,Flowering,5.2,36.0,0,0.0,0.0,Low
46.28,36.11,57.69,8.11,43.9,39.2,Peaty,Wheat,Maturity,3.4,55.1,0,0.0,0.0,Medium
63.58,31.19,67.04,3.5,25.3,0.4,Peaty,Tomato,Flowering,16.1,60.2,1,6.0,4.0,Low
75.96,39.76,50.52,1.99,1.3,16.4,Peaty,Rice,Flowering,0.5,20.2,1,6.0,3.5,Medium
28.22,39.06,52.2,17.62,55.9,12.8,Loamy,Wheat,Maturity,10.5,26.8,0,0.0,0.0,High
70.59,16.19,46.96,7.95,37.9,33.3,Silty,Tomato,Fruiting,11.2,45.5,0,0.0,0.0,Low
61.69,19.27,70.49,2.91,74.2,6.8,Loamy,Maize,Fruiting,26.7,54.0,0,0.0,0.0,Low
62.44,41.44,63.23,3.0,15.6,19.0,Peaty,Tomato,Vegetative,8.1,14.6,0,0.0,0.0,Medium
38.26,37.77,62.21,2.64,13.4,17.8,Loamy,Cotton,Fruiting,28.8,31.0,1,5.5,4.9,Medium
57.86,39.99,54.41,0.98,65.5,33.0,Sandy,Maize,Maturity,23.3,59.2,1,5.0,3.0,Medium
57.62,41.23,38.58,2.44,3.9,26.7,Peaty,Rice,Maturity,26.9,63.9,1,6.8,4.8,High
94.42,44.89,44.48,4.14,80.7,34.3,Peaty,Sugarcane,Flowering,7.2,2.9,0,0.0,0.0,Medium
85.42,34.95,38.41,0.04,76.4,24.9,Clay,Tomato,Fruiting,1.2,60.3,0,0.0,0.0,Medium
83.65,32.66,63.47,14.03,75.7,17.7,Peaty,Maize,Maturity,11.7,16.5,0,0.0,0.0,Low
79.01,45.23,94.17,3.15,80.4,28.6,Clay,Maize,Maturity,1.6,32.7,0,0.0,0.0,Medium
72.07,33.83,24.13,3.1,97.4,2.8,Clay,Wheat,Maturity,22.4,58.3,0,0.0,0.0,Medium
89.8,14.82,78.28,2.82,70.0,33.5,Peaty,Rice,Vegetative,28.8,38.6,0,0.0,0.0,Low
78.85,39.98,67.5,0.25,74.1,3.8,Loamy,Maize,Maturity,21.1,4.8,0,0.0,0.0,Medium
69.07,44.55,72.06,1.41,80.0,35.4,Clay,Sugarcane,Maturity,6.0,15.6,0,0.0,0.0,Medium
77.05,25.33,52.32,1.51,66.9,35.7,Peaty,Rice,Fruiting,16.6,56.8,0,0.0,0.0,Low
24.88,30.49,93.4,0.54,11.4,0.3,Silty,Wheat,Maturity,6.2,45.4,1,12.7,7.2,High
49.81,39.36,31.14,1.26,86.5,6.2,Peaty,Cotton,Vegetative,14.5,21.8,0,0.0,0.0,Medium
79.7,23.73,56.43,0.26,46.0,12.3,Clay,Sugarcane,Fruiting,1.7,30.1,0,0.0,0.0,Low
74.34,37.89,84.64,1.13,53.8,33.6,Clay,Wheat,Fruiting,26.7,26.7,0,0.0,0.0,Medium
56.6,26.41,85.3,1.57,32.8,18.2,Clay,Cotton,Fruiting,3.8,14.1,0,0.0,0.0,Low
26.31,31.52,47.95,3.25,14.1,22.8,Silty,Wheat,Fruiting,8.4,15.7,1,19.3,11.1,Medium
74.6,26.14,26.37,2.44,84.5,31.8,Clay,Rice,Vegetative,20.2,15.9,0,0.0,0.0,Low
26.27,33.76,65.24,0.16,37.7,9.3,Silty,Groundnut,Maturity,16.6,14.4,1,7.3,3.6,Medium
80.66,37.7,31.78,2.0,43.0,23.9,Sandy,Maize,Fruiting,23.1,28.6,0,0.0,0.0,Medium
22.24,30.23,66.26,7.24,51.0,20.1,Peaty,Maize,Germination,1.0,39.7,1,15.3,9.0,High
32.12,33.19,35.77,0.17,56.8,26.1,Silty,Tomato,Germination,16.7,61.7,1,10.7,5.0,Medium
74.74,27.28,42.63,1.21,29.4,1.7,Sandy,Rice,Flowering,17.9,47.0,0,0.0,0.0,Low
63.17,42.18,45.26,1.82,67.8,21.7,Silty,Cotton,Vegetative,13.1,57.2,0,0.0,0.0,Medium
73.51,17.37,93.94,2.34,98.5,37.6,Silty,Tomato,Germination,6.0,11.9,0,0.0,0.0,Low
65.29,20.62,21.12,0.19,90.5,25.9,Sandy,Maize,Vegetative,5.3,21.2,0,0.0,0.0,Low
77.6,27.19,49.76,6.48,89.6,36.4,Peaty,Rice,Fruiting,20.7,19.6,0,0.0,0.0,Low
71.84,37.08,59.35,1.02,49.3,12.0,Silty,Rice,Maturity,13.0,11.8,0,0.0,0.0,Medium
86.66,37.14,69.49,8.05,82.1,22.7,Clay,Rice,Fruiting,27.0,28.8,0,0.0,0.0,Medium
12.24,44.4,36.33,0.21,59.5,29.6,Peaty,Groundnut,Flowering,19.8,38.3,1,22.0,11.5,High
47.46,15.86,59.34,0.74,98.9,23.0,Loamy,Groundnut,Fruiting,20.7,64.6,0,0.0,0.0,Low
66.21,32.17,31.92,5.4,35.8,36.5,Sandy,Sugarcane,Germination,5.5,10.1,0,0.0,0.0,Low
56.48,20.76,20.49,3.41,7.7,16.8,Sandy,Maize,Maturity,28.1,22.4,0,0.0,0.0,Low
79.41,18.61,66.17,8.37,66.2,3.1,Peaty,Rice,Fruiting,16.5,29.0,0,0.0,0.0,Low
76.74,41.45,91.95,1.76,75.0,21.3,Peaty,Maize,Germination,8.3,15.6,0,0.0,0.0,Medium
90.18,22.35,58.4,3.94,95.8,8.8,Loamy,Maize,Flowering,28.0,66.0,0,0.0,0.0,Low
59.28,16.21,78.57,1.52,44.4,35.7,Loamy,Tomato,Vegetative,0.2,67.9,0,0.0,0.0,Low
31.53,30.16,43.77,2.55,32.5,1.6,Loamy,Wheat,Vegetative,0.2,70.4,1,12.7,7.5,Medium
83.33,26.66,78.39,0.93,99.0,1.0,Clay,Sugarcane,Germination,19.8,49.5,0,0.0,0.0,Low
77.46,18.74,62.29,1.75,79.7,29.0,Sandy,Groundnut,Fruiting,10.2,58.0,0,0.0,0.0,Low
75.63,39.89,92.92,0.44,23.1,34.7,Clay,Tomato,Maturity,12.6,3.6,0,0.0,0.0,Medium
15.58,24.42,38.04,3.59,36.4,22.6,Sandy,Wheat,Fruiting,1.9,38.5,1,15.5,10.9,High
14.75,27.02,32.86,0.75,31.8,10.4,Silty,Groundnut,Fruiting,2.7,13.9,1,24.3,14.1,High
43.69,28.21,45.0,1.51,53.0,6.5,Silty,Cotton,Maturity,24.2,54.7,0,0.0,0.0,Medium
73.19,27.44,70.74,0.18,3.5,15.7,Silty,Sugarcane,Vegetative,5.8,46.2,1,5.0,3.0,Low
62.96,19.61,60.57,0.33,4.5,26.3,Silty,Sugarcane,Germination,2.5,2.5,1,5.0,3.2,Medium
59.59,44.44,77.71,1.71,44.6,24.8,Peaty,Maize,Flowering,15.0,46.4,1,6.0,3.2,Medium
55.5,16.07,87.19,14.47,29.4,8.4,Loamy,Groundnut,Fruiting,7.6,62.3,0,0.0,0.0,Low
24.22,43.71,77.82,0.02,0.1,15.1,Clay,Wheat,Germination,0.6,33.4,1,13.2,8.3,High
44.05,36.4,28.75,17.34,18.3,23.8,Sandy,Maize,Fruiting,3.8,2.0,0,0.0,0.0,Medium
68.73,28.38,60.72,0.58,29.6,26.6,Silty,Cotton,Vegetative,1.5,64.1,0,0.0,0.0,Low
89.53,19.09,79.77,5.96,15.1,34.1,Peaty,Sugarcane,Vegetative,21.8,56.5,0,0.0,0.0,Low
51.7,22.7,76.83,0.26,92.4,13.0,Loamy,Cotton,Flowering,13.3,3.1,0,0.0,0.0,Low
72.83,34.1,27.38,1.54,72.9,31.2,Sandy,Rice,Fruiting,0.0,51.3,0,0.0,0.0,Medium
84.77,38.99,87.01,2.42,81.2,15.4,Peaty,Sugarcane,Flowering,29.7,16.3,0,0.0,0.0,Medium
60.84,39.1,44.68,1.09,40.3,26.9,Silty,Tomato,Flowering,9.5,9.6,0,0.0,0.0,Medium
26.27,32.17,38.89,4.89,42.6,39.8,Silty,Tomato,Fruiting,23.4,48.5,1,26.8,17.1,High
20.69,29.95,63.91,2.34,8.6,2.3,Loamy,Wheat,Flowering,17.6,39.2,1,21.0,13.3,High
55.36,33.13,86.33,4.98,58.3,29.2,Silty,Sugarcane,Germination,19.2,33.6,0,0.0,0.0,Medium
82.43,23.8,23.68,4.36,70.2,13.3,Peaty,Maize,Maturity,11.9,54.5,0,0.0,0.0,Low
52.63,18.41,63.38,10.45,37.8,2.5,Sandy,Sugarcane,Maturity,15.2,11.7,0,0.0,0.0,Medium
62.58,33.47,65.38,1.83,39.7,18.2,Clay,Rice,Vegetative,21.9,9.7,1,6.3,3.3,Medium
56.51,23.84,32.03,3.38,3.8,24.8,Clay,Wheat,Fruiting,6.4,3.0,0,0.0,0.0,Low
18.69,17.74,62.6,7.16,39.6,11.9,Loamy,Cotton,Fruiting,4.5,31.2,1,22.1,12.5,High
41.79,33.75,83.47,4.59,27.7,37.6,Clay,Sugarcane,Vegetative,26.3,69.9,1,22.7,12.8,High
25.43,29.39,80.19,9.02,2.2,39.3,Sandy,Maize,Vegetative,24.4,20.2,0,0.0,0.0,High
37.13,16.47,65.59,6.98,38.3,8.7,Peaty,Cotton,Fruiting,1.5,59.1,1,7.4,5.6,Medium
77.56,28.51,21.37,0.85,86.6,6.6,Loamy,Sugarcane,Germination,0.4,34.4,0,0.0,0.0,Low
64.12,31.1,47.92,2.95,1.2,5.7,Clay,Maize,Vegetative,7.3,43.1,1,5.0,3.0,Low
67.34,45.11,34.27,0.9,11.4,36.7,Peaty,Tomato,Maturity,24.7,65.0,1,5.0,3.0,Medium
60.27,20.51,29.37,0.39,51.9,9.8,Sandy,Rice,Vegetative,29.7,49.3,1,6.2,3.0,Medium
91.86,15.29,94.39,0.13,96.8,22.0,Silty,Cotton,Germination,3.4,35.3,0,0.0,0.0,Low
88.34,24.91,78.96,1.72,62.8,25.9,Peaty,Wheat,Vegetative,9.7,49.5,0,0.0,0.0,Low
39.13,39.9,40.22,3.95,37.2,20.9,Clay,Sugarcane,Vegetative,5.4,68.9,1,27.2,16.6,High
83.09,34.91,49.6,0.43,15.9,38.0,Silty,Sugarcane,Fruiting,27.2,71.4,0,0.0,0.0,Medium
22.64,25.51,38.23,3.2,19.9,12.6,Peaty,Groundnut,Flowering,2.1,59.6,1,19.2,11.3,Medium
60.5,32.78,78.8,3.98,61.0,19.5,Sandy,Tomato,Maturity,7.8,30.2,0,0.0,0.0,Low
69.4,32.83,90.64,0.57,47.2,3.7,Peaty,Sugarcane,Flowering,16.5,29.3,0,0.0,0.0,Low
58.09,29.48,28.94,2.66,31.6,25.1,Sandy,Cotton,Maturity,18.3,21.3,0,0.0,0.0,Low
21.47,27.6,65.29,2.67,6.7,33.3,Loamy,Groundnut,Vegetative,21.7,55.6,1,13.2,8.5,Medium
76.02,24.01,40.12,1.21,55.7,28.3,Peaty,Rice,Germination,24.2,63.8,0,0.0,0.0,Low
31.46,15.08,88.06,0.07,20.9,16.7,Sandy,Groundnut,Maturity,27.4,2.9,1,5.0,5.0,Medium
61.91,24.59,78.65,4.36,69.2,38.6,Peaty,Groundnut,Maturity,3.9,48.4,0,0.0,0.0,Low
45.67,21.34,43.76,3.03,39.8,0.3,Clay,Wheat,Vegetative,27.6,58.5,0,0.0,0.0,Low
58.19,35.48,68.51,0.08,78.8,36.1,Clay,Cotton,Germination,24.4,5.9,0,0.0,0.0,Medium
58.28,37.63,31.02,3.52,94.5,27.3,Clay,Groundnut,Vegetative,15.0,46.5,0,0.0,0.0,Medium
28.76,20.37,21.02,1.77,8.4,27.3,Silty,Wheat,Flowering,28.3,62.7,1,19.0,10.7,Medium
60.95,44.22,36.27,0.28,19.5,32.8,Peaty,Tomato,Flowering,19.1,28.9,1,6.0,3.0,Medium
63.56,40.22,69.63,3.58,36.3,35.2,Silty,Tomato,Flowering,3.4,29.4,0,0.0,0.0,Medium
64.26,18.58,93.37,2.62,99.5,36.5,Peaty,Tomato,Germination,1.7,18.4,0,0.0,0.0,Low
67.77,27.37,24.31,1.52,47.4,18.1,Peaty,Wheat,Maturity,15.9,33.7,0,0.0,0.0,Low
91.24,30.28,43.39,2.72,99.6,17.4,Loamy,Wheat,Fruiting,10.4,3.9,0,0.0,0.0,Low
88.7,31.32,57.94,0.99,82.2,30.1,Loamy,Rice,Germination,26.3,52.0,0,0.0,0.0,Low
33.74,33.47,74.45,0.35,3.6,39.8,Clay,Tomato,Flowering,1.6,13.7,1,24.3,14.5,Medium
47.79,30.1,83.9,6.03,1.0,31.1,Clay,Maize,Maturity,29.7,34.8,1,5.7,3.0,Medium
30.61,14.4,43.04,0.83,23.4,2.7,Silty,Tomato,Flowering,16.7,21.0,1,23.9,12.5,Medium
21.95,23.96,42.25,1.16,16.4,31.3,Sandy,Wheat,Vegetative,19.0,8.9,1,10.7,6.0,High
63.08,37.67,89.31,7.2,82.0,35.5,Loamy,Maize,Fruiting,8.5,20.8,0,0.0,0.0,Medium
84.26,19.8,43.02,2.1,79.6,29.6,Clay,Sugarcane,Vegetative,4.7,39.4,0,0.0,0.0,Low
80.25,44.8,75.18,3.61,85.3,4.6,Peaty,Wheat,Fruiting,15.1,59.7,0,0.0,0.0,Medium
76.96,38.24,67.24,3.01,45.0,21.2,Peaty,Sugarcane,Vegetative,24.8,50.2,0,0.0,0.0,Medium
73.56,32.04,38.22,1.67,96.8,26.3,Loamy,Wheat,Fruiting,28.0,42.2,0,0.0,0.0,Low
79.01,38.98,32.81,0.35,88.4,13.7,Sandy,Cotton,Flowering,0.8,49.7,0,0.0,0.0,Medium
56.69,31.93,36.34,2.36,23.2,34.0,Sandy,Sugarcane,Maturity,7.4,58.5,1,5.0,3.0,Medium
25.16,31.36,86.64,2.42,53.5,7.8,Clay,Wheat,Maturity,27.5,23.6,1,16.4,9.2,High
75.25,24.75,57.65,0.73,87.3,3.5,Silty,Tomato,Germination,20.7,18.8,0,0.0,0.0,Low
73.04,42.5,62.89,4.31,81.2,13.7,Loamy,Tomato,Germination,25.5,26.2,0,0.0,0.0,Medium
69.25,15.5,24.56,1.47,58.3,18.6,Sandy,Sugarcane,Germination,14.4,47.6,0,0.0,0.0,Low
68.74,15.97,49.3,0.34,53.1,15.8,Sandy,Sugarcane,Vegetative,24.2,21.6,0,0.0,0.0,Low
78.67,21.32,19.71,0.12,97.7,9.7,Loamy,Cotton,Maturity,25.2,39.6,0,0.0,0.0,Low
75.07,40.99,50.86,1.11,93.7,20.6,Silty,Tomato,Vegetative,5.4,7.8,0,0.0,0.0,Medium
87.82,40.59,25.4,1.32,68.0,11.0,Silty,Tomato,Flowering,22.2,56.8,0,0.0,0.0,Medium
62.43,36.17,89.71,4.03,30.6,10.6,Sandy,Maize,Flowering,5.8,6.7,0,0.0,0.0,Medium
68.1,32.08,65.77,0.55,38.0,24.7,Clay,Groundnut,Germination,21.8,66.4,0,0.0,0.0,Low
50.31,33.56,64.2,2.02,52.9,13.4,Clay,Maize,Flowering,5.9,58.0,1,9.4,4.9,Medium
65.61,24.8,76.14,0.11,47.5,13.5,Silty,Groundnut,Germination,0.4,39.8,0,0.0,0.0,Low
68.2,23.28,54.4,1.94,78.3,30.0,Peaty,Wheat,Maturity,25.4,8.2,0,0.0,0.0,Low
93.57,27.54,51.15,1.45,71.9,21.9,Clay,Rice,Vegetative,7.5,7.2,0,0.0,0.0,Low
26.4,31.7,44.36,1.14,10.7,14.7,Loamy,Tomato,Maturity,23.0,69.6,1,18.5,11.9,High
19.12,17.95,51.23,0.36,17.2,21.9,Clay,Groundnut,Germination,1.9,22.9,1,9.2,5.6,High
71.69,44.05,48.75,2.77,8.0,27.3,Clay,Wheat,Fruiting,17.3,9.1,0,0.0,0.0,Medium
81.67,36.26,40.56,1.14,84.5,19.1,Clay,Maize,Vegetative,12.1,21.5,0,0.0,0.0,Medium
42.93,22.22,66.06,0.12,32.6,18.7,Sandy,Sugarcane,Fruiting,29.5,15.1,1,10.9,6.2,High
74.93,26.28,41.19,0.11,50.5,16.1,Silty,Rice,Fruiting,18.6,8.7,0,0.0,0.0,Low
94.44,27.37,66.77,0.73,62.7,36.9,Clay,Wheat,Vegetative,1.0,17.0,0,0.0,0.0,Low
69.9,17.03,45.7,1.56,23.9,25.2,Silty,Sugarcane,Vegetative,25.5,53.3,0,0.0,0.0,Low
29.72,29.92,30.32,0.83,29.2,37.0,Sandy,Wheat,Fruiting,8.7,26.6,1,6.8,4.4,Medium
36.06,35.87,69.76,0.12,36.8,39.2,Loamy,Groundnut,Germination,15.1,65.5,1,5.0,3.6,Medium
50.4,37.83,71.41,5.98,99.7,17.1,Silty,Cotton,Fruiting,0.9,52.3,0,0.0,0.0,Medium
63.39,40.53,68.59,2.86,17.6,20.5,Sandy,Maize,Vegetative,29.2,14.5,0,0.0,0.0,Medium
52.39,24.99,23.88,1.79,25.5,14.1,Loamy,Groundnut,Vegetative,15.6,9.0,0,0.0,0.0,Low
83.13,18.99,55.55,2.79,42.8,1.1,Peaty,Rice,Vegetative,0.3,54.9,0,0.0,0.0,Low
93.67,22.34,58.07,7.19,78.5,19.5,Silty,Rice,Vegetative,1.7,67.0,0,0.0,0.0,Low
25.21,22.86,50.41,20.16,5.5,23.1,Loamy,Maize,Germination,4.6,31.6,0,0.0,0.0,High
31.81,41.46,55.43,3.74,39.3,10.3,Silty,Cotton,Maturity,23.8,45.0,1,9.0,5.8,High
57.9,36.58,94.92,1.02,53.8,21.3,Silty,Sugarcane,Flowering,5.1,70.4,1,7.1,4.3,Medium
55.64,17.09,69.8,0.43,85.2,32.7,Peaty,Tomato,Vegetative,26.9,2.1,0,0.0,0.0,Low
40.77,21.79,57.29,0.91,0.9,25.9,Sandy,Cotton,Maturity,13.4,69.6,1,5.0,4.1,Medium
93.72,17.69,54.31,1.51,86.7,9.8,Loamy,Cotton,Fruiting,28.7,17.8,0,0.0,0.0,Low
59.55,20.22,40.81,0.38,23.0,4.3,Loamy,Cotton,Flowering,4.2,53.8,0,0.0,0.0,Low
50.18,44.68,38.37,3.43,71.6,24.3,Loamy,Wheat,Fruiting,20.3,4.6,0,0.0,0.0,Medium
70.76,28.49,36.38,0.43,95.3,2.9,Loamy,Sugarcane,Maturity,10.4,44.7,0,0.0,0.0,Low
33.36,21.27,50.86,3.65,21.7,14.7,Sandy,Groundnut,Fruiting,29.3,68.7,1,5.5,4.0,Medium
20.97,26.07,71.25,1.13,6.1,28.1,Silty,Maize,Maturity,12.3,23.7,1,18.8,12.3,High
54.2,44.0,87.83,5.73,5.3,4.2,Silty,Tomato,Vegetative,15.9,33.0,1,5.0,3.0,High
25.07,30.68,24.2,0.8,49.2,12.4,Loamy,Wheat,Fruiting,15.1,23.2,1,18.0,10.6,Medium
47.17,18.49,67.42,5.39,57.7,25.9,Loamy,Tomato,Fruiting,15.9,2.5,0,0.0,0.0,Medium
67.35,35.84,79.24,0.54,10.4,5.8,Loamy,Wheat,Flowering,15.8,33.6,0,0.0,0.0,Medium
28.4,34.03,25.81,0.36,4.9,10.3,Peaty,Maize,Fruiting,7.8,27.7,1,21.6,13.5,High
22.01,24.97,95.0,0.92,27.9,37.2,Peaty,Maize,Vegetative,20.9,52.2,1,20.8,13.0,High
51.56,41.61,53.04,0.12,36.2,33.1,Silty,Groundnut,Germination,13.8,4.0,0,0.0,0.0,Medium
51.26,16.71,92.38,1.34,47.8,14.2,Silty,Cotton,Maturity,19.9,51.5,0,0.0,0.0,Low
81.21,15.37,30.11,3.77,97.3,39.3,Clay,Sugarcane,Germination,26.1,53.1,0,0.0,0.0,Low
46.9,34.26,22.28,3.83,51.4,24.2,Peaty,Groundnut,Flowering,15.8,41.9,0,0.0,0.0,Medium
63.87,20.83,50.44,8.86,39.7,5.0,Silty,Sugarcane,Fruiting,3.3,14.6,0,0.0,0.0,Medium
81.51,41.15,71.79,1.0,69.4,12.2,Peaty,Groundnut,Maturity,18.6,5.6,0,0.0,0.0,Medium
81.68,24.65,78.6,0.22,66.0,32.4,Clay,Maize,Maturity,14.9,68.4,0,0.0,0.0,Low
92.7,42.27,35.65,0.47,75.9,20.0,Silty,Sugarcane,Maturity,4.4,46.5,0,0.0,0.0,Medium
69.23,39.89,56.9,7.28,92.8,6.6,Loamy,Rice,Flowering,29.5,65.2,0,0.0,0.0,Medium
68.78,33.25,37.24,2.37,68.4,7.6,Loamy,Groundnut,Germination,14.1,5.1,0,0.0,0.0,Medium
60.09,30.25,27.88,1.65,45.2,29.3,Sandy,Groundnut,Vegetative,16.3,6.2,0,0.0,0.0,Low
68.01,35.81,67.75,0.93,3.9,18.2,Peaty,Wheat,Fruiting,17.1,59.9,0,0.0,0.0,Medium
70.67,21.77,29.95,6.54,27.5,8.9,Sandy,Tomato,Flowering,24.5,32.3,0,0.0,0.0,Low
88.4,43.08,90.96,0.82,62.4,19.0,Loamy,Wheat,Vegetative,8.1,0.3,0,0.0,0.0,Medium
86.86,35.46,43.33,1.84,9.6,35.9,Loamy,Sugarcane,Maturity,29.4,62.5,0,0.0,0.0,Medium
53.64,37.91,67.57,13.39,34.4,2.5,Peaty,Cotton,Fruiting,15.7,15.4,0,0.0,0.0,Medium
60.71,26.71,51.86,2.17,70.9,36.2,Sandy,Maize,Vegetative,1.6,1.3,0,0.0,0.0,Low
53.59,28.42,73.15,3.95,17.4,14.4,Peaty,Wheat,Maturity,2.1,26.0,0,0.0,0.0,Low
57.29,25.37,48.6,6.65,81.4,28.6,Sandy,Wheat,Maturity,27.3,11.1,0,0.0,0.0,Low
82.27,36.91,44.21,2.12,16.3,38.4,Loamy,Sugarcane,Flowering,25.9,29.3,0,0.0,0.0,Medium
47.98,28.11,59.14,0.67,75.1,29.9,Clay,Groundnut,Vegetative,26.3,19.4,0,0.0,0.0,Low
66.87,39.46,51.83,0.9,86.7,26.8,Silty,Wheat,Maturity,14.6,14.7,0,0.0,0.0,Medium
39.68,28.31,29.45,1.03,86.9,36.2,Sandy,Groundnut,Vegetative,17.8,51.8,0,0.0,0.0,Low
69.03,34.16,60.64,0.42,37.6,4.0,Loamy,Sugarcane,Fruiting,13.4,56.0,1,5.5,3.0,Medium
80.48,18.75,48.66,0.09,85.5,14.4,Loamy,Tomato,Vegetative,21.4,30.9,0,0.0,0.0,Low
56.19,30.76,94.56,4.84,84.6,25.4,Peaty,Maize,Flowering,6.2,66.6,0,0.0,0.0,Low
57.31,35.58,82.2,0.48,16.0,31.6,Loamy,Tomato,Vegetative,1.3,44.8,1,5.0,3.0,Medium
79.69,16.83,70.97,3.51,34.1,8.6,Silty,Sugarcane,Fruiting,6.5,39.0,0,0.0,0.0,Low
11.0,44.65,60.5,2.1,25.8,28.1,Sandy,Groundnut,Maturity,1.5,43.2,1,10.3,6.0,High
92.32,37.96,56.68,0.49,64.8,6.9,Loamy,Rice,Germination,18.4,11.3,0,0.0,0.0,Medium
84.91,16.1,28.52,2.92,93.4,8.3,Loamy,Maize,Maturity,26.0,37.5,0,0.0,0.0,Low
83.93,19.1,73.52,0.32,62.3,14.2,Sandy,Wheat,Fruiting,7.0,46.0,0,0.0,0.0,Low
57.7,41.01,64.53,0.41,42.8,6.4,Sandy,Wheat,Vegetative,22.8,7.6,0,0.0,0.0,Medium
86.94,26.8,82.57,2.04,47.2,19.6,Loamy,Rice,Maturity,25.0,29.1,0,0.0,0.0,Low
82.86,41.95,65.16,2.25,55.7,39.1,Clay,Rice,Flowering,3.2,56.0,1,6.0,3.0,Medium
59.97,28.65,91.46,1.42,25.8,9.7,Silty,Sugarcane,Flowering,22.8,14.8,1,6.7,5.4,Medium
89.14,32.23,53.9,5.12,68.3,7.3,Peaty,Sugarcane,Vegetative,12.9,13.6,0,0.0,0.0,Low
54.59,26.17,89.32,2.36,27.0,28.1,Peaty,Wheat,Flowering,29.7,19.1,0,0.0,0.0,Low
59.75,26.43,82.48,6.01,60.3,29.1,Silty,Maize,Flowering,17.6,48.0,0,0.0,0.0,Low
68.37,35.88,28.51,5.68,53.3,18.9,Silty,Cotton,Fruiting,22.2,8.5,0,0.0,0.0,Medium
63.07,44.9,33.08,3.35,17.3,29.0,Loamy,Sugarcane,Flowering,20.4,14.6,1,6.0,5.7,High
90.56,16.3,30.78,0.16,62.6,2.2,Clay,Rice,Flowering,15.4,37.9,0,0.0,0.0,Low
34.49,36.98,58.51,2.07,11.0,15.6,Loamy,Maize,Vegetative,0.5,25.9,1,14.4,8.3,Medium
38.67,24.99,50.36,0.16,49.7,4.9,Silty,Wheat,Flowering,10.5,55.6,0,0.0,0.0,Medium
42.5,38.24,45.27,1.56,80.9,15.2,Loamy,Groundnut,Germination,5.3,68.8,0,0.0,0.0,Medium
90.55,20.26,47.95,5.56,64.4,26.0,Clay,Maize,Fruiting,26.8,66.2,0,0.0,0.0,Low
68.16,33.13,33.58,4.79,72.0,3.4,Sandy,Wheat,Flowering,5.2,24.3,0,0.0,0.0,Medium
74.63,41.7,55.33,2.2,19.1,18.5,Clay,Maize,Germination,1.5,62.2,0,0.0,0.0,Medium
80.57,34.99,53.59,5.42,96.2,31.0,Loamy,Tomato,Germination,18.2,61.2,0,0.0,0.0,Medium
67.87,17.75,60.68,0.27,30.3,29.8,Sandy,Cotton,Maturity,21.5,71.5,0,0.0,0.0,Low
62.69,36.4,21.17,2.99,16.4,22.6,Loamy,Sugarcane,Flowering,0.4,26.1,1,6.0,3.9,Medium
68.31,36.51,63.26,3.13,2.9,24.7,Silty,Rice,Germination,16.4,25.9,1,5.0,3.0,Medium
63.36,27.02,40.29,1.64,9.4,5.0,Sandy,Rice,Flowering,22.9,64.8,1,6.0,3.9,Medium
19.16,36.11,40.08,21.95,17.5,0.4,Peaty,Groundnut,Flowering,23.3,32.2,0,0.0,0.0,High
42.57,35.5,25.12,1.88,24.0,18.8,Peaty,Wheat,Maturity,17.5,25.7,1,5.0,3.0,Medium
82.92,16.11,74.79,5.27,96.8,35.6,Clay,Sugarcane,Germination,15.9,2.0,0,0.0,0.0,Low
84.59,23.04,82.9,1.67,64.9,29.1,Clay,Sugarcane,Maturity,4.2,31.9,0,0.0,0.0,Low
55.89,38.65,64.06,9.67,66.0,20.9,Sandy,Maize,Flowering,12.4,21.5,0,0.0,0.0,Medium
84.67,18.51,42.88,6.51,77.5,29.4,Silty,Cotton,Germination,8.1,63.9,0,0.0,0.0,Low
75.7,22.75,64.38,3.83,94.1,35.3,Loamy,Maize,Germination,23.2,40.5,0,0.0,0.0,Low
72.24,34.55,34.55,0.47,99.9,24.9,Peaty,Tomato,Flowering,8.6,43.5,0,0.0,0.0,Medium
65.8,16.0,46.08,0.92,68.6,38.0,Clay,Maize,Flowering,24.3,4.0,0,0.0,0.0,Low
81.81,36.87,36.87,1.79,79.6,21.9,Sandy,Tomato,Fruiting,22.6,44.8,0,0.0,0.0,Medium
30.21,43.79,27.38,0.94,49.2,33.5,Clay,Maize,Flowering,8.3,4.7,1,34.8,19.9,High
15.35,38.54,35.11,0.25,47.4,0.4,Sandy,Cotton,Vegetative,24.2,55.5,1,12.3,7.5,High
94.51,21.56,60.73,4.01,62.7,18.9,Peaty,Sugarcane,Vegetative,20.3,65.4,0,0.0,0.0,Low
25.28,31.48,87.19,7.82,0.9,3.0,Peaty,Groundnut,Maturity,20.1,64.0,1,10.7,5.6,Medium
26.8,22.29,76.25,4.16,31.7,19.3,Sandy,Groundnut,Flowering,7.8,1.9,1,7.1,4.7,Medium
70.69,32.38,31.22,1.32,69.7,22.4,Sandy,Maize,Vegetative,12.6,40.5,0,0.0,0.0,Low
73.13,43.19,76.19,0.27,66.9,16.4,Sandy,Tomato,Flowering,1.5,13.8,0,0.0,0.0,Medium
54.38,37.49,40.48,0.37,25.2,36.8,Clay,Tomato,Germination,16.0,42.9,1,5.0,3.0,Medium
22.15,37.8,37.31,0.11,10.2,29.1,Clay,Cotton,Flowering,11.1,36.1,1,26.1,15.1,Medium
40.57,44.38,42.29,0.22,34.6,29.7,Sandy,Wheat,Fruiting,24.5,39.6,1,5.5,3.0,High
63.33,29.55,86.84,0.93,41.1,35.9,Clay,Groundnut,Flowering,20.6,61.8,0,0.0,0.0,Low
37.11,22.29,44.59,0.44,29.6,22.9,Loamy,Cotton,Flowering,10.4,53.7,1,8.8,5.7,Medium
52.05,18.51,83.77,3.01,25.3,22.2,Clay,Maize,Fruiting,19.7,16.8,1,5.5,3.0,Medium
49.48,38.88,79.9,1.61,28.4,11.4,Clay,Tomato,Fruiting,21.6,25.8,1,5.5,4.8,High
89.7,41.65,27.22,0.79,70.9,32.9,Silty,Tomato,Fruiting,12.5,6.4,0,0.0,0.0,Medium
40.15,17.68,81.58,1.67,59.6,3.6,Sandy,Maize,Flowering,2.7,69.2,0,0.0,0.0,Medium
57.17,20.5,86.81,1.75,14.3,30.6,Peaty,Cotton,Germination,19.2,61.4,0,0.0,0.0,Low
39.93,27.15,42.01,2.45,30.4,3.5,Silty,Rice,Flowering,13.5,60.3,1,29.2,16.5,High
57.83,22.27,85.65,1.19,11.3,34.8,Loamy,Maize,Fruiting,4.9,30.9,0,0.0,0.0,Low
63.96,16.75,47.26,1.97,50.3,12.6,Loamy,Maize,Vegetative,26.2,67.6,0,0.0,0.0,Low
45.92,18.37,70.53,0.9,25.5,39.9,Silty,Sugarcane,Germination,4.4,7.1,1,10.6,8.2,Medium
40.52,27.64,44.95,1.14,77.4,2.1,Sandy,Groundnut,Germination,23.9,34.4,0,0.0,0.0,Low
22.99,38.25,75.98,0.8,6.0,20.7,Loamy,Wheat,Flowering,28.9,20.9,1,26.1,15.3,High
61.01,25.35,66.08,0.52,96.8,36.6,Loamy,Maize,Flowering,3.6,6.1,0,0.0,0.0,Low
90.56,38.46,21.05,1.19,62.8,11.0,Sandy,Wheat,Flowering,19.0,5.2,0,0.0,0.0,Medium
46.53,20.3,63.65,9.51,50.3,3.3,Peaty,Groundnut,Germination,10.2,61.6,0,0.0,0.0,Low
91.5,15.93,25.52,2.3,85.4,0.2,Peaty,Cotton,Germination,3.2,60.6,0,0.0,0.0,Low
69.75,42.71,48.82,2.03,89.6,32.3,Clay,Rice,Maturity,9.6,30.4,0,0.0,0.0,Medium
57.16,23.63,79.76,1.42,90.3,2.8,Silty,Tomato,Germination,27.8,46.7,0,0.0,0.0,Low
44.81,33.13,51.38,8.17,4.8,8.4,Clay,Cotton,Fruiting,18.5,2.8,0,0.0,0.0,Medium
67.01,30.59,31.09,0.16,44.6,2.0,Loamy,Sugarcane,Maturity,11.5,54.5,0,0.0,0.0,Low
89.03,17.15,41.23,6.42,14.7,28.4,Peaty,Sugarcane,Fruiting,23.7,17.5,0,0.0,0.0,Low
74.06,30.83,51.02,9.22,64.2,11.9,Clay,Rice,Germination,25.3,26.1,0,0.0,0.0,Low
46.7,31.65,52.18,4.14,82.8,30.8,Loamy,Cotton,Germination,5.8,38.6,0,0.0,0.0,Low
57.58,38.74,46.97,3.55,16.0,35.9,Peaty,Sugarcane,Fruiting,13.7,50.8,1,5.5,3.0,High
34.81,26.72,45.52,5.42,10.1,27.0,Clay,Maize,Germination,0.5,12.0,1,14.4,9.4,Medium
61.64,33.62,57.84,0.12,98.4,15.3,Sandy,Tomato,Maturity,20.0,20.5,0,0.0,0.0,Medium
75.06,42.71,94.56,0.5,86.3,10.6,Clay,Cotton,Fruiting,15.2,1.3,0,0.0,0.0,Medium
47.47,23.98,55.07,0.96,46.4,35.5,Peaty,Tomato,Maturity,16.7,29.1,0,0.0,0.0,Medium
20.3,18.94,66.02,0.1,49.8,6.2,Silty,Groundnut,Maturity,11.0,31.1,1,10.8,6.7,Medium
41.91,15.18,40.13,1.57,46.0,11.9,Loamy,Rice,Germination,17.7,37.7,1,14.8,8.9,High
10.79,32.68,83.48,0.13,23.7,35.6,Silty,Groundnut,Vegetative,6.0,69.0,1,20.7,13.1,High
11.43,35.77,32.58,4.65,31.1,13.1,Clay,Groundnut,Vegetative,21.0,8.2,1,26.4,15.8,High
71.69,29.71,34.2,4.19,91.2,22.2,Sandy,Wheat,Germination,22.9,0.4,0,0.0,0.0,Low
53.83,33.88,87.46,2.11,7.7,12.2,Sandy,Wheat,Flowering,7.2,20.2,0,0.0,0.0,Medium
72.73,23.47,75.52,0.22,86.5,20.0,Clay,Tomato,Fruiting,18.3,44.9,0,0.0,0.0,Low
66.09,26.2,75.51,0.31,47.6,39.7,Silty,Tomato,Flowering,6.3,36.1,0,0.0,0.0,Low
35.36,29.6,55.42,1.91,17.6,5.8,Clay,Maize,Maturity,27.4,8.1,1,15.5,10.1,Medium
20.77,25.69,30.08,2.19,11.3,37.4,Loamy,Groundnut,Flowering,7.6,29.3,1,16.5,11.2,Medium
78.48,18.44,27.11,0.32,1.1,21.9,Sandy,Maize,Fruiting,13.2,38.9,0,0.0,0.0,Low
61.6,38.21,41.62,6.56,36.8,5.7,Sandy,Tomato,Maturity,4.9,54.3,1,5.0,3.1,Medium
84.35,19.91,43.33,1.74,83.3,37.2,Clay,Sugarcane,Vegetative,11.8,18.3,0,0.0,0.0,Low
48.04,26.47,56.72,1.32,32.1,38.6,Peaty,Groundnut,Flowering,0.7,31.0,0,0.0,0.0,Low
41.68,44.94,69.52,0.16,10.5,35.2,Peaty,Cotton,Germination,24.7,61.7,1,5.0,3.7,High
66.24,19.6,56.99,1.36,63.9,5.2,Loamy,Wheat,Flowering,8.2,63.9,0,0.0,0.0,Low
49.93,19.32,52.96,4.42,26.4,0.2,Sandy,Cotton,Vegetative,29.2,43.7,0,0.0,0.0,Low
45.54,36.34,24.46,0.65,21.5,29.5,Sandy,Sugarcane,Fruiting,17.2,15.5,1,11.4,4.7,Medium
37.21,27.02,72.04,2.02,51.3,10.7,Clay,Groundnut,Fruiting,14.1,50.9,0,0.0,0.0,Medium
61.97,37.79,94.47,8.74,19.7,35.0,Loamy,Maize,Germination,13.6,38.9,0,0.0,0.0,Medium
73.58,40.52,57.94,0.34,69.4,20.8,Peaty,Sugarcane,Maturity,12.7,21.5,0,0.0,0.0,Medium
29.16,27.75,32.27,13.05,56.1,27.5,Sandy,Groundnut,Flowering,2.8,70.3,0,0.0,0.0,Medium
28.29,37.95,79.9,0.41,1.8,27.6,Peaty,Groundnut,Fruiting,18.8,10.8,1,10.5,3.0,Medium
87.49,28.1,46.24,2.18,30.5,27.5,Sandy,Rice,Vegetative,9.0,13.9,0,0.0,0.0,Low
28.29,26.53,50.85,1.9,36.8,4.0,Peaty,Groundnut,Fruiting,19.9,47.9,1,8.3,3.2,Medium
88.95,42.46,77.98,1.8,75.4,38.2,Silty,Rice,Maturity,25.3,54.8,0,0.0,0.0,Medium
73.36,27.61,40.45,2.78,87.1,40.0,Peaty,Groundnut,Vegetative,12.1,16.2,0,0.0,0.0,Low
89.42,25.76,82.9,3.16,61.4,13.4,Silty,Sugarcane,Germination,1.2,62.7,0,0.0,0.0,Low
63.79,19.1,61.03,0.02,9.5,2.2,Silty,Maize,Vegetative,2.4,51.6,0,0.0,0.0,Low
62.67,21.65,64.93,2.1,86.7,38.1,Silty,Groundnut,Vegetative,15.2,69.9,0,0.0,0.0,Low
95.36,27.57,44.04,2.8,93.0,33.5,Loamy,Wheat,Germination,0.7,8.1,0,0.0,0.0,Low
84.07,24.67,74.66,3.22,95.9,37.2,Sandy,Wheat,Flowering,21.7,19.7,0,0.0,0.0,Low
21.53,40.51,30.36,1.83,49.2,1.5,Peaty,Groundnut,Flowering,24.8,59.8,1,17.4,10.1,High
57.64,18.28,62.21,2.08,85.6,21.2,Silty,Cotton,Flowering,20.3,39.1,0,0.0,0.0,Low
67.0,17.76,74.27,2.08,89.4,36.8,Clay,Sugarcane,Maturity,24.6,2.7,0,0.0,0.0,Low
86.28,42.26,56.5,2.99,73.4,14.8,Silty,Sugarcane,Flowering,20.3,50.8,0,0.0,0.0,Medium
74.2,33.07,52.88,8.65,4.8,34.0,Peaty,Wheat,Flowering,26.6,58.4,0,0.0,0.0,Medium
80.53,32.12,87.53,1.16,67.0,7.5,Loamy,Tomato,Vegetative,10.1,15.2,0,0.0,0.0,Low
87.57,33.82,23.29,7.82,96.2,7.6,Clay,Rice,Fruiting,2.8,52.5,0,0.0,0.0,Medium
54.86,37.35,56.72,2.77,32.6,39.3,Loamy,Wheat,Maturity,1.3,23.5,0,0.0,0.0,Medium
70.86,44.32,23.21,1.32,21.3,30.2,Loamy,Sugarcane,Germination,3.6,34.8,1,5.0,3.7,Medium
67.92,19.92,84.0,3.89,84.2,12.0,Peaty,Maize,Maturity,20.1,2.3,0,0.0,0.0,Low
92.5,20.2,44.32,10.98,98.6,20.5,Peaty,Maize,Maturity,15.7,21.0,0,0.0,0.0,Low
70.71,30.04,40.91,0.56,62.1,28.8,Clay,Groundnut,Maturity,22.2,10.2,0,0.0,0.0,Low
82.07,27.53,72.33,1.26,27.7,39.9,Sandy,Rice,Flowering,19.3,25.6,0,0.0,0.0,Low
28.35,23.43,63.16,0.17,14.5,27.8,Peaty,Maize,Fruiting,19.2,3.9,1,21.3,11.6,High
63.04,43.12,60.23,2.25,14.1,0.0,Clay,Wheat,Germination,2.6,45.6,1,5.0,3.2,Medium
79.94,20.38,75.2,1.08,66.2,6.3,Sandy,Wheat,Vegetative,3.8,30.6,0,0.0,0.0,Low
87.23,33.12,62.18,0.04,8.1,23.1,Sandy,Sugarcane,Maturity,26.0,70.7,0,0.0,0.0,Medium
81.73,23.53,89.72,0.78,75.0,25.2,Peaty,Groundnut,Germination,13.1,67.2,0,0.0,0.0,Low
67.06,40.46,57.74,3.41,39.2,10.5,Silty,Cotton,Flowering,18.1,67.2,0,0.0,0.0,Medium
61.7,44.54,43.18,0.37,10.7,28.8,Sandy,Groundnut,Maturity,7.7,1.5,0,0.0,0.0,Medium
33.44,22.56,90.46,7.09,56.7,14.2,Peaty,Groundnut,Flowering,12.4,52.4,0,0.0,0.0,Medium
77.02,26.72,29.17,5.04,3.6,21.1,Silty,Rice,Germination,6.2,65.2,1,5.0,3.0,Low
60.23,29.14,81.54,2.86,83.2,19.8,Clay,Maize,Flowering,0.4,21.8,0,0.0,0.0,Low
48.54,34.76,85.5,1.58,29.0,0.6,Loamy,Wheat,Maturity,12.1,27.0,0,0.0,0.0,Medium
71.98,40.21,22.37,8.45,89.2,21.4,Sandy,Cotton,Vegetative,19.6,27.9,0,0.0,0.0,Medium
62.69,18.5,81.68,0.71,39.4,12.7,Silty,Rice,Flowering,4.5,36.3,1,6.9,3.9,Medium
68.33,22.62,86.28,2.58,22.1,10.8,Sandy,Maize,Fruiting,1.3,71.4,0,0.0,0.0,Low
72.67,28.1,70.95,2.82,76.9,17.9,Clay,Tomato,Flowering,19.3,7.8,0,0.0,0.0,Low
67.36,24.38,68.49,0.34,62.9,3.8,Silty,Sugarcane,Flowering,21.8,23.3,0,0.0,0.0,Low
77.39,26.26,30.63,2.94,72.9,37.3,Sandy,Rice,Germination,28.5,4.6,0,0.0,0.0,Low
79.24,45.04,38.21,4.32,58.6,10.4,Loamy,Tomato,Fruiting,26.9,9.3,0,0.0,0.0,Medium
37.02,16.02,87.64,1.3,41.1,0.7,Clay,Maize,Flowering,24.1,44.3,1,23.1,13.5,Medium
78.65,24.15,70.0,0.44,68.7,36.5,Peaty,Maize,Flowering,16.8,69.2,0,0.0,0.0,Low
84.64,25.41,94.12,0.32,40.5,2.5,Loamy,Rice,Vegetative,2.8,48.5,0,0.0,0.0,Low
65.3,21.77,70.07,4.44,47.3,24.7,Peaty,Rice,Fruiting,26.8,35.8,0,0.0,0.0,Medium
56.06,15.56,77.94,5.17,5.9,24.4,Loamy,Sugarcane,Maturity,23.8,63.0,1,5.0,3.4,Medium
68.1,29.23,90.83,6.56,10.2,29.8,Silty,Tomato,Germination,8.1,34.0,0,0.0,0.0,Low
86.98,38.4,46.8,0.61,64.3,13.1,Silty,Groundnut,Maturity,3.7,31.2,0,0.0,0.0,Medium
79.57,21.62,81.64,0.7,24.1,5.2,Loamy,Rice,Flowering,2.1,23.8,0,0.0,0.0,Low
55.51,24.36,31.19,0.72,10.6,27.3,Peaty,Wheat,Germination,28.5,52.5,0,0.0,0.0,Low
67.38,31.35,87.89,0.26,19.1,17.6,Peaty,Sugarcane,Vegetative,24.5,71.2,1,5.0,3.0,Low
35.46,35.53,29.35,4.63,1.8,19.3,Loamy,Wheat,Maturity,22.2,22.5,1,5.0,3.3,Medium
94.05,42.82,85.07,0.8,77.8,24.3,Peaty,Sugarcane,Flowering,11.2,49.1,0,0.0,0.0,Medium
60.45,36.17,67.54,1.4,95.1,0.9,Loamy,Wheat,Maturity,27.6,23.1,0,0.0,0.0,Medium
70.98,42.99,78.47,0.6,71.2,15.4,Silty,Maize,Flowering,23.5,69.3,0,0.0,0.0,Medium
49.42,44.4,65.87,3.16,19.9,9.6,Clay,Groundnut,Flowering,27.3,70.7,1,6.0,3.2,Medium
62.32,42.73,59.32,1.36,87.3,15.8,Sandy,Cotton,Germination,6.2,27.2,0,0.0,0.0,Medium
92.03,42.69,29.01,1.56,77.1,17.4,Clay,Tomato,Flowering,14.0,63.0,0,0.0,0.0,Medium
57.65,44.38,74.28,7.92,80.4,6.5,Clay,Wheat,Vegetative,10.3,12.1,0,0.0,0.0,Medium
15.47,24.62,29.18,1.75,25.3,36.4,Peaty,Cotton,Germination,1.5,0.4,1,14.3,9.8,High
94.35,21.41,64.95,7.33,79.8,36.9,Peaty,Groundnut,Flowering,0.3,44.8,0,0.0,0.0,Low
61.65,42.04,23.28,1.16,59.7,24.2,Clay,Sugarcane,Vegetative,24.5,4.5,0,0.0,0.0,High
22.15,30.7,75.5,2.14,42.2,15.9,Loamy,Maize,Maturity,10.1,70.3,1,18.2,11.7,High
70.47,43.88,72.4,0.22,18.9,30.9,Silty,Maize,Maturity,18.5,46.4,0,0.0,0.0,Medium
83.4,32.78,77.05,14.95,75.8,31.7,Peaty,Sugarcane,Fruiting,29.6,46.1,0,0.0,0.0,Low
88.08,40.18,29.28,7.0,86.4,18.6,Peaty,Rice,Maturity,18.6,57.8,0,0.0,0.0,Medium
11.58,25.44,65.92,2.57,16.4,5.0,Silty,Groundnut,Flowering,0.4,63.3,1,31.2,18.6,High
64.59,30.83,24.65,0.52,81.3,5.3,Clay,Tomato,Germination,13.6,37.2,0,0.0,0.0,Low
63.52,20.21,52.13,1.52,74.4,23.2,Sandy,Cotton,Flowering,5.1,16.3,0,0.0,0.0,Low
25.44,22.94,57.34,11.13,33.3,23.8,Silty,Tomato,Germination,18.2,6.5,0,0.0,0.0,High
79.96,40.81,91.95,2.07,93.2,23.3,Clay,Sugarcane,Maturity,13.6,15.1,0,0.0,0.0,Medium
18.61,18.78,23.4,4.48,57.1,30.4,Clay,Groundnut,Flowering,17.2,18.3,1,26.1,15.3,High
10.9,16.72,84.19,9.77,24.7,18.0,Clay,Groundnut,Maturity,19.2,29.8,0,0.0,0.0,High
60.5,31.57,85.17,0.37,78.6,26.9,Silty,Maize,Germination,20.8,31.8,0,0.0,0.0,Low
80.7,41.53,40.33,4.88,99.6,10.1,Peaty,Rice,Maturity,15.6,21.2,0,0.0,0.0,Medium
45.12,38.57,31.41,1.49,49.0,4.4,Loamy,Maize,Germination,9.5,2.6,0,0.0,0.0,High
77.27,17.91,80.29,6.87,94.1,34.7,Loamy,Rice,Fruiting,10.0,30.7,0,0.0,0.0,Low
70.65,36.66,20.61,2.72,91.6,11.5,Peaty,Sugarcane,Flowering,19.6,51.3,0,0.0,0.0,Medium
29.75,43.02,54.66,5.62,45.2,17.0,Sandy,Maize,Maturity,12.8,38.7,1,8.5,4.7,High
77.47,27.13,63.37,0.5,17.7,11.4,Clay,Maize,Germination,22.0,47.6,0,0.0,0.0,Low
69.31,39.12,82.75,0.37,96.9,38.4,Silty,Tomato,Fruiting,2.0,12.0,0,0.0,0.0,Medium
69.35,19.6,87.11,3.2,88.2,19.4,Peaty,Groundnut,Germination,27.6,64.8,0,0.0,0.0,Low
56.35,23.28,95.04,0.94,32.9,26.4,Silty,Rice,Vegetative,6.5,11.4,1,9.8,5.6,Medium
76.89,15.0,51.12,7.13,74.0,21.7,Clay,Tomato,Fruiting,10.4,37.5,0,0.0,0.0,Low
19.18,41.63,57.69,2.99,8.0,19.5,Loamy,Groundnut,Vegetative,11.1,23.7,1,18.0,9.0,High
37.22,19.91,57.34,5.66,2.0,24.2,Sandy,Maize,Fruiting,25.9,20.4,1,10.1,7.2,Medium
64.98,28.18,65.62,2.78,82.7,17.0,Clay,Tomato,Flowering,8.0,38.6,0,0.0,0.0,Low
39.05,38.18,91.54,2.08,11.2,17.6,Peaty,Cotton,Flowering,26.9,28.4,1,6.0,3.6,High
44.85,21.91,58.05,2.37,3.4,6.8,Clay,Wheat,Fruiting,17.8,10.7,1,5.5,3.1,Medium
35.73,30.09,21.55,4.69,1.2,11.7,Peaty,Sugarcane,Vegetative,11.3,4.5,1,22.3,13.2,High
74.38,23.43,58.8,4.09,50.3,2.7,Sandy,Sugarcane,Germination,24.2,20.8,0,0.0,0.0,Low
63.59,23.99,76.08,0.75,38.9,34.6,Sandy,Maize,Fruiting,12.1,15.5,0,0.0,0.0,Low
57.46,23.1,53.75,1.46,98.2,15.6,Clay,Maize,Vegetative,2.7,42.5,0,0.0,0.0,Low
31.23,19.47,27.05,0.4,10.1,24.4,Silty,Tomato,Germination,7.5,12.5,1,12.1,6.5,Medium
25.68,22.43,38.17,2.68,7.0,1.1,Peaty,Groundnut,Fruiting,16.1,65.3,1,11.3,8.0,Medium
47.1,25.61,80.85,1.15,16.4,17.4,Sandy,Maize,Fruiting,0.5,8.4,1,6.9,4.1,Medium
77.12,24.36,21.32,2.08,48.4,6.3,Loamy,Sugarcane,Fruiting,14.8,24.4,0,0.0,0.0,Low
54.59,15.66,29.67,0.68,40.2,33.8,Peaty,Sugarcane,Germination,19.6,51.1,1,5.9,3.0,Medium
58.7,26.89,60.53,5.53,58.3,2.5,Loamy,Maize,Flowering,0.2,56.2,0,0.0,0.0,Low
83.98,32.03,83.98,0.83,87.6,0.8,Sandy,Maize,Germination,28.0,47.3,0,0.0,0.0,Low
24.03,16.17,72.52,1.97,12.4,8.6,Sandy,Maize,Maturity,17.2,44.8,1,12.3,7.4,High
26.47,42.09,31.09,3.34,0.4,37.0,Peaty,Maize,Vegetative,2.8,24.0,1,14.8,7.6,High
54.78,35.44,73.99,3.59,31.1,4.0,Sandy,Rice,Fruiting,25.0,70.6,1,7.3,4.4,Medium
62.38,19.67,44.83,0.06,36.4,21.3,Silty,Groundnut,Germination,20.6,8.0,0,0.0,0.0,Low
11.71,30.52,81.51,1.76,57.1,21.1,Loamy,Groundnut,Germination,18.5,59.6,1,13.7,7.1,High
38.2,17.78,86.25,1.48,31.3,18.5,Loamy,Wheat,Fruiting,25.9,66.9,1,5.5,4.1,Medium
81.88,32.27,45.46,1.17,64.5,34.1,Peaty,Sugarcane,Vegetative,25.6,19.1,0,0.0,0.0,Low
56.33,31.1,33.57,1.66,54.9,27.1,Sandy,Maize,Maturity,11.8,19.1,0,0.0,0.0,Low
33.47,22.69,77.29,4.46,45.6,24.5,Peaty,Cotton,Fruiting,21.1,60.2,1,10.3,8.2,Medium
72.21,19.52,93.92,0.34,93.2,36.5,Silty,Cotton,Maturity,21.7,31.4,0,0.0,0.0,Low
86.77,20.25,28.08,4.29,92.8,18.3,Sandy,Rice,Fruiting,27.4,6.5,0,0.0,0.0,Low
48.4,40.88,57.07,1.09,51.8,15.3,Clay,Wheat,Flowering,3.4,71.8,1,6.0,3.0,Medium
93.71,30.12,49.32,2.58,70.2,25.4,Peaty,Rice,Fruiting,4.1,30.9,0,0.0,0.0,Low
80.88,44.79,89.7,1.1,11.2,33.6,Silty,Maize,Fruiting,8.8,25.8,0,0.0,0.0,Medium
49.7,39.37,76.13,4.01,17.8,33.0,Clay,Sugarcane,Maturity,27.9,26.3,1,10.2,6.8,High
35.76,21.13,44.96,1.9,33.1,30.2,Silty,Wheat,Germination,4.1,28.7,1,6.0,3.0,Medium
41.1,28.2,88.17,5.05,52.0,30.9,Peaty,Groundnut,Germination,4.7,9.0,0,0.0,0.0,Low
63.7,38.9,37.19,0.13,62.4,22.5,Loamy,Cotton,Maturity,19.3,39.6,0,0.0,0.0,Medium
87.21,44.18,87.24,3.81,58.5,27.6,Sandy,Sugarcane,Maturity,7.5,38.5,0,0.0,0.0,Medium
21.12,38.88,45.65,8.38,53.4,23.8,Loamy,Tomato,Vegetative,5.1,45.6,0,0.0,0.0,High
30.55,31.27,61.39,2.06,13.5,19.8,Peaty,Maize,Vegetative,3.8,67.2,1,19.1,12.5,Medium
54.72,39.43,83.7,0.57,27.1,11.4,Silty,Rice,Flowering,25.7,2.3,1,17.5,10.3,High
84.2,28.43,50.55,0.36,67.6,28.1,Peaty,Tomato,Flowering,21.9,0.0,0,0.0,0.0,Low
92.59,17.19,57.55,3.48,79.2,23.3,Clay,Sugarcane,Germination,28.3,4.6,0,0.0,0.0,Low
50.21,22.31,78.85,3.02,53.3,15.7,Clay,Sugarcane,Flowering,24.7,32.5,1,26.0,15.8,Medium
20.62,19.22,66.77,1.24,12.6,16.6,Loamy,Tomato,Flowering,25.2,37.0,1,34.5,20.3,High
87.7,39.75,49.2,3.79,87.7,8.7,Peaty,Maize,Germination,22.7,25.7,0,0.0,0.0,Medium
81.35,31.6,92.23,1.15,22.0,27.1,Clay,Rice,Flowering,6.7,5.5,0,0.0,0.0,Low
75.58,42.83,75.01,0.28,84.6,29.3,Peaty,Cotton,Fruiting,24.6,29.1,0,0.0,0.0,Medium
50.84,41.09,80.31,8.62,9.8,10.6,Sandy,Maize,Maturity,25.4,36.4,0,0.0,0.0,High
48.22,41.56,50.12,0.94,34.8,28.5,Loamy,Wheat,Fruiting,27.1,43.4,1,5.5,3.3,Medium
89.53,28.89,26.03,11.37,84.4,7.1,Peaty,Wheat,Vegetative,10.2,27.2,0,0.0,0.0,Low
86.65,36.47,33.53,2.68,69.5,13.8,Peaty,Rice,Maturity,26.5,34.0,0,0.0,0.0,Medium
83.48,18.5,46.5,6.27,20.2,3.1,Peaty,Rice,Flowering,25.1,11.7,0,0.0,0.0,Low
68.02,27.75,34.49,1.01,50.5,21.3,Clay,Tomato,Germination,23.7,41.9,0,0.0,0.0,Low
42.76,41.98,41.47,0.04,30.1,23.1,Clay,Tomato,Flowering,16.0,63.1,1,15.1,8.8,High
48.87,36.65,47.64,0.02,0.9,18.4,Peaty,Maize,Germination,0.7,49.5,1,5.0,3.0,Medium
38.52,33.05,25.87,3.63,5.3,2.4,Silty,Maize,Maturity,26.9,46.2,1,9.6,5.2,Medium
84.75,38.0,41.93,5.58,43.2,33.1,Peaty,Rice,Germination,5.7,50.5,0,0.0,0.0,Medium
57.09,14.84,64.68,2.48,13.5,6.0,Loamy,Cotton,Fruiting,26.6,20.4,0,0.0,0.0,Low
22.14,26.3,85.23,3.26,34.2,27.3,Silty,Maize,Vegetative,22.1,35.1,1,22.7,13.8,High
51.42,44.29,85.63,0.99,10.6,4.5,Clay,Sugarcane,Maturity,18.4,57.9,1,10.6,6.6,High
14.12,20.12,82.85,2.54,58.4,8.4,Silty,Groundnut,Maturity,13.9,44.3,1,15.8,9.9,High
56.35,29.06,73.63,2.26,39.5,12.9,Clay,Maize,Fruiting,28.2,48.4,0,0.0,0.0,Low
57.19,20.47,46.47,3.92,96.4,6.2,Silty,Cotton,Fruiting,6.8,1.5,0,0.0,0.0,Low
29.4,25.96,46.12,1.9,33.4,4.3,Clay,Maize,Fruiting,1.0,33.9,1,30.4,19.6,High
57.07,17.53,71.73,2.29,37.9,13.6,Loamy,Maize,Fruiting,26.7,35.7,0,0.0,0.0,Low
74.85,19.52,38.86,0.51,95.3,16.2,Loamy,Sugarcane,Vegetative,0.4,11.0,0,0.0,0.0,Low
43.12,30.51,29.57,4.03,39.7,10.5,Silty,Tomato,Maturity,14.9,24.7,1,6.9,3.0,Medium
81.0,28.98,50.7,1.79,97.2,34.0,Loamy,Wheat,Germination,8.7,11.9,0,0.0,0.0,Low
37.0,37.54,48.96,1.2,59.5,34.9,Clay,Sugarcane,Germination,11.6,11.4,1,16.3,10.1,High
64.81,35.37,28.56,2.13,16.2,16.7,Clay,Wheat,Germination,29.6,22.9,0,0.0,0.0,Medium
59.12,42.15,48.81,6.97,91.7,37.2,Loamy,Cotton,Maturity,12.0,62.7,0,0.0,0.0,Medium
66.0,28.04,72.4,1.47,16.0,15.9,Peaty,Sugarcane,Flowering,28.4,5.0,0,0.0,0.0,Low
62.42,17.14,87.94,0.06,96.2,18.5,Peaty,Groundnut,Germination,7.7,0.7,0,0.0,0.0,Low
78.51,31.39,37.88,4.08,53.2,32.4,Peaty,Sugarcane,Vegetative,6.5,51.5,0,0.0,0.0,Low
58.0,41.05,58.26,0.46,21.8,25.9,Silty,Sugarcane,Germination,4.4,34.5,1,5.0,3.0,High
50.35,25.13,62.49,2.57,13.1,18.3,Peaty,Sugarcane,Vegetative,25.3,22.6,1,10.1,5.8,Medium
86.97,29.02,59.4,5.35,65.9,14.0,Clay,Rice,Fruiting,19.3,67.0,0,0.0,0.0,Low
54.75,22.18,26.63,0.22,64.0,37.6,Silty,Tomato,Fruiting,21.8,47.3,0,0.0,0.0,Low
50.43,22.95,55.45,5.19,27.1,7.4,Peaty,Groundnut,Fruiting,16.0,37.0,0,0.0,0.0,Low
46.0,18.49,36.1,2.09,2.0,10.1,Silty,Wheat,Germination,0.4,19.0,0,0.0,0.0,Low
81.12,24.57,30.07,0.81,77.6,38.9,Silty,Rice,Germination,9.2,30.9,0,0.0,0.0,Low
81.53,22.95,78.65,9.45,69.7,23.8,Silty,Rice,Vegetative,10.9,25.4,0,0.0,0.0,Low
77.69,38.48,55.85,2.31,77.1,26.5,Clay,Sugarcane,Maturity,26.9,11.7,0,0.0,0.0,Medium
74.7,36.63,28.76,1.57,84.8,14.7,Silty,Wheat,Vegetative,15.1,46.5,0,0.0,0.0,Medium
92.72,31.57,44.04,0.51,84.9,20.9,Peaty,Sugarcane,Vegetative,24.2,49.9,0,0.0,0.0,Low
77.75,17.88,24.52,1.4,72.1,22.2,Loamy,Sugarcane,Fruiting,17.0,26.3,0,0.0,0.0,Low
80.38,17.42,81.3,3.81,73.0,4.0,Peaty,Cotton,Fruiting,20.4,59.8,0,0.0,0.0,Low
41.68,42.26,67.54,2.6,37.0,0.7,Clay,Sugarcane,Vegetative,22.6,34.0,1,21.7,12.6,High
36.67,40.8,65.76,2.86,53.2,3.7,Loamy,Groundnut,Maturity,30.0,60.1,1,5.0,3.0,High
38.43,16.31,21.7,3.25,28.9,10.1,Sandy,Maize,Fruiting,8.1,36.8,1,8.8,5.9,Medium
94.55,28.05,43.29,3.85,80.2,31.7,Loamy,Cotton,Fruiting,23.6,55.4,0,0.0,0.0,Low
45.43,17.04,93.44,9.44,6.0,17.7,Peaty,Sugarcane,Vegetative,14.6,59.8,0,0.0,0.0,Medium
50.82,28.2,91.94,2.81,22.0,19.2,Silty,Cotton,Fruiting,9.7,5.7,0,0.0,0.0,Low
50.03,43.54,49.96,0.73,37.4,13.3,Sandy,Rice,Germination,18.2,34.3,1,5.8,4.7,High
68.03,16.16,66.32,1.62,56.0,17.2,Sandy,Cotton,Flowering,18.1,53.9,0,0.0,0.0,Low
55.89,30.16,93.72,2.87,93.6,38.4,Clay,Cotton,Germination,9.3,55.4,0,0.0,0.0,Low
69.94,22.15,61.77,4.33,61.9,9.3,Silty,Rice,Germination,22.7,70.9,0,0.0,0.0,Low
11.79,28.77,78.54,2.24,31.7,10.3,Loamy,Cotton,Vegetative,17.5,16.6,1,25.1,15.5,High
46.86,44.94,34.28,0.27,33.7,5.2,Clay,Wheat,Flowering,19.0,41.6,1,6.0,3.4,Medium
86.56,38.2,37.35,0.75,16.1,14.9,Loamy,Rice,Fruiting,24.8,27.6,0,0.0,0.0,Medium
67.09,31.4,66.69,2.01,40.8,8.5,Silty,Rice,Germination,10.2,39.0,0,0.0,0.0,Medium
86.84,17.92,33.17,0.32,61.3,3.8,Clay,Sugarcane,Germination,0.6,18.0,0,0.0,0.0,Low
74.75,40.98,64.81,3.44,99.4,9.3,Peaty,Groundnut,Vegetative,13.8,2.8,0,0.0,0.0,Medium
90.38,25.86,23.63,6.74,88.8,34.2,Peaty,Sugarcane,Fruiting,14.4,12.8,0,0.0,0.0,Low
59.71,25.95,51.95,0.42,45.5,32.4,Peaty,Cotton,Fruiting,12.3,37.4,0,0.0,0.0,Low
63.75,15.1,36.05,1.94,42.4,34.4,Sandy,Sugarcane,Vegetative,20.7,33.8,0,0.0,0.0,Medium
10.51,22.59,87.66,1.22,14.8,3.9,Loamy,Groundnut,Fruiting,12.7,13.5,1,25.7,15.0,High
39.52,21.07,37.42,2.21,17.2,12.2,Peaty,Maize,Flowering,4.8,14.8,1,12.9,7.2,Medium
52.57,41.62,93.4,3.61,50.2,6.7,Sandy,Groundnut,Vegetative,8.7,20.4,0,0.0,0.0,Medium
67.1,39.14,34.74,0.91,51.3,13.2,Sandy,Wheat,Germination,14.2,57.6,0,0.0,0.0,Medium
31.02,23.18,61.5,0.72,47.6,12.7,Sandy,Wheat,Germination,29.0,11.5,1,5.0,3.0,Medium
93.18,24.46,58.34,3.75,92.6,3.5,Sandy,Tomato,Fruiting,27.6,3.9,0,0.0,0.0,Low
68.93,44.0,26.2,7.66,48.0,24.9,Loamy,Tomato,Flowering,10.8,31.0,0,0.0,0.0,Medium
75.69,24.76,70.32,1.99,97.8,35.0,Clay,Sugarcane,Flowering,1.4,60.9,0,0.0,0.0,Low
27.24,15.03,68.15,1.62,29.8,36.5,Clay,Wheat,Fruiting,11.7,67.7,1,24.5,12.6,Medium
73.39,22.01,51.31,0.79,49.1,34.9,Loamy,Sugarcane,Fruiting,17.4,6.4,0,0.0,0.0,Low
69.72,44.71,78.22,1.01,40.2,29.6,Sandy,Groundnut,Vegetative,13.7,59.7,0,0.0,0.0,Medium
86.8,24.35,67.35,3.17,76.9,6.3,Sandy,Sugarcane,Fruiting,18.0,4.1,0,0.0,0.0,Low
66.4,25.75,45.58,4.95,12.5,38.8,Loamy,Sugarcane,Germination,5.5,9.4,0,0.0,0.0,Low
92.26,42.0,35.6,0.42,97.6,34.7,Sandy,Sugarcane,Flowering,26.6,39.0,0,0.0,0.0,Medium
92.87,25.48,50.13,1.65,62.6,11.5,Loamy,Cotton,Vegetative,18.3,28.8,0,0.0,0.0,Low
70.18,39.26,77.87,0.81,28.9,37.5,Loamy,Tomato,Germination,20.9,5.9,0,0.0,0.0,Medium
71.44,37.63,34.8,1.04,34.6,29.9,Clay,Tomato,Fruiting,11.3,21.4,0,0.0,0.0,Medium
32.66,37.3,83.84,10.82,26.7,28.6,Peaty,Cotton,Vegetative,20.3,34.3,0,0.0,0.0,Medium
62.05,30.56,59.18,2.23,97.4,36.5,Sandy,Maize,Maturity,11.1,30.5,0,0.0,0.0,Low
67.95,21.09,53.87,7.24,32.7,19.9,Sandy,Groundnut,Flowering,22.0,53.8,0,0.0,0.0,Low
22.37,18.13,83.85,5.05,53.4,5.6,Sandy,Maize,Flowering,23.9,43.2,1,16.8,11.2,High
78.16,15.61,75.25,1.15,79.6,17.3,Sandy,Sugarcane,Fruiting,15.4,51.3,0,0.0,0.0,Low
82.38,28.39,67.55,2.04,62.0,21.8,Sandy,Wheat,Maturity,21.2,38.5,0,0.0,0.0,Low
65.46,28.18,74.1,6.06,4.3,23.0,Clay,Wheat,Flowering,11.9,21.8,0,0.0,0.0,Low
88.77,31.73,54.92,0.33,61.2,29.5,Clay,Rice,Vegetative,27.2,29.5,0,0.0,0.0,Low
93.48,37.45,58.12,0.33,85.8,12.4,Clay,Sugarcane,Flowering,3.5,69.0,0,0.0,0.0,Medium
41.62,30.54,60.57,1.49,31.0,10.1,Sandy,Maize,Germination,13.8,13.8,1,5.0,3.0,Medium
14.26,44.34,56.3,2.42,53.0,12.9,Sandy,Groundnut,Fruiting,26.9,57.8,1,15.1,9.4,High
50.95,35.66,61.27,2.82,9.1,19.0,Sandy,Rice,Maturity,6.3,47.6,1,6.2,4.5,Medium
62.74,18.79,45.66,1.48,51.1,37.2,Peaty,Groundnut,Flowering,4.0,12.4,0,0.0,0.0,Low
54.75,40.11,60.18,0.7,52.5,22.2,Loamy,Cotton,Germination,6.6,26.5,0,0.0,0.0,Medium
71.68,32.23,87.66,1.93,94.5,8.6,Silty,Rice,Flowering,26.7,61.0,0,0.0,0.0,Low
22.59,28.05,60.38,1.77,56.5,18.8,Silty,Maize,Fruiting,26.5,32.0,1,28.8,17.5,High
93.07,21.4,75.95,1.72,70.5,22.7,Sandy,Maize,Fruiting,17.9,1.1,0,0.0,0.0,Low
43.75,28.83,24.94,4.81,24.3,29.0,Sandy,Rice,Vegetative,28.7,13.9,1,11.6,7.2,High
35.14,16.32,39.98,0.2,36.9,33.3,Silty,Wheat,Vegetative,21.8,6.8,1,10.8,5.2,Medium
81.91,20.46,20.19,0.83,67.9,9.2,Loamy,Rice,Germination,26.6,50.0,0,0.0,0.0,Low
84.07,33.59,30.15,4.81,85.7,19.3,Sandy,Cotton,Maturity,4.4,35.4,0,0.0,0.0,Medium
54.38,34.15,20.95,5.35,17.5,20.6,Loamy,Rice,Maturity,21.7,23.1,1,7.4,5.4,Medium
84.0,18.79,90.52,0.76,100.0,19.8,Sandy,Cotton,Germination,0.1,64.0,0,0.0,0.0,Low
41.66,28.61,56.05,1.12,48.2,12.7,Silty,Maize,Maturity,20.1,45.5,1,8.7,5.0,Medium
58.15,20.92,70.65,0.87,1.9,28.0,Sandy,Tomato,Maturity,12.3,37.8,0,0.0,0.0,Low
59.67,20.13,42.81,2.33,77.7,12.8,Loamy,Groundnut,Fruiting,7.7,18.3,0,0.0,0.0,Low
69.99,19.06,50.87,0.34,81.7,26.2,Loamy,Cotton,Vegetative,10.3,13.3,0,0.0,0.0,Low
82.09,38.52,23.46,1.54,79.9,20.9,Sandy,Sugarcane,Maturity,2.9,9.5,0,0.0,0.0,Medium
92.97,31.44,73.16,0.43,81.4,24.2,Peaty,Tomato,Maturity,10.2,7.8,0,0.0,0.0,Low
94.53,21.4,68.27,5.61,47.2,29.1,Loamy,Rice,Flowering,29.7,53.6,0,0.0,0.0,Low
86.42,26.11,26.58,1.47,60.0,20.5,Silty,Sugarcane,Maturity,1.7,20.5,0,0.0,0.0,Low
44.61,17.51,34.94,0.41,31.2,20.6,Sandy,Cotton,Germination,23.7,47.2,0,0.0,0.0,Low
56.81,20.47,52.19,4.93,29.4,10.2,Peaty,Maize,Flowering,16.1,4.3,0,0.0,0.0,Low
57.47,15.83,56.61,1.61,10.7,36.9,Loamy,Groundnut,Vegetative,6.9,18.4,0,0.0,0.0,Low
86.42,22.38,43.45,10.14,91.2,38.0,Peaty,Cotton,Vegetative,10.5,65.2,0,0.0,0.0,Low
86.55,41.18,84.53,1.55,70.2,22.3,Silty,Cotton,Germination,9.5,37.7,0,0.0,0.0,Medium
9.64,19.47,48.8,1.59,15.9,36.9,Silty,Groundnut,Vegetative,26.8,63.6,1,21.6,14.1,High
35.8,27.11,72.15,7.1,13.1,22.9,Silty,Maize,Maturity,24.0,5.1,1,10.9,7.1,Medium
77.33,30.65,31.03,2.68,31.5,2.1,Clay,Maize,Flowering,19.2,63.1,0,0.0,0.0,Low
54.4,41.38,49.58,1.88,86.1,20.9,Loamy,Cotton,Maturity,26.8,2.2,0,0.0,0.0,Medium
94.24,23.71,20.52,1.61,72.8,32.0,Clay,Rice,Fruiting,18.3,18.3,0,0.0,0.0,Low
20.33,26.1,73.74,0.12,38.6,16.3,Peaty,Groundnut,Germination,0.7,9.6,1,10.0,6.6,Medium
29.97,40.7,80.92,0.1,9.1,2.0,Sandy,Groundnut,Fruiting,15.3,38.3,1,5.5,3.7,High
74.51,27.7,40.6,0.42,81.9,39.8,Silty,Sugarcane,Vegetative,11.4,44.5,0,0.0,0.0,Low
67.92,37.32,75.05,1.91,21.1,21.5,Sandy,Cotton,Maturity,17.7,0.8,0,0.0,0.0,Medium
71.86,33.89,22.14,6.84,51.9,18.7,Peaty,Tomato,Flowering,28.6,30.5,0,0.0,0.0,Medium
58.62,43.82,47.92,3.12,3.5,35.6,Peaty,Maize,Fruiting,19.3,65.0,1,5.5,3.0,Medium
91.04,24.17,87.53,3.5,98.6,30.7,Silty,Wheat,Maturity,6.5,55.5,0,0.0,0.0,Low
50.19,40.11,43.56,8.6,18.0,26.5,Loamy,Cotton,Flowering,7.6,23.4,0,0.0,0.0,Medium
74.45,16.7,66.55,1.62,62.2,8.4,Sandy,Sugarcane,Maturity,16.9,42.7,0,0.0,0.0,Low
64.71,33.85,62.59,1.45,32.6,9.5,Clay,Sugarcane,Germination,27.6,49.4,1,5.0,3.7,Medium
85.06,37.13,78.5,1.08,51.2,24.8,Silty,Rice,Fruiting,22.8,71.1,0,0.0,0.0,Medium
66.44,36.1,69.54,0.13,83.7,9.9,Peaty,Cotton,Fruiting,20.0,30.9,0,0.0,0.0,Medium
15.73,30.17,72.22,0.95,29.7,33.7,Loamy,Wheat,Vegetative,19.1,28.4,1,23.0,12.5,High
33.05,15.7,57.69,2.66,34.3,26.7,Loamy,Tomato,Flowering,9.5,69.3,1,19.3,10.3,Medium
89.71,41.59,45.48,9.14,2.5,15.1,Peaty,Rice,Germination,8.2,19.7,0,0.0,0.0,Medium
55.56,24.66,68.27,6.4,53.3,30.4,Silty,Groundnut,Flowering,19.9,17.7,0,0.0,0.0,Low
80.1,38.01,24.52,0.48,69.4,35.7,Silty,Tomato,Flowering,6.7,3.8,0,0.0,0.0,Medium
27.76,31.31,74.87,0.13,1.1,18.3,Peaty,Maize,Vegetative,19.9,15.4,1,18.5,9.7,High
63.23,43.58,31.38,3.7,6.8,4.3,Silty,Sugarcane,Germination,13.9,68.5,1,5.0,5.2,High
21.94,43.43,42.92,1.75,11.5,33.5,Peaty,Maize,Germination,25.0,10.1,1,16.6,10.3,High
67.43,40.71,50.6,1.53,17.0,15.3,Clay,Wheat,Vegetative,10.9,68.5,0,0.0,0.0,Medium
82.15,42.49,77.14,2.67,76.9,17.2,Silty,Cotton,Flowering,11.2,17.6,0,0.0,0.0,Medium
92.17,42.6,89.81,0.83,79.8,17.3,Peaty,Rice,Germination,13.5,53.6,0,0.0,0.0,Medium
64.46,15.55,74.47,1.29,31.3,23.9,Loamy,Rice,Vegetative,29.4,25.7,1,5.0,3.0,Medium
62.23,35.75,44.31,2.37,14.7,18.1,Silty,Groundnut,Vegetative,12.6,60.4,0,0.0,0.0,Medium
66.88,28.06,25.6,0.31,41.6,12.2,Loamy,Cotton,Vegetative,11.3,54.6,0,0.0,0.0,Low
16.13,30.86,81.4,1.36,10.0,26.9,Sandy,Wheat,Flowering,14.3,13.9,1,17.4,10.5,High
74.48,17.79,29.49,1.07,96.0,25.3,Silty,Wheat,Maturity,21.2,30.1,0,0.0,0.0,Low
66.0,33.81,21.98,1.53,98.6,4.0,Peaty,Wheat,Vegetative,9.2,65.2,0,0.0,0.0,Medium
79.69,42.99,71.9,0.91,64.5,33.9,Silty,Rice,Vegetative,24.9,11.1,0,0.0,0.0,Medium
31.01,44.18,78.81,2.57,11.5,16.7,Silty,Wheat,Maturity,2.1,39.0,1,9.2,6.2,High
59.54,39.28,30.27,1.28,96.5,19.6,Sandy,Maize,Vegetative,13.8,50.2,0,0.0,0.0,Medium
55.68,29.43,58.41,2.91,0.4,37.2,Loamy,Sugarcane,Germination,11.9,12.5,1,6.3,3.3,Medium
73.3,37.61,27.81,5.47,55.6,27.6,Sandy,Wheat,Vegetative,2.5,64.9,0,0.0,0.0,Medium
40.71,34.68,61.41,4.08,33.9,18.1,Loamy,Sugarcane,Fruiting,2.2,33.3,1,23.4,12.5,High
57.93,40.64,82.02,0.39,84.9,16.6,Sandy,Cotton,Maturity,26.1,31.1,0,0.0,0.0,Medium
42.72,19.43,86.58,4.96,52.1,29.0,Sandy,Tomato,Fruiting,1.1,65.1,1,5.5,4.0,Medium
73.85,35.12,50.87,0.14,78.4,27.1,Clay,Maize,Vegetative,27.0,24.2,0,0.0,0.0,Medium
61.06,19.78,72.67,0.89,92.3,5.2,Clay,Cotton,Vegetative,1.6,50.6,0,0.0,0.0,Low
51.79,21.13,90.82,1.1,39.8,28.0,Sandy,Sugarcane,Flowering,24.6,5.0,1,8.6,5.6,Medium
56.96,28.9,63.75,0.99,7.8,5.8,Sandy,Wheat,Fruiting,0.7,61.7,1,5.5,4.1,Low
25.04,15.86,81.38,1.34,58.0,3.0,Silty,Wheat,Germination,26.7,43.8,1,10.0,4.5,Medium
72.32,23.63,71.25,9.05,7.7,1.1,Silty,Maize,Vegetative,22.4,71.4,0,0.0,0.0,Low
57.89,21.72,58.14,0.95,94.8,18.6,Loamy,Maize,Vegetative,21.9,23.7,0,0.0,0.0,Low
78.23,41.65,22.74,0.55,11.7,7.2,Silty,Maize,Vegetative,16.5,33.7,0,0.0,0.0,Medium
83.19,44.68,48.06,2.74,85.6,4.7,Silty,Maize,Fruiting,12.3,14.8,0,0.0,0.0,Medium
46.06,38.42,32.02,4.2,76.1,2.4,Peaty,Wheat,Maturity,29.2,13.9,0,0.0,0.0,Medium
59.81,36.11,88.52,4.91,27.4,35.2,Silty,Groundnut,Maturity,27.9,33.0,0,0.0,0.0,Medium
41.38,38.67,32.56,0.02,4.3,9.8,Clay,Sugarcane,Fruiting,16.0,61.8,1,25.3,15.9,High
78.62,30.95,25.61,5.09,86.9,25.6,Loamy,Sugarcane,Germination,19.9,50.9,0,0.0,0.0,Low
56.18,44.89,43.37,0.41,54.6,34.3,Loamy,Wheat,Flowering,8.9,40.4,0,0.0,0.0,Medium
88.51,34.58,37.61,1.65,84.6,26.8,Silty,Rice,Fruiting,17.6,32.4,0,0.0,0.0,Medium
94.06,31.75,59.28,0.52,71.5,28.1,Peaty,Groundnut,Fruiting,9.0,54.5,0,0.0,0.0,Low
49.97,32.04,27.08,1.69,58.7,36.4,Peaty,Rice,Fruiting,24.2,9.4,1,16.9,9.3,Medium
89.74,45.57,83.4,4.04,87.1,25.4,Loamy,Sugarcane,Vegetative,7.8,7.0,0,0.0,0.0,Medium
67.97,15.79,93.41,7.76,93.5,14.6,Clay,Groundnut,Fruiting,28.6,65.0,0,0.0,0.0,Low
87.33,39.19,76.85,7.24,1.5,32.4,Silty,Sugarcane,Flowering,23.7,9.4,0,0.0,0.0,Medium
71.45,39.59,90.42,4.88,42.7,25.4,Loamy,Maize,Fruiting,14.7,15.6,0,0.0,0.0,Medium
44.19,28.33,68.87,2.75,35.0,17.8,Silty,Rice,Fruiting,23.9,17.3,1,22.6,10.8,High
72.83,27.14,72.85,4.24,78.0,19.1,Peaty,Maize,Maturity,0.3,66.7,0,0.0,0.0,Low
80.25,44.56,85.94,18.34,24.5,33.7,Loamy,Sugarcane,Vegetative,6.9,7.1,0,0.0,0.0,Medium
45.49,20.68,78.56,1.61,9.3,19.4,Peaty,Rice,Flowering,3.9,17.3,1,19.0,10.9,High
58.65,15.28,28.88,5.58,84.5,13.2,Loamy,Maize,Maturity,21.1,25.9,0,0.0,0.0,Low
87.16,28.48,38.99,3.41,87.3,14.9,Silty,Cotton,Germination,12.9,28.9,0,0.0,0.0,Low
56.67,18.16,49.93,2.67,27.6,7.0,Silty,Groundnut,Flowering,28.4,7.2,0,0.0,0.0,Low
40.89,36.73,26.21,0.34,12.7,36.2,Clay,Groundnut,Maturity,23.7,8.3,0,0.0,0.0,Medium
71.94,17.65,81.82,0.58,7.1,16.0,Clay,Rice,Germination,25.6,70.1,1,5.0,3.0,Low
54.89,43.56,37.31,0.15,29.2,31.5,Sandy,Groundnut,Germination,6.3,14.2,0,0.0,0.0,Medium
59.47,33.47,73.53,15.06,67.9,9.3,Clay,Tomato,Flowering,19.2,37.7,0,0.0,0.0,Medium
77.47,18.6,62.75,9.13,79.3,23.1,Sandy,Cotton,Fruiting,27.9,30.8,0,0.0,0.0,Low
67.73,23.02,55.19,7.59,72.4,26.5,Peaty,Wheat,Flowering,20.1,2.3,0,0.0,0.0,Low
34.89,33.88,62.39,2.84,54.9,10.9,Peaty,Tomato,Fruiting,4.1,61.1,1,14.8,7.7,Medium
27.0,18.2,21.95,0.36,43.1,27.5,Loamy,Cotton,Maturity,25.5,31.5,1,10.7,6.7,Medium
93.46,25.34,55.04,2.71,97.4,13.1,Clay,Sugarcane,Fruiting,8.1,71.2,0,0.0,0.0,Low
51.71,23.26,28.02,0.36,34.8,30.5,Silty,Wheat,Germination,3.1,61.4,0,0.0,0.0,Low
80.84,19.51,92.13,4.53,73.7,27.6,Clay,Rice,Maturity,27.7,5.3,0,0.0,0.0,Low
84.89,40.06,63.67,1.55,94.7,9.9,Loamy,Cotton,Vegetative,18.4,27.1,0,0.0,0.0,Medium
55.21,35.73,23.38,2.79,48.5,4.2,Loamy,Rice,Flowering,26.7,39.6,1,12.7,6.9,Medium
77.53,27.77,63.91,0.8,94.1,23.6,Silty,Rice,Germination,13.5,58.0,0,0.0,0.0,Low
92.92,34.98,92.45,6.17,86.2,37.4,Peaty,Rice,Maturity,23.3,51.7,0,0.0,0.0,Medium
68.09,29.54,29.26,0.01,67.8,22.0,Clay,Tomato,Germination,5.1,33.6,0,0.0,0.0,Low
15.2,40.26,46.86,0.78,17.6,12.9,Sandy,Cotton,Germination,1.0,43.6,1,6.2,4.3,High
19.81,15.48,79.01,3.15,21.3,15.0,Sandy,Maize,Germination,20.8,23.2,1,10.6,6.4,High
23.86,16.37,47.99,2.83,11.9,37.0,Silty,Maize,Germination,27.9,50.9,1,15.5,8.3,High
65.82,44.63,36.13,1.62,29.2,30.6,Clay,Tomato,Vegetative,8.8,5.9,0,0.0,0.0,Medium
26.43,44.21,71.75,2.06,43.1,38.2,Loamy,Wheat,Flowering,9.4,22.2,1,16.9,9.9,High
33.06,33.11,71.27,1.3,31.4,27.4,Peaty,Maize,Vegetative,12.6,13.5,1,15.1,9.0,Medium
44.41,34.93,23.47,0.33,12.9,3.7,Clay,Sugarcane,Vegetative,20.7,59.8,1,17.8,12.3,High
90.68,17.03,67.53,0.38,0.6,2.1,Sandy,Rice,Flowering,27.3,16.3,0,0.0,0.0,Low
39.92,28.96,78.87,1.7,25.2,13.1,Loamy,Sugarcane,Germination,14.9,10.7,1,12.3,7.1,High
67.82,36.42,59.98,6.93,31.3,23.0,Loamy,Rice,Fruiting,14.7,32.8,1,5.5,3.0,Medium
20.48,37.25,28.69,1.44,58.5,29.5,Sandy,Tomato,Germination,7.8,38.8,1,8.7,7.4,High
88.5,16.02,36.0,10.63,97.9,26.2,Silty,Groundnut,Flowering,6.4,70.0,0,0.0,0.0,Low
70.87,43.04,69.58,0.92,57.1,17.7,Peaty,Rice,Maturity,15.5,61.8,1,5.0,3.0,Medium
92.83,24.88,33.98,0.84,83.3,24.6,Silty,Rice,Fruiting,7.0,8.7,0,0.0,0.0,Low
62.08,38.9,62.56,1.33,8.6,29.2,Silty,Groundnut,Maturity,29.1,66.7,0,0.0,0.0,Medium
66.11,18.92,60.64,2.79,70.6,27.2,Loamy,Tomato,Germination,9.9,49.1,0,0.0,0.0,Low
14.14,21.34,24.67,4.03,21.2,15.7,Loamy,Groundnut,Vegetative,6.8,57.1,1,17.4,9.9,High
28.57,23.52,66.87,5.17,51.2,28.7,Silty,Groundnut,Vegetative,9.2,48.1,1,9.6,5.9,Medium
74.1,19.4,59.58,4.72,43.3,18.7,Clay,Wheat,Maturity,12.8,43.5,0,0.0,0.0,Low
66.46,39.4,93.63,1.18,23.6,13.2,Peaty,Groundnut,Vegetative,10.0,40.7,0,0.0,0.0,Medium
70.92,41.56,69.9,2.88,62.6,11.9,Silty,Maize,Fruiting,24.0,22.1,0,0.0,0.0,Medium
44.56,31.17,29.47,14.38,30.2,25.4,Silty,Groundnut,Germination,23.6,21.2,0,0.0,0.0,Low
52.86,41.76,41.26,6.93,13.1,26.4,Silty,Tomato,Fruiting,14.8,22.4,1,5.5,3.0,High
58.89,19.93,26.38,1.44,84.2,36.3,Loamy,Tomato,Maturity,19.0,49.3,0,0.0,0.0,Low
57.31,33.2,57.77,0.97,47.4,31.0,Peaty,Groundnut,Vegetative,19.5,33.7,0,0.0,0.0,Medium
58.74,28.46,64.95,6.78,86.6,35.6,Loamy,Cotton,Germination,1.0,18.8,0,0.0,0.0,Low
49.94,36.41,68.3,2.5,72.3,16.8,Peaty,Cotton,Germination,1.2,34.5,0,0.0,0.0,Medium
70.75,31.9,40.52,0.3,16.5,7.0,Loamy,Tomato,Flowering,8.5,51.5,0,0.0,0.0,Low
76.59,26.79,32.23,0.68,69.3,36.7,Sandy,Sugarcane,Maturity,5.4,20.5,0,0.0,0.0,Low
72.51,42.76,57.14,0.85,40.1,28.8,Silty,Tomato,Flowering,13.1,38.5,0,0.0,0.0,Medium
24.95,40.69,68.8,3.83,15.1,35.3,Sandy,Wheat,Maturity,6.7,9.2,1,6.6,4.9,High
89.54,35.41,51.19,2.69,73.4,20.6,Clay,Sugarcane,Flowering,21.7,44.3,0,0.0,0.0,Medium
62.3,38.77,75.37,1.94,5.0,24.4,Loamy,Rice,Vegetative,9.5,46.1,1,5.3,3.0,High
58.51,33.19,33.5,0.06,3.2,20.3,Silty,Wheat,Germination,3.6,15.9,0,0.0,0.0,Medium
53.85,22.35,55.08,0.8,58.9,36.9,Loamy,Groundnut,Germination,20.0,42.0,0,0.0,0.0,Low
75.97,26.27,21.68,0.44,17.3,2.2,Loamy,Rice,Fruiting,25.1,26.9,0,0.0,0.0,Low
67.15,31.82,53.18,0.97,97.5,10.4,Peaty,Tomato,Maturity,4.8,59.3,0,0.0,0.0,Low
85.54,27.09,33.36,7.75,76.2,19.3,Clay,Sugarcane,Maturity,26.9,9.8,0,0.0,0.0,Low
59.59,20.76,78.39,9.33,41.4,38.1,Loamy,Cotton,Maturity,14.4,48.5,0,0.0,0.0,Low
81.71,37.7,31.98,2.7,89.6,4.4,Peaty,Rice,Maturity,22.5,44.0,0,0.0,0.0,Medium
46.67,27.55,58.31,0.48,55.1,5.8,Peaty,Groundnut,Fruiting,28.0,14.1,0,0.0,0.0,Low
50.48,17.38,67.01,1.65,55.7,8.5,Silty,Groundnut,Maturity,28.8,33.0,0,0.0,0.0,Low
60.8,28.83,60.59,2.03,80.2,26.8,Sandy,Maize,Maturity,10.4,24.4,0,0.0,0.0,Low
63.84,21.15,45.69,9.64,52.0,16.0,Clay,Sugarcane,Germination,23.4,24.5,0,0.0,0.0,Medium
74.83,20.47,92.42,2.25,55.4,36.3,Sandy,Rice,Germination,9.1,21.3,0,0.0,0.0,Low
56.6,18.34,26.84,1.24,31.1,38.1,Silty,Groundnut,Germination,19.8,37.3,0,0.0,0.0,Low
27.44,25.39,33.84,5.91,14.7,36.3,Silty,Groundnut,Vegetative,27.0,56.9,1,10.3,8.0,Medium
92.04,38.01,38.61,5.48,37.6,21.3,Loamy,Rice,Vegetative,20.4,46.5,0,0.0,0.0,Medium
80.9,19.17,43.63,2.5,88.1,31.6,Clay,Sugarcane,Fruiting,2.2,20.6,0,0.0,0.0,Low
49.87,42.14,72.71,4.78,68.2,8.3,Loamy,Cotton,Maturity,24.9,50.1,0,0.0,0.0,Medium
76.39,28.04,29.23,0.38,72.6,22.8,Silty,Maize,Fruiting,13.6,70.3,0,0.0,0.0,Low
74.56,41.55,91.14,0.36,86.8,5.2,Clay,Groundnut,Maturity,21.6,11.6,0,0.0,0.0,Medium
73.45,42.39,45.81,7.16,94.5,0.2,Silty,Tomato,Flowering,0.7,65.4,0,0.0,0.0,Medium
77.63,43.2,31.89,0.1,99.0,19.3,Sandy,Tomato,Fruiting,18.5,56.9,0,0.0,0.0,Medium
62.08,19.87,34.19,2.5,63.7,29.6,Clay,Tomato,Germination,28.8,46.0,0,0.0,0.0,Low
39.9,32.24,84.52,9.19,67.5,22.0,Silty,Groundnut,Maturity,1.2,14.5,0,0.0,0.0,Low
79.83,16.84,70.06,2.31,44.4,25.4,Sandy,Sugarcane,Germination,12.8,46.2,0,0.0,0.0,Low
57.68,19.96,69.64,0.49,92.3,22.6,Sandy,Groundnut,Vegetative,4.2,26.7,0,0.0,0.0,Low
81.05,21.14,92.91,1.35,60.1,24.4,Loamy,Sugarcane,Maturity,27.4,48.6,0,0.0,0.0,Low
93.17,43.47,67.0,5.09,65.4,33.6,Silty,Wheat,Vegetative,8.2,12.2,0,0.0,0.0,Medium
87.62,22.54,92.94,5.95,81.0,5.1,Sandy,Sugarcane,Fruiting,6.4,70.4,0,0.0,0.0,Low
90.52,20.57,78.0,3.74,63.5,15.5,Loamy,Wheat,Fruiting,29.1,12.5,0,0.0,0.0,Low
17.17,25.0,60.06,9.57,20.6,26.2,Peaty,Wheat,Fruiting,2.0,39.7,0,0.0,0.0,High
69.32,34.98,33.85,2.85,41.2,26.2,Silty,Groundnut,Maturity,28.1,0.3,0,0.0,0.0,Medium
20.47,42.42,81.77,1.07,43.4,3.3,Sandy,Wheat,Germination,14.1,38.2,1,6.2,4.5,High
72.62,31.56,79.98,2.31,90.8,2.3,Clay,Groundnut,Vegetative,16.9,47.5,0,0.0,0.0,Low
41.43,27.39,42.2,1.91,9.3,1.8,Peaty,Sugarcane,Flowering,5.6,36.3,1,22.9,13.3,High
10.4,40.71,94.59,2.13,34.5,7.4,Peaty,Cotton,Germination,15.3,40.0,1,15.0,10.3,High
33.11,21.36,83.17,3.0,7.9,19.5,Silty,Maize,Vegetative,6.0,67.7,1,18.1,11.6,Medium
58.77,28.22,37.94,1.59,71.6,4.4,Loamy,Wheat,Germination,1.4,31.1,0,0.0,0.0,Low
78.19,21.89,28.84,0.48,70.2,29.0,Silty,Wheat,Germination,10.1,12.2,0,0.0,0.0,Low
21.45,21.37,39.68,0.3,34.7,1.5,Clay,Cotton,Vegetative,22.4,23.4,1,24.5,15.6,Medium
81.96,24.61,59.7,3.52,42.1,34.2,Loamy,Rice,Flowering,1.9,44.7,0,0.0,0.0,Low
67.41,37.31,53.68,8.7,82.4,25.5,Peaty,Sugarcane,Flowering,19.6,65.6,0,0.0,0.0,Medium
41.26,21.95,39.58,3.65,17.7,18.6,Sandy,Rice,Maturity,4.2,48.9,1,7.2,3.8,High
77.85,29.19,86.06,2.51,68.2,13.6,Loamy,Tomato,Germination,13.4,47.5,0,0.0,0.0,Low
73.7,30.63,84.14,1.62,74.4,34.3,Peaty,Sugarcane,Flowering,11.8,25.7,0,0.0,0.0,Low
30.31,30.78,34.17,1.69,50.2,36.0,Clay,Wheat,Maturity,26.0,46.4,1,9.9,6.7,Medium
56.42,37.33,19.9,2.97,58.8,21.5,Peaty,Cotton,Maturity,16.7,61.7,0,0.0,0.0,Medium
67.36,43.42,45.81,2.26,65.8,3.2,Loamy,Groundnut,Maturity,10.8,62.8,0,0.0,0.0,Medium
9.33,16.4,32.61,2.39,48.1,1.8,Sandy,Groundnut,Fruiting,29.6,47.4,1,17.5,10.0,High
52.26,25.67,90.38,3.04,78.8,28.0,Sandy,Groundnut,Fruiting,2.1,52.3,0,0.0,0.0,Low
85.86,40.15,70.82,6.12,79.7,13.9,Silty,Maize,Maturity,7.9,23.7,0,0.0,0.0,Medium
76.31,24.97,79.03,5.8,43.6,15.1,Sandy,Sugarcane,Maturity,27.4,54.4,0,0.0,0.0,Low
19.05,34.31,20.31,0.88,49.4,24.7,Loamy,Wheat,Maturity,21.2,39.1,1,12.0,5.3,High
77.88,34.38,63.35,2.26,84.3,9.4,Clay,Sugarcane,Maturity,4.7,42.9,0,0.0,0.0,Medium
87.57,31.96,33.96,4.73,3.4,39.3,Silty,Rice,Fruiting,17.4,8.0,0,0.0,0.0,Low
43.27,40.42,32.89,0.93,44.5,28.5,Clay,Tomato,Germination,27.8,6.8,0,0.0,0.0,High
62.36,31.5,69.76,7.98,68.7,12.8,Silty,Tomato,Vegetative,25.6,14.0,0,0.0,0.0,Low
94.51,43.25,91.95,10.93,3.9,37.8,Clay,Rice,Vegetative,28.3,48.3,0,0.0,0.0,Medium
56.62,29.03,38.34,1.41,80.0,33.4,Loamy,Groundnut,Maturity,14.1,62.9,0,0.0,0.0,Low
91.71,42.41,46.06,0.35,70.4,29.1,Sandy,Maize,Flowering,1.6,10.2,0,0.0,0.0,Medium
92.22,32.44,51.24,1.68,22.7,18.2,Peaty,Rice,Maturity,25.5,10.5,0,0.0,0.0,Low
71.35,17.47,94.79,1.53,63.8,35.4,Silty,Tomato,Flowering,23.2,70.0,0,0.0,0.0,Low
49.0,16.44,89.71,0.62,19.8,18.9,Silty,Tomato,Maturity,0.6,10.7,1,5.0,4.5,Medium
70.49,44.78,95.31,2.29,82.7,39.6,Clay,Maize,Flowering,7.6,8.2,0,0.0,0.0,Medium
52.84,15.45,90.36,6.99,54.3,23.1,Sandy,Cotton,Flowering,7.9,16.0,0,0.0,0.0,Low
85.65,34.34,65.34,3.81,64.3,20.8,Clay,Sugarcane,Fruiting,13.5,17.4,0,0.0,0.0,Medium
41.49,21.86,33.92,0.05,21.1,20.7,Clay,Groundnut,Flowering,7.6,5.2,0,0.0,0.0,Low
12.42,42.88,79.48,2.87,12.9,24.9,Sandy,Groundnut,Flowering,26.6,34.7,1,14.7,8.9,High
49.0,28.88,46.96,15.75,57.1,18.9,Loamy,Maize,Germination,24.3,24.5,0,0.0,0.0,Medium
34.63,37.33,57.18,1.93,11.0,22.4,Peaty,Tomato,Fruiting,29.3,57.4,1,13.5,7.8,Medium
63.5,24.26,26.05,1.87,74.8,8.9,Clay,Tomato,Fruiting,28.4,68.7,0,0.0,0.0,Low
63.0,22.94,35.69,0.44,42.5,5.4,Peaty,Rice,Flowering,4.5,47.3,0,0.0,0.0,Medium
50.67,28.89,84.53,0.42,32.6,23.1,Loamy,Groundnut,Fruiting,22.9,22.9,0,0.0,0.0,Low
71.16,19.27,47.75,0.99,86.1,19.5,Peaty,Rice,Germination,21.2,28.0,0,0.0,0.0,Low
55.15,26.91,62.29,4.69,69.7,39.8,Loamy,Tomato,Maturity,10.7,20.2,0,0.0,0.0,Low
94.33,42.64,77.29,0.16,83.7,37.5,Sandy,Groundnut,Maturity,3.8,44.2,0,0.0,0.0,Medium
79.46,18.92,49.09,0.95,29.2,4.9,Silty,Sugarcane,Germination,0.3,22.5,0,0.0,0.0,Low
84.18,18.46,33.56,9.04,84.2,15.5,Loamy,Sugarcane,Fruiting,28.3,15.3,0,0.0,0.0,Low
16.26,30.57,61.82,3.34,43.1,4.6,Silty,Cotton,Germination,22.6,15.9,1,14.8,8.8,High
87.62,44.24,27.56,1.01,86.9,2.9,Peaty,Groundnut,Flowering,15.7,29.4,0,0.0,0.0,Medium
28.48,38.32,39.4,2.89,46.0,31.3,Peaty,Groundnut,Maturity,19.3,63.5,1,5.3,3.0,High
69.41,19.08,58.46,3.28,78.6,28.5,Clay,Sugarcane,Fruiting,13.7,2.8,0,0.0,0.0,Low
49.33,38.19,22.26,1.39,27.3,15.4,Silty,Rice,Vegetative,2.9,37.5,1,14.8,9.8,High
66.19,21.97,83.02,0.45,58.0,35.5,Clay,Rice,Vegetative,22.4,57.9,0,0.0,0.0,Medium
57.37,37.03,67.26,1.61,96.5,29.4,Loamy,Tomato,Germination,22.3,1.7,0,0.0,0.0,Medium
24.6,19.76,70.7,4.32,42.9,34.5,Sandy,Wheat,Vegetative,8.4,6.7,1,7.8,3.9,High
78.49,26.28,58.53,1.34,78.3,39.0,Sandy,Maize,Maturity,13.4,16.0,0,0.0,0.0,Low
62.37,20.83,60.84,4.35,89.6,31.6,Peaty,Maize,Vegetative,18.0,23.9,0,0.0,0.0,Low
40.82,32.26,22.76,0.67,26.8,2.9,Sandy,Tomato,Maturity,0.8,39.8,1,5.2,3.0,Medium
49.67,29.87,79.44,7.44,38.8,23.9,Clay,Tomato,Vegetative,29.4,59.8,1,5.0,3.4,Medium
47.64,32.52,60.5,2.04,51.3,6.6,Peaty,Maize,Maturity,18.2,35.2,0,0.0,0.0,Medium
42.14,31.91,77.04,1.02,40.9,21.0,Loamy,Sugarcane,Germination,0.8,11.0,1,10.1,6.3,High
29.28,21.27,21.58,2.48,46.5,26.3,Sandy,Maize,Germination,25.2,10.5,1,9.4,5.5,High
50.83,28.03,39.09,2.25,27.5,34.6,Clay,Wheat,Germination,0.0,58.0,0,0.0,0.0,Low
64.91,21.04,33.1,1.82,74.8,11.3,Sandy,Sugarcane,Flowering,16.2,68.9,0,0.0,0.0,Low
81.41,32.17,92.31,3.5,89.5,28.0,Clay,Cotton,Flowering,8.7,21.9,0,0.0,0.0,Low
40.14,39.49,65.88,0.62,54.2,11.3,Clay,Tomato,Maturity,10.5,4.6,1,11.9,6.0,High
55.56,28.5,35.99,2.04,75.6,20.8,Silty,Groundnut,Vegetative,7.5,54.6,0,0.0,0.0,Low
49.27,36.28,59.79,1.9,51.1,25.5,Clay,Cotton,Fruiting,8.7,10.1,0,0.0,0.0,Medium
91.65,19.93,76.74,5.36,88.1,24.3,Clay,Rice,Vegetative,0.5,7.7,0,0.0,0.0,Low
74.72,15.27,46.0,0.43,12.7,32.6,Sandy,Tomato,Flowering,23.3,70.3,0,0.0,0.0,Low
79.79,44.77,64.91,11.58,36.5,18.3,Peaty,Rice,Germination,23.8,16.8,0,0.0,0.0,Medium
56.13,37.75,75.36,2.5,46.8,35.5,Sandy,Cotton,Fruiting,24.4,58.6,0,0.0,0.0,Medium
85.19,36.36,22.99,9.45,4.6,35.3,Clay,Sugarcane,Maturity,15.7,9.9,0,0.0,0.0,Medium
20.23,28.3,58.79,2.21,53.9,20.7,Silty,Maize,Flowering,0.1,7.0,1,39.1,23.8,High
51.31,32.41,32.13,5.45,88.3,18.6,Sandy,Groundnut,Flowering,28.4,63.5,0,0.0,0.0,Low
51.22,27.79,87.25,1.68,53.4,38.2,Loamy,Sugarcane,Germination,8.7,57.6,1,5.7,4.2,Medium
63.21,43.06,24.72,6.86,30.4,20.0,Clay,Rice,Flowering,5.2,25.8,1,7.1,3.7,High
63.44,15.64,29.8,2.53,73.8,21.5,Silty,Cotton,Flowering,29.3,50.7,0,0.0,0.0,Low
46.98,31.36,72.35,4.46,4.3,17.1,Clay,Rice,Vegetative,12.9,31.2,1,23.6,14.2,High
71.59,34.97,53.77,4.49,71.9,5.1,Peaty,Rice,Germination,26.3,5.7,0,0.0,0.0,Medium
25.87,26.01,42.1,0.5,13.8,5.3,Sandy,Tomato,Maturity,7.2,22.1,1,9.6,6.3,High
27.61,16.44,31.25,1.65,18.6,14.6,Sandy,Tomato,Fruiting,13.7,19.6,1,13.8,7.6,High
92.61,15.88,23.3,5.27,60.8,21.0,Silty,Cotton,Maturity,5.2,18.6,0,0.0,0.0,Low
67.12,30.19,89.67,5.23,84.4,26.9,Clay,Maize,Maturity,1.1,67.4,0,0.0,0.0,Low
84.29,42.83,89.16,1.02,73.6,31.0,Loamy,Groundnut,Germination,17.1,0.8,0,0.0,0.0,Medium
45.99,16.06,52.91,0.2,78.9,21.2,Silty,Cotton,Maturity,1.2,44.1,0,0.0,0.0,Low
74.17,33.5,36.52,2.85,62.8,29.4,Silty,Groundnut,Germination,29.1,14.2,0,0.0,0.0,Medium
73.98,36.14,23.34,2.37,8.8,39.8,Peaty,Maize,Fruiting,0.6,61.8,0,0.0,0.0,Medium
48.66,26.77,80.4,6.52,24.9,33.5,Clay,Tomato,Vegetative,8.2,71.0,1,6.6,3.7,Medium
83.57,21.03,28.43,4.04,77.0,38.8,Peaty,Cotton,Fruiting,7.3,2.9,0,0.0,0.0,Low
74.75,44.81,26.14,5.95,39.1,21.0,Sandy,Tomato,Flowering,29.2,18.9,0,0.0,0.0,Medium
33.54,36.56,28.14,0.82,18.7,14.2,Sandy,Tomato,Maturity,7.3,44.4,1,6.8,5.2,Medium
31.58,16.39,58.73,0.1,46.8,35.4,Loamy,Groundnut,Maturity,28.0,45.4,0,0.0,0.0,Medium
79.18,43.08,90.61,0.04,72.7,12.4,Clay,Rice,Flowering,14.1,30.7,0,0.0,0.0,Medium
76.22,36.92,53.14,0.46,64.1,30.9,Clay,Cotton,Flowering,17.6,16.5,0,0.0,0.0,Medium
47.27,30.57,64.22,2.51,65.4,12.3,Loamy,Groundnut,Flowering,22.8,61.3,0,0.0,0.0,Low
54.34,40.55,76.39,2.76,34.7,7.5,Sandy,Sugarcane,Maturity,20.4,18.9,1,5.0,3.0,High
90.12,19.24,33.35,0.68,11.2,25.6,Sandy,Sugarcane,Maturity,26.4,3.3,0,0.0,0.0,Low
80.69,36.82,94.49,5.13,55.6,19.4,Loamy,Sugarcane,Germination,28.1,71.2,0,0.0,0.0,Medium
70.03,35.22,72.73,2.3,88.5,10.1,Loamy,Tomato,Flowering,23.3,35.5,0,0.0,0.0,Medium
76.34,28.86,44.48,0.17,83.3,1.8,Peaty,Groundnut,Fruiting,9.4,13.8,0,0.0,0.0,Low
71.94,23.03,76.33,0.05,26.8,15.0,Loamy,Maize,Flowering,28.5,51.6,0,0.0,0.0,Low
85.75,26.29,72.52,1.94,83.6,27.1,Peaty,Sugarcane,Germination,6.5,70.9,0,0.0,0.0,Low
90.26,20.13,34.88,7.51,85.8,8.0,Loamy,Sugarcane,Vegetative,6.3,45.1,0,0.0,0.0,Low
85.02,41.05,59.61,0.07,71.7,4.4,Silty,Cotton,Germination,5.0,24.9,0,0.0,0.0,Medium
54.8,23.21,30.09,7.65,17.3,22.9,Peaty,Tomato,Maturity,11.1,25.4,0,0.0,0.0,Low
28.04,23.13,23.56,1.58,5.3,22.0,Sandy,Cotton,Flowering,16.0,9.7,1,8.2,3.8,Medium
59.64,32.28,59.04,8.01,93.2,38.8,Peaty,Maize,Fruiting,4.8,48.7,0,0.0,0.0,Low
37.28,42.27,65.27,4.92,42.7,4.5,Loamy,Groundnut,Vegetative,13.7,39.7,1,5.0,3.0,High
76.99,36.82,21.86,2.54,88.4,0.7,Peaty,Sugarcane,Vegetative,27.8,25.4,0,0.0,0.0,Medium
64.89,40.76,85.24,1.92,51.4,33.4,Loamy,Maize,Fruiting,8.0,1.2,0,0.0,0.0,Medium
46.6,43.52,86.63,2.22,53.7,12.4,Loamy,Tomato,Germination,21.4,29.0,1,5.0,3.2,High
27.67,38.84,89.59,0.45,7.1,22.3,Sandy,Groundnut,Maturity,24.8,48.4,1,5.0,3.0,High
54.58,29.85,82.16,5.08,79.4,32.9,Clay,Wheat,Fruiting,14.5,34.9,0,0.0,0.0,Low
79.87,30.37,80.16,1.67,70.2,17.4,Sandy,Rice,Vegetative,22.8,12.6,0,0.0,0.0,Low
69.81,38.55,46.64,13.46,59.4,16.0,Loamy,Maize,Germination,21.9,53.9,0,0.0,0.0,Medium
51.67,21.34,51.56,5.95,21.3,15.6,Peaty,Sugarcane,Germination,4.5,20.9,1,5.0,4.1,Medium
34.95,16.1,81.68,0.67,57.9,18.7,Loamy,Cotton,Fruiting,26.7,31.5,0,0.0,0.0,Medium
20.36,39.13,25.4,0.21,53.7,6.4,Silty,Maize,Fruiting,12.7,9.9,1,34.9,20.0,High
56.85,31.83,75.51,2.79,39.2,4.7,Silty,Cotton,Vegetative,10.9,53.0,0,0.0,0.0,Low
17.42,23.28,90.14,1.84,12.8,17.3,Peaty,Groundnut,Fruiting,15.1,40.4,1,16.5,9.7,High
43.42,45.13,23.85,1.75,45.2,12.0,Sandy,Groundnut,Fruiting,4.5,56.4,1,5.5,4.2,Medium
67.43,29.65,77.65,6.3,10.4,15.4,Silty,Tomato,Vegetative,12.9,23.9,0,0.0,0.0,Low
65.38,32.16,60.52,0.69,69.5,29.6,Loamy,Maize,Fruiting,10.3,71.3,0,0.0,0.0,Low
56.35,38.22,70.15,5.79,93.9,23.2,Sandy,Cotton,Flowering,12.0,54.6,0,0.0,0.0,Medium
53.95,21.1,89.75,1.75,74.3,21.9,Silty,Groundnut,Maturity,20.1,69.0,0,0.0,0.0,Low
90.3,16.59,21.85,3.72,83.0,25.4,Clay,Cotton,Fruiting,20.9,26.7,0,0.0,0.0,Low
89.71,42.67,49.97,3.39,72.8,27.3,Loamy,Cotton,Flowering,6.9,6.2,0,0.0,0.0,Medium
71.28,34.73,77.99,1.81,63.0,21.6,Loamy,Rice,Germination,22.3,12.4,0,0.0,0.0,Medium
39.86,37.35,71.9,2.01,36.5,15.0,Loamy,Cotton,Vegetative,2.3,49.1,1,5.0,3.0,Medium
26.88,41.87,63.03,6.06,47.4,37.1,Sandy,Wheat,Maturity,16.6,9.1,1,8.8,3.7,High
23.1,23.77,62.06,3.32,2.7,18.6,Peaty,Maize,Flowering,5.6,40.4,1,25.8,15.3,High
91.58,42.12,21.86,0.73,82.7,26.8,Loamy,Sugarcane,Germination,1.7,43.0,0,0.0,0.0,Medium
69.24,34.1,55.25,5.86,34.2,10.7,Sandy,Groundnut,Fruiting,27.3,2.1,0,0.0,0.0,Medium
25.74,43.35,79.94,0.36,12.0,36.9,Clay,Maize,Vegetative,20.7,16.3,1,27.0,16.0,High
64.36,33.12,38.66,1.22,44.2,21.2,Sandy,Rice,Germination,14.8,21.5,0,0.0,0.0,Medium
68.46,45.52,55.93,4.91,80.5,37.1,Clay,Sugarcane,Germination,8.1,55.3,0,0.0,0.0,Medium
42.71,15.03,70.11,1.65,51.1,8.6,Silty,Groundnut,Vegetative,29.4,5.3,0,0.0,0.0,Low
55.1,41.61,62.31,1.3,60.6,3.6,Sandy,Maize,Germination,0.5,29.3,0,0.0,0.0,Medium
60.99,31.37,84.2,0.18,52.7,21.6,Peaty,Cotton,Flowering,2.9,17.3,0,0.0,0.0,Low
81.01,43.84,19.97,0.15,14.8,14.0,Sandy,Sugarcane,Germination,26.8,13.5,0,0.0,0.0,Medium
84.2,44.16,79.41,13.42,89.2,16.6,Clay,Wheat,Vegetative,27.4,51.3,0,0.0,0.0,Medium
73.87,25.82,30.87,1.19,58.3,12.7,Loamy,Rice,Germination,29.0,48.3,0,0.0,0.0,Low
64.24,40.11,90.32,1.15,15.6,3.0,Silty,Maize,Fruiting,23.9,29.5,1,5.5,3.8,Medium
55.39,18.88,46.75,0.59,29.5,24.6,Sandy,Sugarcane,Fruiting,11.8,38.9,1,5.5,3.0,Medium
80.06,35.28,44.38,4.62,90.0,8.7,Silty,Maize,Germination,11.8,71.2,0,0.0,0.0,Medium
58.98,19.54,61.02,1.29,43.4,13.4,Peaty,Rice,Germination,16.3,13.8,1,5.0,3.3,Medium
76.97,38.48,76.18,0.16,89.3,9.1,Sandy,Tomato,Fruiting,19.3,12.1,0,0.0,0.0,Medium
16.02,20.8,88.06,1.88,32.6,30.6,Sandy,Wheat,Germination,13.0,25.6,1,6.9,3.0,High
56.91,42.17,48.41,4.35,59.8,37.1,Peaty,Sugarcane,Vegetative,9.6,63.9,1,5.1,3.0,High
57.87,26.98,52.02,7.81,21.8,27.7,Peaty,Wheat,Germination,27.7,51.3,0,0.0,0.0,Low
78.23,20.08,82.1,1.03,80.9,36.8,Peaty,Sugarcane,Maturity,11.0,57.8,0,0.0,0.0,Low
60.88,29.87,79.62,3.17,23.2,17.5,Clay,Groundnut,Germination,5.3,38.3,0,0.0,0.0,Low
72.44,19.58,50.4,1.98,35.6,12.9,Clay,Sugarcane,Flowering,6.5,51.1,0,0.0,0.0,Low
81.2,40.96,42.67,2.86,97.9,23.8,Silty,Cotton,Fruiting,13.4,4.3,0,0.0,0.0,Medium
23.58,29.19,44.32,1.73,35.9,22.6,Sandy,Groundnut,Vegetative,29.7,36.1,1,7.5,4.4,Medium
82.31,24.21,82.12,3.05,89.8,25.2,Sandy,Cotton,Fruiting,25.1,3.9,0,0.0,0.0,Low
37.86,25.43,48.06,3.35,48.9,3.6,Clay,Wheat,Fruiting,2.8,13.7,0,0.0,0.0,Medium
63.22,36.11,47.3,4.18,62.0,18.4,Clay,Tomato,Germination,9.1,44.7,0,0.0,0.0,Medium
79.02,22.03,62.85,4.64,86.7,4.2,Peaty,Rice,Vegetative,19.2,2.5,0,0.0,0.0,Low
89.47,23.49,93.64,5.08,70.8,2.5,Sandy,Wheat,Fruiting,23.7,16.5,0,0.0,0.0,Low
38.36,34.61,60.81,2.72,41.6,12.0,Silty,Sugarcane,Maturity,22.3,53.7,1,16.5,11.1,High
64.33,42.58,51.56,4.46,47.0,11.8,Sandy,Maize,Flowering,23.9,14.6,0,0.0,0.0,Medium
81.51,36.95,75.07,0.23,89.5,17.7,Sandy,Tomato,Flowering,28.8,7.2,0,0.0,0.0,Medium
27.82,43.65,49.7,0.69,55.1,4.4,Clay,Cotton,Vegetative,6.2,28.6,1,18.6,12.8,High
48.91,31.88,69.45,1.86,80.4,4.5,Sandy,Cotton,Germination,1.3,38.6,0,0.0,0.0,Low
71.35,31.06,62.46,3.99,27.0,14.1,Sandy,Maize,Flowering,9.3,39.3,0,0.0,0.0,Low
69.9,28.84,73.84,1.23,62.5,19.9,Clay,Maize,Maturity,26.4,8.1,0,0.0,0.0,Low
63.85,32.1,27.01,5.4,75.3,18.4,Silty,Groundnut,Fruiting,26.9,20.8,0,0.0,0.0,Low
78.06,37.5,82.7,0.67,20.1,1.7,Sandy,Tomato,Maturity,24.2,26.0,0,0.0,0.0,Medium
38.42,35.34,81.19,2.36,3.2,24.8,Loamy,Sugarcane,Germination,18.5,49.3,1,13.6,7.7,High
64.57,37.89,78.09,4.67,93.0,4.7,Clay,Tomato,Flowering,27.1,12.8,0,0.0,0.0,Medium
62.53,32.81,65.73,0.39,54.9,0.5,Loamy,Sugarcane,Flowering,20.9,5.2,0,0.0,0.0,Medium
20.68,38.82,65.21,2.16,3.4,26.1,Sandy,Cotton,Maturity,27.9,49.4,1,8.2,3.9,High
91.24,36.47,49.11,0.73,75.9,31.4,Sandy,Tomato,Fruiting,11.3,36.5,0,0.0,0.0,Medium
44.89,36.22,70.96,2.84,14.6,33.5,Loamy,Maize,Fruiting,6.6,6.2,1,11.0,8.4,Medium
56.77,35.41,39.21,0.37,1.6,4.3,Clay,Rice,Fruiting,16.6,4.6,1,15.4,9.0,Medium
75.51,21.88,87.0,11.69,64.8,36.7,Loamy,Groundnut,Vegetative,1.0,71.8,0,0.0,0.0,Low
72.83,34.22,52.52,0.87,33.4,13.7,Sandy,Wheat,Flowering,24.0,33.0,0,0.0,0.0,Medium
82.73,22.57,67.8,2.9,82.1,7.1,Loamy,Tomato,Flowering,0.8,50.1,0,0.0,0.0,Low
92.59,33.66,73.54,1.4,68.0,28.5,Loamy,Maize,Maturity,1.9,13.8,0,0.0,0.0,Medium
42.49,22.95,25.53,3.94,29.9,18.1,Silty,Sugarcane,Maturity,24.1,40.7,1,13.6,8.1,High
64.05,16.07,64.12,3.84,77.4,6.0,Silty,Groundnut,Maturity,5.3,47.7,0,0.0,0.0,Low
15.03,17.49,93.87,2.66,25.7,22.5,Clay,Cotton,Germination,24.0,66.6,1,20.4,11.9,High
62.61,24.44,51.38,3.44,35.3,25.1,Clay,Cotton,Vegetative,23.9,27.5,0,0.0,0.0,Low
57.75,42.95,22.54,2.08,85.4,23.5,Clay,Wheat,Germination,11.9,49.0,0,0.0,0.0,Medium
30.29,33.24,56.29,0.46,5.6,25.0,Loamy,Wheat,Fruiting,7.3,68.9,1,12.3,7.3,Medium
19.22,43.06,37.7,1.65,1.5,35.2,Sandy,Cotton,Maturity,25.8,23.7,1,8.5,4.7,High
64.37,22.51,92.8,1.43,56.6,28.2,Sandy,Tomato,Germination,20.6,24.3,0,0.0,0.0,Low
42.71,38.19,90.78,0.37,33.5,12.8,Silty,Sugarcane,Maturity,24.3,54.7,1,12.9,10.7,High
56.19,21.11,36.57,1.76,76.8,10.6,Loamy,Groundnut,Vegetative,18.0,17.1,0,0.0,0.0,Low
89.4,40.39,32.9,0.52,65.7,34.8,Peaty,Wheat,Maturity,19.3,37.8,0,0.0,0.0,Medium
82.11,26.35,92.38,2.54,93.8,0.3,Clay,Sugarcane,Germination,21.5,53.6,0,0.0,0.0,Low
68.88,25.05,49.61,13.79,20.8,21.8,Sandy,Cotton,Flowering,23.8,71.5,0,0.0,0.0,Low
41.51,30.42,72.88,4.11,25.3,35.0,Sandy,Wheat,Flowering,6.3,62.3,1,6.0,3.1,Medium
65.97,42.09,23.05,5.97,36.0,25.6,Loamy,Cotton,Flowering,4.6,40.8,0,0.0,0.0,Medium
58.65,37.79,83.03,4.3,35.4,39.9,Sandy,Sugarcane,Vegetative,0.7,26.1,1,5.0,3.0,Medium
44.79,33.4,85.94,1.3,55.3,25.7,Silty,Tomato,Vegetative,27.1,26.1,0,0.0,0.0,Medium
60.98,33.23,92.56,5.11,86.9,21.7,Peaty,Wheat,Maturity,21.1,31.6,0,0.0,0.0,Medium
61.7,38.3,44.88,1.92,79.9,1.9,Sandy,Maize,Germination,11.9,16.6,0,0.0,0.0,Medium
42.53,39.59,21.03,7.1,22.7,28.2,Sandy,Groundnut,Fruiting,16.1,51.7,1,5.5,3.0,Medium
69.11,24.34,31.16,1.65,96.4,16.5,Clay,Tomato,Vegetative,13.3,0.9,0,0.0,0.0,Low
41.19,43.14,72.71,0.49,39.3,2.3,Clay,Wheat,Vegetative,23.3,39.9,1,5.0,4.2,High
73.05,34.65,83.78,8.57,99.7,11.3,Peaty,Wheat,Maturity,13.5,40.6,0,0.0,0.0,Medium
32.34,38.79,86.78,3.48,26.8,4.9,Loamy,Cotton,Fruiting,25.0,25.0,1,11.0,6.9,High
29.39,44.02,25.63,8.27,28.9,27.6,Loamy,Groundnut,Fruiting,29.0,7.3,0,0.0,0.0,High
73.93,18.66,57.78,9.1,69.9,24.7,Loamy,Cotton,Fruiting,5.4,31.2,0,0.0,0.0,Low
53.13,20.31,22.87,3.81,28.0,28.6,Loamy,Tomato,Fruiting,3.3,67.1,1,5.5,5.0,Medium
39.75,38.24,94.21,1.41,17.0,34.1,Sandy,Maize,Maturity,17.9,28.1,1,7.5,3.9,High
22.86,34.71,65.38,1.6,37.3,22.6,Sandy,Tomato,Fruiting,26.3,59.4,1,14.7,9.7,High
88.99,21.03,59.4,0.58,63.5,11.7,Loamy,Sugarcane,Vegetative,24.2,33.4,0,0.0,0.0,Low
80.95,22.29,43.86,0.81,90.8,20.1,Silty,Maize,Fruiting,12.5,45.4,0,0.0,0.0,Low
62.78,21.71,28.35,3.44,44.1,31.9,Peaty,Cotton,Flowering,25.4,22.5,0,0.0,0.0,Low
60.92,43.75,79.8,0.64,28.8,39.3,Loamy,Rice,Flowering,23.5,32.2,1,8.9,5.8,High
64.06,24.7,45.73,2.35,38.4,0.1,Sandy,Maize,Fruiting,22.6,53.8,0,0.0,0.0,Low
58.57,42.1,52.18,1.12,91.6,16.3,Sandy,Wheat,Maturity,2.9,57.1,0,0.0,0.0,Medium
65.35,34.27,39.4,1.7,5.7,23.5,Loamy,Tomato,Maturity,12.4,30.3,0,0.0,0.0,Medium
57.28,28.39,30.13,2.22,73.5,22.1,Loamy,Wheat,Germination,10.6,46.0,0,0.0,0.0,Low
57.96,19.75,28.1,10.1,28.2,36.3,Peaty,Sugarcane,Germination,11.6,50.5,0,0.0,0.0,Medium
77.31,24.41,69.54,3.69,77.9,22.6,Sandy,Sugarcane,Germination,29.0,44.0,0,0.0,0.0,Low
42.51,27.45,26.98,6.69,24.6,2.6,Sandy,Groundnut,Germination,25.4,29.3,0,0.0,0.0,Low
35.41,35.81,73.22,3.44,39.3,15.8,Clay,Maize,Vegetative,4.7,49.9,1,16.4,10.1,Medium
70.6,33.14,56.78,3.8,15.6,36.8,Sandy,Sugarcane,Vegetative,8.1,8.9,0,0.0,0.0,Medium
49.79,32.72,59.43,5.09,74.9,16.0,Clay,Cotton,Maturity,23.1,12.1,0,0.0,0.0,Low
54.52,25.66,74.71,1.07,0.1,15.2,Loamy,Groundnut,Vegetative,4.5,36.3,0,0.0,0.0,Low
79.83,24.95,28.54,1.05,88.6,12.1,Peaty,Wheat,Fruiting,18.4,30.8,0,0.0,0.0,Low
38.53,31.7,25.06,2.41,57.6,8.6,Clay,Cotton,Vegetative,13.8,44.8,0,0.0,0.0,Medium
81.43,40.29,61.56,2.43,63.2,17.6,Peaty,Maize,Maturity,3.3,69.2,0,0.0,0.0,Medium
43.92,31.66,21.36,10.92,47.2,15.7,Loamy,Tomato,Germination,12.7,17.4,0,0.0,0.0,Medium
65.74,19.0,71.93,7.48,72.6,3.0,Sandy,Wheat,Germination,0.1,36.8,0,0.0,0.0,Low
64.51,28.4,32.2,4.02,92.0,1.7,Loamy,Cotton,Flowering,29.9,52.8,0,0.0,0.0,Low
16.31,23.21,82.26,0.02,22.3,24.2,Sandy,Groundnut,Flowering,14.0,31.4,1,11.7,7.4,High
48.95,28.44,69.99,0.16,18.0,25.1,Peaty,Cotton,Flowering,23.2,29.0,0,0.0,0.0,Low
35.75,28.79,87.06,1.9,41.4,23.1,Silty,Maize,Flowering,10.6,15.4,1,23.3,15.7,Medium
71.46,19.13,46.92,2.73,14.2,25.9,Peaty,Maize,Flowering,8.8,32.4,0,0.0,0.0,Low
67.37,25.33,81.27,3.14,29.0,33.8,Loamy,Rice,Fruiting,15.0,70.3,1,5.5,3.1,Medium
37.84,30.24,66.58,2.87,17.0,27.5,Peaty,Groundnut,Maturity,15.5,2.2,1,5.0,3.5,Medium
60.16,36.09,46.72,2.66,31.1,40.0,Loamy,Wheat,Vegetative,18.4,30.5,0,0.0,0.0,Medium
33.35,33.58,26.55,6.49,26.9,9.8,Sandy,Wheat,Fruiting,17.3,39.2,1,10.4,6.2,Medium
63.99,41.21,43.0,1.03,20.6,19.0,Sandy,Sugarcane,Vegetative,6.2,43.8,1,5.0,3.0,High
71.47,29.35,89.38,9.35,92.7,10.5,Peaty,Sugarcane,Flowering,8.9,31.8,0,0.0,0.0,Low
52.11,38.63,55.63,4.82,50.6,15.1,Peaty,Groundnut,Maturity,27.0,23.1,0,0.0,0.0,Medium
58.01,31.39,82.57,2.31,51.7,36.2,Peaty,Cotton,Maturity,27.3,15.7,0,0.0,0.0,Low
78.23,26.68,75.8,2.02,15.4,9.7,Peaty,Maize,Flowering,4.5,52.3,0,0.0,0.0,Low
82.07,25.7,76.81,1.17,78.8,27.2,Peaty,Sugarcane,Germination,11.1,14.8,0,0.0,0.0,Low
60.23,27.76,26.14,2.07,49.4,23.5,Clay,Rice,Flowering,18.4,63.2,1,12.3,7.5,Medium
49.66,24.33,58.64,2.64,6.7,26.1,Loamy,Maize,Fruiting,16.1,60.0,1,5.5,3.0,Medium
69.08,32.45,20.79,1.21,6.2,20.9,Peaty,Maize,Fruiting,6.2,38.0,0,0.0,0.0,Low
44.53,15.64,27.9,2.4,59.1,1.2,Peaty,Cotton,Fruiting,25.2,52.0,0,0.0,0.0,Medium
61.18,15.94,87.76,0.22,37.6,3.2,Clay,Wheat,Vegetative,4.2,63.7,0,0.0,0.0,Low
69.93,35.8,91.37,3.67,99.4,27.5,Sandy,Rice,Vegetative,24.8,20.5,0,0.0,0.0,Medium
43.47,36.65,23.49,2.44,7.0,10.7,Sandy,Groundnut,Flowering,24.2,40.4,1,6.0,3.2,Medium
62.53,32.32,75.99,0.96,28.4,26.2,Clay,Groundnut,Fruiting,29.1,24.6,0,0.0,0.0,Low
37.11,26.0,90.24,5.95,28.6,6.3,Clay,Cotton,Vegetative,10.7,49.1,1,9.7,5.7,Medium
67.69,17.42,86.22,4.36,19.7,24.8,Loamy,Tomato,Flowering,26.7,33.7,0,0.0,0.0,Low
48.65,24.42,32.11,0.12,16.7,18.1,Loamy,Sugarcane,Flowering,7.8,63.0,1,14.5,10.5,Medium
76.45,38.56,66.67,5.15,60.1,38.5,Loamy,Cotton,Germination,23.5,63.2,0,0.0,0.0,Medium
82.19,33.18,78.3,4.04,66.2,33.1,Clay,Tomato,Maturity,16.0,17.1,0,0.0,0.0,Medium
25.74,43.36,32.7,3.14,24.4,36.1,Clay,Maize,Vegetative,19.7,57.0,1,27.9,16.6,High
69.33,29.35,61.29,0.29,37.7,12.7,Peaty,Rice,Germination,19.8,50.7,1,5.0,3.3,Medium
57.83,35.34,59.53,5.16,30.0,32.6,Silty,Sugarcane,Fruiting,2.9,70.4,1,11.5,7.1,Medium
68.35,28.22,22.05,4.67,31.7,34.2,Sandy,Tomato,Maturity,19.8,23.4,0,0.0,0.0,Low
88.71,38.33,21.96,0.82,54.3,28.7,Silty,Rice,Flowering,19.2,27.4,0,0.0,0.0,Medium
31.8,42.47,59.62,0.44,57.3,3.7,Sandy,Maize,Germination,0.9,37.0,1,5.4,3.2,High
81.18,35.5,88.16,0.1,81.2,22.5,Peaty,Sugarcane,Fruiting,28.7,53.8,0,0.0,0.0,Medium
64.42,37.15,47.07,5.17,54.0,12.2,Clay,Rice,Maturity,2.0,68.0,1,5.7,4.9,Medium
41.91,40.32,22.86,9.38,42.4,11.6,Sandy,Cotton,Fruiting,24.0,34.2,0,0.0,0.0,High
88.44,25.25,26.72,4.2,72.7,36.5,Peaty,Rice,Fruiting,24.9,53.7,0,0.0,0.0,Low
32.71,27.02,25.82,1.03,54.4,11.0,Sandy,Tomato,Flowering,15.8,12.2,1,12.3,8.8,Medium
12.53,20.91,89.9,3.58,5.1,11.7,Peaty,Groundnut,Germination,24.9,65.3,1,9.6,5.6,High
57.3,44.97,65.58,4.63,33.4,33.3,Clay,Maize,Fruiting,20.9,21.2,1,5.5,4.1,Medium
80.43,43.47,49.26,1.54,66.6,32.4,Loamy,Tomato,Germination,21.0,26.9,0,0.0,0.0,Medium
44.78,21.35,50.25,14.41,0.1,7.9,Silty,Sugarcane,Fruiting,21.5,25.4,0,0.0,0.0,Medium
52.99,41.26,86.38,0.7,16.3,21.9,Silty,Wheat,Vegetative,28.7,27.2,1,5.0,3.9,Medium
59.25,15.6,75.97,0.82,0.2,34.9,Sandy,Sugarcane,Fruiting,7.2,18.9,1,5.5,3.0,Medium
88.18,18.15,63.48,2.84,72.9,30.4,Clay,Sugarcane,Vegetative,19.9,15.5,0,0.0,0.0,Low
29.82,22.55,31.64,0.69,40.0,29.6,Loamy,Wheat,Germination,21.0,35.4,1,6.7,4.4,Medium
48.89,21.7,67.95,1.45,48.2,33.4,Peaty,Tomato,Flowering,19.6,47.3,0,0.0,0.0,Medium
60.96,44.93,34.26,2.65,84.3,23.5,Sandy,Groundnut,Fruiting,2.4,26.0,0,0.0,0.0,Medium
78.32,30.1,67.29,0.79,71.9,21.9,Silty,Sugarcane,Fruiting,24.3,17.5,0,0.0,0.0,Low
35.61,16.47,81.03,0.41,36.8,19.1,Peaty,Groundnut,Fruiting,21.8,43.0,1,5.5,3.2,Medium
74.31,30.18,57.96,3.88,49.9,24.3,Silty,Maize,Fruiting,12.0,27.7,0,0.0,0.0,Low
90.24,38.91,39.89,3.96,61.0,6.8,Sandy,Groundnut,Germination,6.0,71.3,0,0.0,0.0,Medium
53.64,27.99,71.55,3.02,11.5,31.2,Peaty,Cotton,Germination,19.7,11.2,0,0.0,0.0,Low
84.42,33.96,61.84,0.77,91.8,7.6,Peaty,Wheat,Flowering,29.0,52.4,0,0.0,0.0,Medium
18.53,18.37,27.13,1.23,14.0,10.7,Sandy,Wheat,Maturity,17.9,10.5,1,10.3,5.4,High
95.06,37.86,85.25,6.33,78.4,16.3,Clay,Rice,Fruiting,11.4,46.0,0,0.0,0.0,Medium
34.15,18.98,55.67,0.84,34.9,6.5,Clay,Maize,Germination,2.3,66.2,1,14.6,6.4,Medium
18.49,16.84,85.67,3.94,31.7,20.2,Loamy,Cotton,Vegetative,21.2,5.1,1,19.9,13.5,High
42.66,35.85,86.63,0.48,23.0,4.3,Clay,Sugarcane,Germination,15.4,23.1,1,14.8,9.2,High
28.64,43.38,49.0,0.2,38.8,5.8,Loamy,Wheat,Germination,18.5,4.9,1,10.5,5.6,High
69.91,25.04,21.87,1.34,88.9,27.6,Peaty,Sugarcane,Flowering,17.7,64.2,0,0.0,0.0,Low
44.88,26.35,52.21,4.97,8.9,15.5,Sandy,Rice,Flowering,4.2,0.3,1,15.4,10.5,High
87.68,33.31,70.74,2.11,69.4,6.9,Loamy,Wheat,Germination,4.2,28.9,0,0.0,0.0,Medium
73.98,27.41,53.4,0.19,13.9,15.7,Peaty,Sugarcane,Vegetative,1.4,24.1,0,0.0,0.0,Low
70.87,38.66,73.5,0.8,63.4,25.7,Peaty,Tomato,Vegetative,14.8,50.0,0,0.0,0.0,Medium
23.05,19.09,63.55,0.28,49.1,24.8,Silty,Maize,Maturity,6.2,24.1,1,21.0,11.5,High
77.12,20.12,72.33,9.67,64.1,24.7,Loamy,Tomato,Maturity,2.7,52.5,0,0.0,0.0,Low
65.26,38.95,89.13,13.8,58.1,4.4,Clay,Rice,Germination,23.6,2.0,0,0.0,0.0,High
64.89,41.37,32.4,8.05,94.7,34.9,Peaty,Maize,Maturity,25.7,35.8,0,0.0,0.0,Medium
16.17,18.24,82.59,4.5,32.7,26.3,Loamy,Cotton,Fruiting,15.2,1.3,1,22.7,13.4,High
77.0,26.23,73.7,1.38,42.3,22.6,Sandy,Tomato,Germination,3.3,2.4,0,0.0,0.0,Low
73.88,33.72,62.33,3.02,87.4,29.9,Clay,Maize,Germination,13.9,46.1,0,0.0,0.0,Medium
83.22,19.28,40.13,1.35,14.4,1.8,Peaty,Sugarcane,Flowering,0.4,4.4,0,0.0,0.0,Low
92.42,20.88,74.85,0.19,91.9,3.2,Loamy,Rice,Germination,14.7,32.3,0,0.0,0.0,Low
70.59,35.4,59.97,4.99,64.8,35.1,Sandy,Maize,Fruiting,17.7,62.7,0,0.0,0.0,Medium
29.67,38.12,72.64,0.38,59.1,38.8,Loamy,Tomato,Germination,25.6,50.6,1,11.4,7.8,High
61.15,34.29,86.16,4.61,11.2,15.2,Clay,Wheat,Germination,12.5,70.0,1,5.0,3.4,Medium
43.12,23.86,77.5,6.38,26.1,3.8,Silty,Sugarcane,Fruiting,23.8,31.4,1,20.9,11.7,High
79.21,32.74,32.69,1.96,65.8,17.3,Sandy,Cotton,Maturity,13.5,24.0,0,0.0,0.0,Low
31.27,26.12,23.28,12.98,26.4,5.1,Loamy,Cotton,Flowering,22.2,21.2,0,0.0,0.0,Medium
83.77,15.28,77.42,4.04,83.0,33.7,Peaty,Rice,Germination,23.4,35.5,0,0.0,0.0,Low
55.59,23.33,33.73,10.72,71.7,33.4,Sandy,Maize,Maturity,10.6,53.5,0,0.0,0.0,Low
47.53,18.68,67.0,0.83,27.8,35.9,Silty,Maize,Fruiting,11.8,52.1,1,6.6,6.1,Medium
46.84,33.65,29.22,2.03,65.5,23.2,Clay,Groundnut,Vegetative,4.8,48.3,0,0.0,0.0,Medium
68.21,21.75,80.76,0.8,67.7,17.2,Silty,Sugarcane,Germination,21.4,15.7,0,0.0,0.0,Low
44.67,15.17,55.88,1.68,23.4,2.1,Clay,Maize,Fruiting,23.6,51.5,1,10.4,6.5,Medium
87.3,33.17,54.51,0.28,99.7,22.1,Silty,Rice,Vegetative,12.2,39.4,0,0.0,0.0,Medium
44.08,41.83,63.51,3.06,40.8,27.0,Clay,Tomato,Fruiting,14.3,7.4,1,12.5,6.1,High
82.06,24.91,72.24,8.51,62.6,5.9,Loamy,Tomato,Germination,3.1,62.8,0,0.0,0.0,Low
84.53,36.25,85.82,0.28,33.7,15.9,Silty,Sugarcane,Fruiting,28.7,8.7,0,0.0,0.0,Medium
68.85,18.44,24.98,5.73,77.5,10.5,Silty,Tomato,Flowering,9.3,46.6,0,0.0,0.0,Low
61.16,26.23,59.79,0.09,5.8,27.0,Loamy,Wheat,Vegetative,21.3,53.1,0,0.0,0.0,Low
84.65,44.89,30.0,10.07,60.1,32.5,Sandy,Sugarcane,Germination,17.1,50.7,0,0.0,0.0,Medium
52.06,43.89,38.57,0.03,43.4,14.4,Loamy,Maize,Flowering,23.9,60.7,1,6.0,3.0,High
18.0,38.0,32.76,0.14,8.1,26.3,Sandy,Groundnut,Germination,14.8,11.0,1,8.3,4.4,High
82.33,30.63,74.91,2.92,76.1,29.0,Clay,Tomato,Flowering,24.6,46.5,0,0.0,0.0,Low
86.36,42.94,63.92,0.59,66.4,39.6,Peaty,Wheat,Maturity,22.4,15.0,0,0.0,0.0,Medium
87.56,17.0,55.73,0.94,71.5,38.3,Silty,Rice,Flowering,26.6,32.6,0,0.0,0.0,Low
55.15,22.55,81.23,9.01,46.5,28.0,Sandy,Cotton,Vegetative,19.9,39.4,0,0.0,0.0,Low
87.58,40.23,30.3,0.09,93.4,5.9,Loamy,Maize,Flowering,24.7,51.0,0,0.0,0.0,Medium
85.52,17.69,87.04,6.1,99.8,23.4,Loamy,Maize,Maturity,6.1,48.1,0,0.0,0.0,Low
76.77,35.94,87.97,0.41,26.5,36.8,Silty,Maize,Fruiting,14.5,27.0,0,0.0,0.0,Medium
59.32,26.22,27.95,10.63,57.4,5.1,Silty,Rice,Flowering,16.4,38.4,0,0.0,0.0,Medium
19.38,26.32,67.11,0.36,31.3,16.7,Silty,Groundnut,Maturity,15.2,6.1,1,12.6,6.9,High
89.65,37.05,65.53,1.36,18.2,27.5,Sandy,Sugarcane,Maturity,14.0,52.1,0,0.0,0.0,Medium
45.22,19.84,23.51,0.2,94.2,39.4,Sandy,Groundnut,Maturity,10.1,8.2,0,0.0,0.0,Low
66.67,15.64,53.77,7.15,30.5,7.8,Loamy,Cotton,Flowering,3.2,3.7,0,0.0,0.0,Low
94.9,37.05,22.08,3.38,64.1,38.6,Peaty,Sugarcane,Maturity,11.3,42.5,0,0.0,0.0,Medium
47.79,26.12,69.76,1.2,87.7,4.3,Silty,Wheat,Germination,6.3,20.6,0,0.0,0.0,Low
56.61,35.08,37.27,0.82,57.5,22.4,Peaty,Groundnut,Fruiting,22.7,48.3,0,0.0,0.0,Medium
55.47,25.67,35.89,2.2,66.8,32.0,Clay,Cotton,Fruiting,5.0,1.4,0,0.0,0.0,Low
60.78,17.78,49.33,0.7,68.0,14.6,Silty,Tomato,Germination,10.5,16.2,0,0.0,0.0,Low
47.21,39.71,76.1,1.22,6.4,8.1,Loamy,Maize,Germination,28.7,52.0,1,5.0,3.0,High
43.27,36.61,62.02,14.96,42.5,7.0,Silty,Wheat,Germination,7.1,40.4,0,0.0,0.0,Medium
86.64,16.77,60.51,3.53,24.4,29.6,Clay,Sugarcane,Flowering,4.1,36.8,0,0.0,0.0,Low
70.44,19.35,88.91,1.8,37.2,18.4,Peaty,Tomato,Flowering,19.8,4.3,0,0.0,0.0,Low
50.95,17.39,60.79,6.58,51.5,29.6,Loamy,Sugarcane,Maturity,13.4,23.4,1,7.0,4.0,Medium
71.58,35.95,32.17,0.81,69.2,31.2,Sandy,Sugarcane,Maturity,7.7,22.1,0,0.0,0.0,Medium
62.98,25.72,53.56,1.48,96.0,30.7,Silty,Maize,Flowering,11.5,39.2,0,0.0,0.0,Low
50.29,42.78,29.92,0.09,30.1,31.9,Sandy,Groundnut,Flowering,13.1,18.5,0,0.0,0.0,Medium
30.92,30.25,32.18,0.41,1.2,25.2,Clay,Cotton,Maturity,3.2,23.2,1,9.2,4.4,Medium
81.19,19.07,55.91,1.1,93.1,8.8,Loamy,Cotton,Vegetative,15.5,0.8,0,0.0,0.0,Low
80.76,23.01,56.9,1.12,92.2,21.5,Silty,Wheat,Maturity,2.5,2.9,0,0.0,0.0,Low
47.55,15.58,79.74,2.54,98.6,23.6,Loamy,Cotton,Vegetative,1.5,63.6,0,0.0,0.0,Low
21.0,39.04,53.55,4.35,1.3,1.1,Clay,Cotton,Fruiting,6.3,55.0,1,33.6,21.0,High
19.79,27.77,26.84,3.89,33.7,31.8,Clay,Groundnut,Maturity,16.2,36.6,1,14.3,7.8,High
21.88,22.09,73.51,0.46,32.9,17.7,Sandy,Groundnut,Vegetative,13.5,11.3,1,9.3,7.5,Medium
35.98,25.08,72.69,5.9,38.0,38.6,Peaty,Tomato,Flowering,9.5,66.3,1,17.4,9.9,Medium
63.24,22.46,65.5,2.57,39.7,39.6,Sandy,Groundnut,Flowering,22.5,38.7,0,0.0,0.0,Low
90.05,41.91,30.78,2.13,64.7,20.7,Peaty,Maize,Fruiting,29.7,8.3,0,0.0,0.0,Medium
65.98,31.22,61.23,0.28,41.1,21.8,Sandy,Rice,Germination,27.0,65.3,1,5.0,3.0,Medium
58.67,36.96,83.77,1.85,59.4,33.8,Peaty,Cotton,Germination,19.7,58.7,0,0.0,0.0,Medium
72.69,28.98,67.24,1.22,67.8,18.5,Loamy,Tomato,Germination,25.7,3.6,0,0.0,0.0,Low
64.23,31.71,39.7,9.44,24.4,36.2,Sandy,Tomato,Germination,22.2,55.1,0,0.0,0.0,Low
83.6,19.38,44.33,0.44,72.5,6.4,Loamy,Maize,Flowering,20.8,33.1,0,0.0,0.0,Low
42.95,23.86,68.64,0.16,48.0,10.7,Clay,Maize,Vegetative,10.6,4.4,0,0.0,0.0,Medium
28.66,17.62,36.18,4.57,27.9,5.8,Clay,Groundnut,Fruiting,17.5,50.6,1,9.6,5.7,Medium
38.4,31.77,76.22,3.33,27.7,10.2,Sandy,Groundnut,Fruiting,22.0,6.8,1,5.5,3.9,Medium
92.57,36.68,28.82,0.72,97.6,29.1,Sandy,Rice,Fruiting,9.1,53.4,0,0.0,0.0,Medium
73.7,29.41,81.46,5.37,85.1,32.1,Clay,Maize,Fruiting,11.4,59.9,0,0.0,0.0,Low
80.13,36.98,33.89,1.71,62.0,1.0,Peaty,Rice,Maturity,4.6,39.0,0,0.0,0.0,Medium
93.9,18.64,60.52,2.83,99.8,39.0,Loamy,Wheat,Germination,10.5,71.4,0,0.0,0.0,Low
65.28,37.45,47.8,7.02,28.3,38.7,Clay,Maize,Maturity,29.7,3.9,0,0.0,0.0,Medium
53.34,23.04,84.54,4.37,34.0,0.1,Clay,Tomato,Fruiting,7.1,53.7,1,6.1,3.1,Medium
85.2,43.91,54.58,5.23,70.0,38.7,Sandy,Cotton,Maturity,2.3,51.4,0,0.0,0.0,Medium
59.4,42.33,80.25,12.02,80.7,0.4,Peaty,Wheat,Maturity,0.9,6.8,0,0.0,0.0,Medium
87.74,43.79,24.24,3.07,77.7,18.8,Silty,Sugarcane,Fruiting,27.8,53.6,0,0.0,0.0,Medium
47.52,35.63,55.21,0.39,5.9,38.1,Clay,Groundnut,Maturity,3.1,61.7,1,5.0,3.1,Medium
71.59,25.05,79.76,4.68,95.3,36.7,Sandy,Rice,Flowering,24.9,32.5,0,0.0,0.0,Low
94.77,37.56,87.33,3.16,14.4,37.4,Sandy,Rice,Flowering,13.0,42.8,0,0.0,0.0,Medium
27.02,23.47,40.51,3.11,5.5,3.2,Peaty,Wheat,Vegetative,26.2,45.3,1,13.4,7.3,Medium
93.69,27.4,30.99,0.89,92.6,5.6,Clay,Cotton,Germination,15.1,32.9,0,0.0,0.0,Low
86.39,30.82,43.1,3.69,72.4,13.3,Loamy,Rice,Germination,7.8,52.4,0,0.0,0.0,Low
37.37,25.89,20.43,4.31,56.0,36.0,Peaty,Sugarcane,Maturity,8.1,52.7,1,12.7,8.4,High
78.15,37.21,34.12,0.81,79.3,3.7,Loamy,Sugarcane,Germination,0.7,25.0,0,0.0,0.0,Medium
35.16,17.9,94.13,1.06,8.4,0.2,Peaty,Cotton,Germination,18.9,23.9,1,5.1,3.9,Medium
65.29,24.01,70.45,3.11,57.8,4.6,Loamy,Rice,Germination,10.7,35.4,0,0.0,0.0,Medium
75.56,43.5,35.6,5.08,24.7,17.2,Loamy,Rice,Flowering,4.8,53.1,1,6.0,5.5,Medium
65.33,31.5,75.93,2.56,19.4,23.8,Loamy,Tomato,Fruiting,4.2,58.8,1,5.5,3.2,Low
55.7,38.03,74.38,7.03,3.4,17.9,Clay,Wheat,Germination,2.9,29.6,0,0.0,0.0,Medium
18.47,28.99,34.5,2.64,48.5,20.8,Loamy,Groundnut,Vegetative,15.5,3.6,1,18.7,10.9,High
57.82,15.47,88.91,1.47,98.9,30.5,Peaty,Maize,Maturity,19.8,19.5,0,0.0,0.0,Low
71.29,40.7,81.6,0.39,37.4,26.5,Loamy,Sugarcane,Fruiting,25.8,10.1,0,0.0,0.0,Medium
62.12,30.69,83.33,0.19,22.7,10.4,Loamy,Rice,Maturity,24.1,27.8,1,5.0,3.0,Medium
21.0,36.58,48.62,0.24,1.2,11.5,Peaty,Tomato,Fruiting,6.9,30.2,1,28.2,17.1,High
67.19,30.24,58.33,0.92,66.3,37.8,Clay,Cotton,Maturity,22.5,46.5,0,0.0,0.0,Low
95.2,37.94,92.64,0.89,83.6,24.3,Peaty,Rice,Vegetative,28.4,70.1,0,0.0,0.0,Medium
38.35,16.24,61.64,3.98,25.3,9.0,Loamy,Sugarcane,Vegetative,2.8,47.3,1,18.3,11.0,High
67.39,35.18,27.19,7.2,48.7,15.7,Clay,Cotton,Vegetative,13.1,51.9,0,0.0,0.0,Medium
64.38,26.88,88.42,2.26,70.5,33.8,Loamy,Tomato,Vegetative,5.1,4.9,0,0.0,0.0,Low
90.81,43.6,44.92,1.57,77.1,17.3,Silty,Cotton,Fruiting,15.1,25.0,0,0.0,0.0,Medium
74.21,44.86,76.74,1.58,82.6,21.9,Silty,Sugarcane,Fruiting,22.3,53.7,0,0.0,0.0,Medium
59.0,41.92,31.63,1.47,46.4,11.9,Loamy,Wheat,Maturity,27.4,29.7,0,0.0,0.0,Medium
78.84,16.26,88.43,6.44,97.1,28.7,Clay,Cotton,Maturity,16.8,9.1,0,0.0,0.0,Low
68.47,34.76,82.92,0.61,61.4,2.1,Loamy,Sugarcane,Germination,20.2,5.1,0,0.0,0.0,Medium
90.85,15.3,48.43,0.21,79.2,29.5,Clay,Tomato,Germination,7.1,32.9,0,0.0,0.0,Low
89.39,23.51,88.24,19.92,91.9,31.1,Clay,Sugarcane,Flowering,17.2,13.7,0,0.0,0.0,Low
47.72,34.26,62.33,1.4,13.8,38.3,Loamy,Tomato,Maturity,17.0,54.1,1,5.0,3.7,Medium
29.27,29.13,30.76,6.16,35.8,25.0,Peaty,Tomato,Vegetative,6.2,71.4,1,15.3,8.3,High
67.65,36.61,85.84,8.95,3.2,39.0,Silty,Wheat,Vegetative,11.5,60.3,0,0.0,0.0,Medium
62.54,34.7,59.3,3.88,32.6,25.1,Sandy,Tomato,Vegetative,4.3,10.1,0,0.0,0.0,Medium
20.39,16.61,31.04,0.4,40.3,39.9,Sandy,Groundnut,Maturity,4.4,65.9,1,7.7,5.9,Medium
69.73,27.89,44.32,1.01,88.2,6.5,Peaty,Sugarcane,Maturity,17.2,24.7,0,0.0,0.0,Low
14.24,43.87,47.65,0.56,49.9,29.0,Clay,Groundnut,Maturity,19.0,61.8,1,19.4,10.6,High
70.88,19.82,87.27,2.71,82.5,21.8,Silty,Sugarcane,Fruiting,10.1,27.5,0,0.0,0.0,Low
19.67,16.11,36.97,8.72,1.4,21.8,Silty,Wheat,Flowering,8.6,6.3,0,0.0,0.0,High
84.38,33.82,63.51,1.99,84.6,25.8,Peaty,Groundnut,Germination,23.6,13.8,0,0.0,0.0,Medium
83.62,20.94,63.49,7.43,83.5,7.3,Clay,Cotton,Vegetative,6.9,20.9,0,0.0,0.0,Low
53.17,39.51,36.37,0.49,14.5,18.6,Silty,Rice,Maturity,15.3,27.7,1,9.3,6.3,High
60.06,41.27,85.58,1.77,50.8,16.6,Silty,Sugarcane,Vegetative,26.9,56.7,1,5.0,3.0,High
61.84,34.26,37.94,1.85,47.9,7.1,Peaty,Groundnut,Vegetative,15.8,62.4,0,0.0,0.0,Medium
94.06,19.54,26.19,6.82,91.1,37.5,Clay,Sugarcane,Maturity,14.8,38.2,0,0.0,0.0,Low
37.82,34.74,90.52,0.27,32.7,17.8,Loamy,Groundnut,Fruiting,23.2,31.9,1,5.5,3.3,Medium
36.27,30.45,34.78,0.93,38.4,24.9,Silty,Cotton,Fruiting,11.8,40.7,1,7.9,4.6,Medium
15.32,23.35,86.81,1.53,40.1,16.2,Silty,Groundnut,Vegetative,29.3,10.0,1,20.8,11.2,High
28.19,45.19,30.1,0.64,15.6,23.6,Peaty,Tomato,Vegetative,19.7,57.9,1,20.6,10.4,High
65.33,33.78,94.48,3.17,37.2,13.3,Loamy,Groundnut,Maturity,26.1,34.0,0,0.0,0.0,Medium
56.28,31.12,40.35,21.79,59.0,27.2,Sandy,Wheat,Vegetative,25.4,0.7,0,0.0,0.0,Low
56.69,21.45,24.5,2.88,51.8,30.5,Clay,Cotton,Fruiting,28.8,4.1,0,0.0,0.0,Low
68.37,37.17,41.62,0.74,92.6,22.9,Clay,Sugarcane,Germination,5.8,71.9,0,0.0,0.0,Medium
66.93,18.94,75.61,5.79,65.1,1.7,Clay,Wheat,Vegetative,19.8,70.5,0,0.0,0.0,Low
80.26,39.59,55.34,0.91,13.7,19.5,Loamy,Rice,Vegetative,29.1,62.1,1,5.0,3.0,Medium
49.77,21.82,74.36,2.02,75.1,20.6,Loamy,Wheat,Germination,22.1,60.0,0,0.0,0.0,Low
80.85,22.12,87.3,2.47,53.8,10.6,Peaty,Sugarcane,Fruiting,17.2,11.2,0,0.0,0.0,Low
53.2,44.42,56.11,0.53,10.3,10.8,Sandy,Maize,Maturity,28.4,21.5,1,5.0,3.0,High
60.03,38.66,58.92,1.0,80.9,7.4,Sandy,Cotton,Fruiting,5.5,48.5,0,0.0,0.0,Medium
72.15,28.08,46.05,1.35,27.6,39.2,Clay,Tomato,Flowering,9.5,22.0,0,0.0,0.0,Low
79.0,39.64,52.04,3.62,43.1,15.7,Silty,Tomato,Vegetative,18.4,26.5,0,0.0,0.0,Medium
20.43,29.39,85.75,2.68,24.1,22.7,Loamy,Maize,Maturity,9.4,15.0,1,21.0,11.7,High
59.42,43.51,83.06,0.91,61.6,36.9,Loamy,Maize,Fruiting,15.1,32.8,0,0.0,0.0,Medium
57.68,26.66,73.67,0.68,64.6,27.5,Sandy,Cotton,Maturity,18.0,49.3,0,0.0,0.0,Low
29.7,27.27,48.55,1.87,7.6,22.1,Peaty,Cotton,Fruiting,3.6,33.6,1,12.5,6.1,Medium
53.5,19.98,37.28,1.87,79.7,29.3,Loamy,Cotton,Germination,7.1,41.4,0,0.0,0.0,Low
64.97,36.42,48.38,1.6,37.4,21.5,Silty,Rice,Germination,26.7,50.1,1,5.0,3.6,Medium
76.85,23.82,47.62,1.16,42.6,13.7,Sandy,Rice,Fruiting,8.9,25.3,0,0.0,0.0,Low
68.62,20.1,83.29,0.83,58.9,27.4,Loamy,Wheat,Maturity,18.2,32.6,0,0.0,0.0,Low
64.38,41.6,54.0,4.48,16.8,6.2,Sandy,Sugarcane,Fruiting,17.9,45.5,1,5.5,3.0,High
69.95,37.95,58.43,0.82,55.6,14.2,Silty,Maize,Germination,15.8,2.1,0,0.0,0.0,Medium
40.05,25.51,79.84,2.07,39.7,37.5,Clay,Groundnut,Vegetative,14.0,48.4,0,0.0,0.0,Low
72.8,21.64,83.78,3.83,80.1,37.7,Silty,Sugarcane,Maturity,1.5,20.9,0,0.0,0.0,Low
20.71,41.07,73.03,0.14,15.8,2.8,Sandy,Maize,Maturity,9.2,28.2,1,13.2,6.2,High
65.63,42.67,77.36,3.64,11.5,3.4,Silty,Wheat,Maturity,12.8,32.5,0,0.0,0.0,Medium
44.82,29.41,91.71,3.76,10.3,6.5,Silty,Wheat,Flowering,27.7,17.8,0,0.0,0.0,Low
51.12,40.59,31.11,0.05,69.0,3.9,Clay,Wheat,Vegetative,22.3,19.5,0,0.0,0.0,Medium
31.19,37.07,80.18,9.89,39.6,13.5,Clay,Tomato,Vegetative,5.4,23.1,0,0.0,0.0,Medium
61.17,30.53,52.7,0.57,17.5,25.0,Peaty,Rice,Vegetative,1.7,66.3,1,8.5,3.4,Medium
65.45,36.24,80.65,1.33,16.8,3.7,Clay,Sugarcane,Fruiting,29.3,59.3,1,5.5,4.7,Medium
58.22,18.78,52.19,3.64,13.5,23.9,Peaty,Groundnut,Fruiting,17.9,36.8,0,0.0,0.0,Low
72.05,25.83,42.87,5.86,60.4,6.7,Silty,Maize,Fruiting,27.8,64.9,0,0.0,0.0,Low
63.28,29.08,84.2,1.19,34.0,35.8,Loamy,Rice,Germination,23.7,17.0,1,5.0,3.6,Medium
90.13,44.83,59.31,0.14,99.7,29.8,Sandy,Sugarcane,Flowering,6.4,7.6,0,0.0,0.0,Medium
51.98,35.94,37.87,1.61,3.3,5.4,Clay,Sugarcane,Flowering,10.3,64.8,1,12.0,7.8,Medium
83.37,15.76,37.05,0.34,78.5,4.5,Silty,Tomato,Germination,11.6,5.3,0,0.0,0.0,Low
39.61,37.42,72.86,1.02,6.2,34.3,Silty,Tomato,Germination,5.9,37.2,1,9.0,6.9,Medium
79.73,43.17,51.86,1.04,64.0,16.6,Loamy,Tomato,Fruiting,12.6,11.0,0,0.0,0.0,Medium
78.81,15.41,34.82,0.74,66.9,11.4,Clay,Maize,Fruiting,29.0,57.1,0,0.0,0.0,Low
62.47,37.3,74.43,1.58,63.2,23.1,Silty,Groundnut,Fruiting,17.9,68.2,0,0.0,0.0,Medium
91.94,19.46,85.3,5.29,65.2,18.3,Sandy,Wheat,Fruiting,24.9,36.0,0,0.0,0.0,Low
31.6,36.16,90.88,9.9,55.6,24.3,Clay,Tomato,Vegetative,20.9,5.1,0,0.0,0.0,Medium
31.67,39.93,43.83,0.2,7.5,10.1,Clay,Maize,Germination,23.2,23.2,1,14.6,9.2,High
67.57,42.22,67.49,0.84,38.7,38.9,Loamy,Wheat,Germination,0.5,70.5,0,0.0,0.0,Medium
60.31,34.76,50.34,2.24,55.5,15.9,Loamy,Sugarcane,Flowering,6.3,43.8,0,0.0,0.0,Medium
33.93,27.96,51.18,6.57,36.7,34.4,Clay,Wheat,Vegetative,15.9,10.4,1,13.8,8.8,Medium
69.37,41.34,77.31,0.83,98.5,36.1,Peaty,Groundnut,Flowering,15.9,64.9,0,0.0,0.0,Medium
31.79,21.97,23.77,0.83,34.5,33.3,Clay,Cotton,Flowering,22.6,31.6,1,18.1,11.4,Medium
60.77,20.35,81.94,0.6,38.7,9.5,Silty,Cotton,Fruiting,25.8,26.8,0,0.0,0.0,Low
27.18,19.8,33.7,3.32,40.8,6.3,Silty,Cotton,Germination,15.9,8.7,1,10.3,5.2,Medium
84.96,41.14,58.47,1.44,60.5,28.0,Peaty,Rice,Maturity,27.6,45.2,0,0.0,0.0,Medium
69.58,45.0,79.39,0.96,26.4,13.4,Silty,Maize,Maturity,0.8,16.6,0,0.0,0.0,Medium
69.6,36.98,76.55,0.47,9.9,34.5,Sandy,Tomato,Maturity,20.4,43.6,0,0.0,0.0,Medium
63.16,40.69,42.07,3.19,4.0,24.4,Silty,Tomato,Flowering,11.1,15.5,0,0.0,0.0,Medium
59.51,30.64,49.79,0.44,35.7,35.6,Loamy,Wheat,Maturity,8.3,26.5,0,0.0,0.0,Low
22.84,23.94,28.82,4.27,59.6,24.4,Clay,Cotton,Maturity,19.5,55.1,1,16.0,10.8,Medium
71.5,44.16,92.94,0.99,44.1,2.5,Silty,Tomato,Germination,17.1,27.7,0,0.0,0.0,Medium
59.98,40.98,28.39,2.76,40.1,7.6,Peaty,Sugarcane,Vegetative,28.2,56.3,1,5.0,3.0,High
50.65,23.08,20.76,1.24,45.3,22.7,Clay,Groundnut,Germination,1.9,33.8,0,0.0,0.0,Low
22.05,16.81,46.06,0.07,27.2,34.5,Sandy,Tomato,Flowering,13.1,8.5,1,16.3,10.9,High
36.26,43.99,78.56,0.66,55.8,4.5,Loamy,Wheat,Germination,19.8,23.8,1,5.0,3.7,High
64.65,27.13,81.03,2.71,54.8,37.1,Peaty,Sugarcane,Vegetative,15.4,3.0,0,0.0,0.0,Medium
45.67,32.32,55.65,1.44,30.8,24.7,Clay,Wheat,Germination,9.7,14.8,0,0.0,0.0,Low
85.13,37.64,25.36,5.36,3.7,10.1,Silty,Sugarcane,Flowering,25.9,56.3,0,0.0,0.0,Medium
47.19,29.17,86.69,7.01,65.9,29.3,Sandy,Wheat,Vegetative,18.1,49.6,0,0.0,0.0,Low
86.18,25.55,83.74,0.28,85.8,19.3,Loamy,Groundnut,Flowering,9.5,24.4,0,0.0,0.0,Low
55.77,16.22,64.65,3.85,96.1,16.2,Silty,Maize,Vegetative,18.1,20.9,0,0.0,0.0,Low
33.5,41.06,39.29,0.09,52.1,18.8,Loamy,Wheat,Vegetative,26.2,54.0,1,7.0,4.0,High
52.0,35.25,88.28,2.28,28.9,5.1,Sandy,Sugarcane,Flowering,10.6,51.1,1,6.0,3.0,Medium
63.98,15.15,63.52,5.08,3.6,0.1,Sandy,Tomato,Germination,20.5,29.2,0,0.0,0.0,Low
24.28,38.41,49.69,3.45,10.1,5.3,Peaty,Wheat,Maturity,1.4,39.0,1,11.6,8.2,High
12.65,16.81,65.12,2.27,52.1,27.4,Silty,Cotton,Germination,13.8,32.0,1,15.4,9.6,High
87.27,24.59,47.86,5.91,51.5,21.4,Clay,Rice,Flowering,14.7,49.1,0,0.0,0.0,Low
54.16,26.86,73.01,0.05,14.6,33.2,Sandy,Wheat,Vegetative,10.9,36.0,0,0.0,0.0,Low
72.24,32.0,43.99,0.89,60.7,32.7,Silty,Rice,Germination,8.3,14.8,0,0.0,0.0,Low
68.6,35.46,83.01,2.75,13.4,15.6,Peaty,Groundnut,Maturity,10.5,62.5,0,0.0,0.0,Medium
30.16,18.06,50.96,4.35,8.2,1.6,Peaty,Groundnut,Maturity,21.9,37.6,1,6.9,3.8,Medium
32.35,37.43,93.03,0.63,12.3,5.6,Loamy,Maize,Germination,15.9,70.2,1,11.4,7.5,Medium
43.42,23.72,84.23,0.49,36.7,5.0,Sandy,Tomato,Fruiting,1.2,19.6,1,5.5,3.0,Medium
84.3,31.64,45.07,8.83,84.5,39.3,Sandy,Maize,Vegetative,11.3,20.2,0,0.0,0.0,Low
51.04,17.56,64.46,0.44,43.6,38.6,Clay,Rice,Vegetative,1.0,30.8,1,15.0,9.7,Medium
55.98,29.22,83.15,1.26,95.8,8.4,Peaty,Tomato,Fruiting,26.2,54.2,0,0.0,0.0,Low
32.91,43.22,21.02,3.88,38.1,20.9,Silty,Wheat,Fruiting,9.6,1.1,1,14.2,9.5,High
44.92,40.1,80.71,0.06,54.3,36.3,Peaty,Sugarcane,Vegetative,10.6,23.8,1,14.6,8.4,High
71.87,28.38,48.67,0.39,99.0,33.0,Loamy,Cotton,Fruiting,14.3,46.7,0,0.0,0.0,Low
44.39,15.03,28.89,2.65,29.7,36.2,Sandy,Maize,Germination,6.2,39.3,1,5.0,4.6,Medium
69.04,37.94,89.88,1.38,68.6,24.1,Clay,Groundnut,Germination,26.7,0.2,0,0.0,0.0,Medium
61.46,31.96,19.4,1.37,13.9,27.6,Clay,Sugarcane,Germination,9.1,33.7,1,5.0,5.4,Medium
39.88,31.3,94.37,3.63,20.9,16.2,Sandy,Tomato,Vegetative,10.3,54.8,1,5.6,3.5,Medium
82.13,32.99,23.54,10.47,91.9,15.2,Silty,Rice,Fruiting,14.0,63.5,0,0.0,0.0,Medium
84.14,34.82,27.34,1.93,88.7,9.6,Silty,Cotton,Germination,20.3,16.1,0,0.0,0.0,Medium
22.88,24.58,67.61,4.3,50.1,35.3,Peaty,Tomato,Fruiting,27.7,14.1,1,28.8,17.0,High
72.25,24.86,23.52,3.54,81.9,35.5,Silty,Cotton,Germination,28.4,0.4,0,0.0,0.0,Low
76.37,20.59,54.3,2.13,10.5,1.4,Silty,Sugarcane,Flowering,16.0,23.9,0,0.0,0.0,Low
38.76,34.45,21.08,1.21,39.4,18.5,Silty,Maize,Fruiting,20.0,68.0,1,16.9,10.8,Medium
78.47,17.05,67.6,5.07,75.3,32.7,Sandy,Cotton,Flowering,22.1,19.6,0,0.0,0.0,Low
47.91,17.25,26.48,3.23,25.9,26.3,Loamy,Rice,Germination,11.9,7.4,1,10.0,5.8,High
16.04,35.65,39.01,7.21,29.4,14.9,Silty,Groundnut,Flowering,27.0,20.6,1,27.3,16.7,High
72.01,15.4,44.66,3.9,62.4,9.6,Sandy,Groundnut,Maturity,19.4,37.6,0,0.0,0.0,Low
89.61,40.55,47.67,3.71,81.2,8.5,Clay,Cotton,Maturity,2.1,64.9,0,0.0,0.0,Medium
37.24,34.27,50.09,5.24,7.2,7.9,Peaty,Maize,Fruiting,18.8,49.3,1,16.3,8.8,Medium
86.28,19.53,39.9,3.43,98.2,31.9,Peaty,Tomato,Flowering,10.3,47.6,0,0.0,0.0,Low
88.09,44.65,94.28,6.11,76.0,15.5,Loamy,Rice,Flowering,28.7,1.7,0,0.0,0.0,Medium
21.31,32.31,52.51,10.99,22.9,10.5,Peaty,Wheat,Fruiting,29.3,50.9,0,0.0,0.0,High
83.26,33.98,20.98,6.49,14.0,26.5,Clay,Rice,Germination,18.9,7.0,0,0.0,0.0,Medium
77.23,17.44,94.52,6.12,46.6,26.7,Loamy,Rice,Flowering,5.8,14.4,0,0.0,0.0,Low
71.94,16.47,55.24,3.05,68.7,2.3,Clay,Tomato,Fruiting,17.5,4.8,0,0.0,0.0,Low
37.05,21.11,21.56,20.55,58.2,7.2,Peaty,Tomato,Germination,18.5,9.9,0,0.0,0.0,Medium
87.83,40.69,44.84,4.73,21.2,29.5,Clay,Sugarcane,Fruiting,0.4,31.7,0,0.0,0.0,Medium
59.73,20.43,23.0,0.52,19.1,20.3,Loamy,Sugarcane,Flowering,21.5,3.7,1,6.0,3.0,Medium
46.38,21.84,59.38,2.48,70.0,39.9,Peaty,Cotton,Fruiting,2.0,5.6,0,0.0,0.0,Low
53.92,25.03,84.82,4.48,19.0,6.1,Silty,Sugarcane,Vegetative,12.4,67.1,1,10.5,7.0,Medium
40.28,39.54,25.46,1.03,30.6,6.4,Sandy,Cotton,Fruiting,0.4,21.7,1,5.5,3.7,High
34.31,32.06,24.43,3.27,24.1,4.8,Sandy,Groundnut,Fruiting,14.0,12.3,1,5.5,3.2,Medium
90.12,39.43,65.22,0.35,68.3,39.4,Loamy,Groundnut,Maturity,26.2,21.8,0,0.0,0.0,Medium
81.13,19.08,27.74,3.13,43.8,3.8,Sandy,Rice,Maturity,24.0,52.2,0,0.0,0.0,Low
50.16,26.81,81.83,1.48,1.1,14.1,Loamy,Tomato,Fruiting,28.5,67.8,1,5.5,3.0,Medium
39.27,20.33,77.12,4.7,14.5,37.3,Sandy,Groundnut,Flowering,18.9,46.2,1,6.0,3.0,Medium
39.3,36.23,61.48,0.28,35.3,2.0,Silty,Cotton,Flowering,27.2,0.2,1,8.7,4.6,Medium
41.71,24.01,44.8,0.54,33.6,23.4,Clay,Cotton,Germination,9.6,54.0,1,5.0,3.0,Medium
42.91,19.71,27.54,5.23,4.4,26.6,Silty,Rice,Flowering,23.6,65.7,1,32.5,19.4,High
80.19,24.95,93.02,2.63,46.2,26.3,Sandy,Sugarcane,Fruiting,11.8,2.4,0,0.0,0.0,Low
47.45,29.61,69.52,3.48,2.2,2.2,Peaty,Wheat,Maturity,5.7,45.5,1,5.0,4.3,Low
26.72,22.65,75.95,2.76,56.5,6.0,Silty,Wheat,Fruiting,8.5,14.9,1,21.5,13.2,Medium
49.26,34.99,42.4,2.26,84.0,2.7,Silty,Wheat,Vegetative,16.7,46.0,0,0.0,0.0,Medium
23.19,31.47,49.26,5.58,0.4,20.8,Silty,Groundnut,Flowering,22.3,3.1,1,18.4,11.4,Medium
93.2,24.23,51.85,6.19,98.0,9.9,Loamy,Tomato,Maturity,20.7,68.5,0,0.0,0.0,Low
83.17,16.29,46.91,0.06,99.7,4.9,Sandy,Rice,Germination,23.7,14.5,0,0.0,0.0,Low
67.21,23.71,36.51,2.45,41.0,36.8,Peaty,Wheat,Fruiting,14.5,25.9,0,0.0,0.0,Low
52.0,29.37,25.47,3.62,51.8,19.9,Silty,Sugarcane,Vegetative,27.1,6.5,1,11.0,6.3,Medium
83.02,16.12,30.72,3.03,66.3,29.9,Sandy,Tomato,Fruiting,19.8,55.2,0,0.0,0.0,Low
73.48,37.06,88.22,11.99,36.0,14.7,Silty,Wheat,Maturity,25.8,3.2,0,0.0,0.0,Medium
71.88,17.82,74.27,6.75,93.7,24.7,Sandy,Rice,Fruiting,22.2,7.9,0,0.0,0.0,Low
20.5,20.04,88.58,1.12,13.0,33.1,Peaty,Tomato,Vegetative,25.0,18.9,1,24.5,15.0,High
45.48,24.28,27.19,0.46,88.3,4.4,Clay,Groundnut,Vegetative,28.2,46.5,0,0.0,0.0,Low
31.11,40.51,23.31,4.83,39.4,6.4,Loamy,Tomato,Vegetative,27.6,8.0,1,16.9,10.3,High
91.84,21.98,64.64,5.14,85.7,32.0,Clay,Rice,Fruiting,10.0,36.5,0,0.0,0.0,Low
87.23,23.86,30.01,1.17,85.2,15.2,Loamy,Sugarcane,Vegetative,5.3,30.6,0,0.0,0.0,Low
94.81,40.37,32.49,0.06,65.2,2.1,Sandy,Groundnut,Maturity,18.3,33.9,0,0.0,0.0,Medium
51.44,16.12,67.64,3.14,58.4,7.3,Silty,Wheat,Flowering,1.7,43.9,0,0.0,0.0,Low
63.94,28.07,60.22,3.65,69.5,14.3,Clay,Wheat,Germination,16.9,66.6,0,0.0,0.0,Low
73.69,36.45,41.78,0.7,1.2,35.9,Sandy,Maize,Vegetative,1.8,37.6,0,0.0,0.0,Medium
92.56,34.1,33.94,5.29,86.8,20.9,Silty,Rice,Fruiting,25.3,52.7,0,0.0,0.0,Medium
52.89,33.37,33.93,0.71,66.9,36.6,Sandy,Wheat,Flowering,28.9,23.0,0,0.0,0.0,Medium
87.43,36.78,25.69,3.33,64.7,8.8,Silty,Sugarcane,Maturity,2.6,35.2,0,0.0,0.0,Medium
64.57,44.33,87.55,7.91,18.5,33.7,Clay,Sugarcane,Vegetative,21.2,15.7,1,5.0,3.5,High
66.12,31.17,82.06,0.98,62.1,19.2,Peaty,Maize,Fruiting,15.3,12.1,0,0.0,0.0,Low
89.16,25.07,51.82,0.9,76.7,15.2,Silty,Rice,Fruiting,0.6,9.8,0,0.0,0.0,Low
66.57,38.43,76.39,6.95,30.7,18.6,Peaty,Wheat,Fruiting,23.4,28.3,0,0.0,0.0,Medium
93.24,15.15,73.32,1.84,68.0,24.2,Peaty,Groundnut,Germination,8.7,56.6,0,0.0,0.0,Low
66.18,24.45,66.9,0.15,26.6,28.7,Clay,Sugarcane,Maturity,14.1,49.7,0,0.0,0.0,Low
69.45,15.33,67.95,4.06,29.4,19.1,Sandy,Groundnut,Fruiting,17.3,25.3,0,0.0,0.0,Low
59.46,16.13,47.15,9.32,39.2,21.0,Sandy,Rice,Maturity,17.9,70.4,0,0.0,0.0,Medium
52.13,25.25,76.5,4.95,25.3,21.6,Peaty,Maize,Maturity,12.6,16.4,1,5.0,3.0,Medium
64.33,27.7,71.06,0.39,26.6,33.4,Clay,Groundnut,Vegetative,16.2,2.3,0,0.0,0.0,Low
39.56,37.59,45.97,3.05,82.8,35.6,Peaty,Groundnut,Fruiting,24.4,25.2,0,0.0,0.0,Medium
71.4,33.18,62.14,0.31,59.5,39.9,Peaty,Wheat,Maturity,0.1,57.3,0,0.0,0.0,Medium
69.39,37.23,39.27,1.16,30.8,14.5,Sandy,Groundnut,Fruiting,23.3,70.2,0,0.0,0.0,Medium
84.17,21.64,34.13,4.73,70.4,31.7,Clay,Cotton,Germination,3.1,20.1,0,0.0,0.0,Low
21.63,41.44,48.62,3.08,27.8,7.2,Silty,Tomato,Germination,6.7,43.5,1,17.7,10.4,High
44.58,33.12,71.88,1.9,9.8,18.7,Silty,Rice,Flowering,20.5,56.9,1,32.9,20.9,High
56.27,27.31,33.89,2.16,3.4,20.6,Sandy,Maize,Flowering,10.7,54.9,1,6.0,3.6,Low
56.01,34.46,44.04,0.84,34.2,31.9,Loamy,Tomato,Flowering,7.6,58.9,1,6.0,3.3,Medium
74.25,29.0,25.82,3.81,29.2,2.0,Peaty,Maize,Maturity,14.5,20.2,0,0.0,0.0,Low
56.57,29.02,88.49,1.22,22.7,19.8,Peaty,Tomato,Flowering,11.7,24.9,0,0.0,0.0,Low
77.52,26.47,90.06,1.43,6.1,16.7,Silty,Rice,Vegetative,17.8,20.1,0,0.0,0.0,Low
40.92,31.52,68.87,9.8,42.2,30.6,Peaty,Sugarcane,Germination,26.7,45.6,0,0.0,0.0,High
49.97,40.1,89.99,2.01,56.7,10.3,Clay,Tomato,Fruiting,22.4,35.4,1,8.9,6.0,High
10.75,35.67,76.33,4.53,37.5,30.6,Clay,Cotton,Fruiting,14.3,57.2,1,38.6,25.4,High
46.44,32.05,23.58,1.41,56.5,31.9,Sandy,Tomato,Flowering,28.8,19.6,0,0.0,0.0,Medium
87.69,31.26,47.78,0.76,83.9,19.0,Clay,Wheat,Germination,14.2,40.1,0,0.0,0.0,Low
48.67,18.98,77.41,4.87,36.9,26.3,Clay,Maize,Vegetative,6.8,54.8,1,5.0,3.0,Medium
33.15,42.36,51.88,2.65,46.0,15.1,Sandy,Maize,Vegetative,20.6,51.7,1,10.9,5.9,High
94.1,16.78,48.02,0.27,86.1,24.9,Clay,Rice,Vegetative,0.6,30.5,0,0.0,0.0,Low
67.49,28.72,89.15,2.03,51.2,16.7,Clay,Maize,Germination,12.7,19.4,0,0.0,0.0,Low
40.18,22.29,62.67,1.46,46.0,6.2,Loamy,Maize,Fruiting,25.7,64.6,1,17.3,10.3,Medium
87.21,44.45,87.33,1.15,96.3,32.5,Loamy,Cotton,Flowering,0.5,68.7,0,0.0,0.0,Medium
30.92,27.07,82.46,0.27,41.7,15.0,Silty,Cotton,Flowering,9.2,15.1,0,0.0,0.0,Medium
14.61,27.78,28.61,1.39,59.0,28.2,Clay,Groundnut,Maturity,16.7,19.9,1,20.6,13.6,High
61.74,31.6,56.68,3.59,39.6,5.0,Silty,Sugarcane,Maturity,15.7,14.5,1,5.0,3.0,Medium
75.65,21.15,57.45,3.67,48.5,6.5,Clay,Maize,Germination,9.9,56.8,0,0.0,0.0,Low
60.56,39.13,52.59,0.59,7.9,15.6,Peaty,Rice,Vegetative,6.9,15.5,1,7.0,3.0,High
36.92,18.59,83.11,3.22,6.5,15.6,Peaty,Tomato,Fruiting,17.3,37.6,1,10.1,5.9,Medium
16.55,25.36,77.91,5.97,36.5,21.0,Peaty,Cotton,Germination,12.5,26.0,1,11.0,7.0,High
65.04,42.95,72.92,4.62,8.5,23.3,Loamy,Wheat,Vegetative,25.8,2.1,0,0.0,0.0,Medium
86.92,33.28,32.52,0.05,70.1,22.0,Peaty,Rice,Fruiting,24.4,31.3,0,0.0,0.0,Low
78.05,32.14,42.49,17.54,68.1,16.3,Silty,Maize,Maturity,12.5,64.0,0,0.0,0.0,Low
56.43,41.33,50.03,0.04,25.5,36.6,Silty,Wheat,Vegetative,22.1,23.4,0,0.0,0.0,Medium
90.71,25.09,46.94,0.29,62.5,9.5,Peaty,Rice,Flowering,11.8,33.0,0,0.0,0.0,Low
66.44,25.15,25.55,1.0,71.7,25.4,Peaty,Sugarcane,Flowering,3.4,27.1,0,0.0,0.0,Low
91.83,20.5,50.56,4.42,98.0,38.0,Clay,Sugarcane,Germination,4.8,65.8,0,0.0,0.0,Low
69.3,37.69,24.77,7.5,17.2,6.3,Silty,Tomato,Germination,26.1,6.7,0,0.0,0.0,Medium
82.37,44.69,45.04,2.64,77.9,36.8,Loamy,Wheat,Maturity,20.2,33.6,0,0.0,0.0,Medium
76.68,29.0,84.35,5.83,81.6,2.5,Loamy,Rice,Maturity,26.3,64.7,0,0.0,0.0,Low
73.85,42.35,48.74,0.66,60.6,29.7,Clay,Rice,Flowering,23.9,15.0,0,0.0,0.0,Medium
53.93,44.3,66.42,0.49,4.7,21.5,Loamy,Rice,Vegetative,9.0,17.6,1,11.0,7.3,High
59.3,30.07,87.79,2.58,44.7,26.6,Sandy,Groundnut,Maturity,8.5,7.7,0,0.0,0.0,Low
74.52,35.7,81.01,8.65,65.9,19.0,Peaty,Sugarcane,Germination,10.8,24.1,0,0.0,0.0,Medium
80.88,23.8,85.58,2.77,45.3,8.9,Sandy,Rice,Vegetative,27.1,16.9,0,0.0,0.0,Low
24.21,35.99,26.74,0.25,13.6,22.5,Clay,Wheat,Fruiting,8.3,46.6,1,20.5,12.5,High
52.86,37.55,85.61,2.77,81.6,12.5,Peaty,Groundnut,Maturity,12.9,48.8,0,0.0,0.0,Medium
76.9,34.35,91.35,3.75,79.6,36.2,Loamy,Groundnut,Flowering,8.7,62.6,0,0.0,0.0,Medium
53.58,36.62,49.33,0.38,76.3,6.7,Peaty,Groundnut,Fruiting,23.5,53.4,0,0.0,0.0,Medium
64.82,41.44,45.79,4.62,22.4,30.9,Clay,Rice,Flowering,3.2,19.7,1,6.0,5.1,High
70.42,31.54,65.41,5.56,41.8,21.3,Sandy,Cotton,Maturity,16.0,41.3,0,0.0,0.0,Low
68.53,39.98,69.21,0.99,79.7,17.1,Sandy,Sugarcane,Germination,29.8,30.6,0,0.0,0.0,Medium
53.65,15.71,67.21,1.72,45.7,32.7,Loamy,Tomato,Flowering,26.6,51.3,0,0.0,0.0,Medium
87.3,26.48,51.89,0.7,94.8,37.9,Silty,Tomato,Flowering,28.1,47.9,0,0.0,0.0,Low
68.0,31.88,69.9,1.19,40.9,9.2,Peaty,Cotton,Maturity,14.9,71.7,0,0.0,0.0,Low
83.99,36.37,65.94,2.6,99.7,11.1,Clay,Wheat,Vegetative,17.4,70.3,0,0.0,0.0,Medium
41.97,38.14,71.11,2.51,39.7,34.8,Silty,Wheat,Flowering,9.0,45.3,1,6.0,5.2,High
79.33,34.75,56.88,4.79,6.1,35.6,Loamy,Tomato,Flowering,0.5,69.7,0,0.0,0.0,Medium
82.41,14.95,74.17,0.06,97.3,8.9,Peaty,Tomato,Maturity,13.0,4.3,0,0.0,0.0,Low
85.01,24.56,28.34,1.83,98.4,20.6,Loamy,Tomato,Germination,20.5,61.2,0,0.0,0.0,Low
57.45,25.5,92.92,4.55,28.3,22.6,Clay,Sugarcane,Maturity,14.7,25.6,1,7.0,3.0,Medium
69.66,28.77,34.92,0.52,47.3,30.5,Sandy,Groundnut,Vegetative,23.6,63.1,0,0.0,0.0,Low
93.81,27.16,88.81,0.24,71.5,29.4,Loamy,Groundnut,Flowering,23.1,27.5,0,0.0,0.0,Low
41.37,42.76,23.61,0.25,24.5,10.2,Clay,Sugarcane,Flowering,11.7,42.3,1,29.1,18.7,High
60.48,17.43,42.42,0.44,46.7,6.2,Loamy,Sugarcane,Maturity,6.6,53.2,0,0.0,0.0,Medium
80.37,33.67,55.92,1.63,88.7,9.8,Loamy,Rice,Germination,9.9,55.5,0,0.0,0.0,Medium
92.84,33.94,74.61,7.5,88.4,33.7,Silty,Maize,Germination,16.1,0.5,0,0.0,0.0,Medium
75.78,25.69,83.97,6.99,50.0,17.9,Peaty,Sugarcane,Flowering,21.2,23.7,0,0.0,0.0,Low
65.65,43.9,71.47,7.84,78.4,29.1,Loamy,Cotton,Fruiting,9.7,60.9,0,0.0,0.0,Medium
42.24,33.61,90.38,0.54,54.3,2.3,Sandy,Maize,Flowering,4.4,13.5,0,0.0,0.0,Medium
67.48,32.93,22.47,1.9,56.4,0.7,Peaty,Tomato,Maturity,8.9,32.6,0,0.0,0.0,Low
87.93,38.22,49.95,1.45,65.8,3.7,Clay,Rice,Germination,1.3,13.7,0,0.0,0.0,Medium
25.5,18.13,79.98,2.33,15.7,18.9,Sandy,Tomato,Vegetative,17.4,24.5,1,15.3,8.6,High
62.81,24.58,23.31,3.16,98.8,25.4,Peaty,Wheat,Flowering,20.0,41.1,0,0.0,0.0,Low
95.23,36.88,68.5,0.3,69.5,29.0,Silty,Cotton,Flowering,20.8,49.5,0,0.0,0.0,Medium
29.03,38.47,29.05,3.18,29.6,30.4,Loamy,Wheat,Maturity,20.5,21.2,1,9.0,5.7,High
49.76,28.75,74.09,5.86,30.3,8.8,Silty,Cotton,Fruiting,27.4,25.1,0,0.0,0.0,Low
25.14,42.01,25.41,1.08,32.0,17.4,Silty,Wheat,Maturity,14.9,47.8,1,11.7,9.1,High
27.77,38.59,28.76,1.57,32.4,23.4,Clay,Cotton,Vegetative,19.1,26.5,1,16.5,10.9,High
13.97,25.08,42.29,1.93,21.5,11.4,Sandy,Groundnut,Germination,9.1,23.1,1,8.8,5.4,High
65.06,17.04,63.78,0.94,92.6,11.6,Peaty,Wheat,Fruiting,25.2,31.6,0,0.0,0.0,Low
69.79,17.95,79.61,0.87,5.9,16.0,Clay,Maize,Vegetative,3.8,48.4,0,0.0,0.0,Low
63.72,37.63,38.19,2.22,18.4,11.3,Peaty,Sugarcane,Vegetative,22.1,6.8,1,5.0,3.0,Medium
75.94,19.51,38.54,4.61,43.4,8.1,Silty,Rice,Germination,22.0,9.0,0,0.0,0.0,Low
80.3,24.96,90.08,17.83,68.6,22.9,Loamy,Wheat,Fruiting,23.1,53.2,0,0.0,0.0,Low
58.98,14.92,42.02,2.93,12.0,2.8,Peaty,Groundnut,Flowering,13.6,61.6,0,0.0,0.0,Low
40.14,31.67,36.48,0.39,51.8,21.9,Loamy,Tomato,Flowering,18.9,4.9,0,0.0,0.0,Medium
64.84,35.77,85.25,3.07,92.9,33.7,Peaty,Sugarcane,Germination,20.1,21.9,0,0.0,0.0,Medium
73.55,27.22,82.44,2.16,73.1,0.8,Sandy,Tomato,Vegetative,27.0,16.2,0,0.0,0.0,Low
65.61,22.37,76.23,0.5,39.6,26.2,Clay,Wheat,Flowering,23.7,52.0,0,0.0,0.0,Low
53.6,35.41,35.46,4.76,47.9,21.5,Clay,Maize,Maturity,8.6,18.0,0,0.0,0.0,Medium
42.47,20.36,93.02,2.39,18.3,33.6,Sandy,Tomato,Maturity,27.0,18.8,1,5.0,3.1,Medium
60.58,38.28,53.65,2.28,42.9,28.1,Peaty,Groundnut,Vegetative,15.2,34.6,0,0.0,0.0,Medium
50.58,42.46,45.6,2.23,13.8,37.8,Peaty,Cotton,Flowering,1.6,11.2,0,0.0,0.0,Medium
51.02,43.29,51.63,3.72,46.0,13.1,Peaty,Tomato,Flowering,12.8,70.6,1,6.6,3.9,High
73.43,22.18,49.91,0.76,35.3,29.1,Clay,Rice,Vegetative,2.4,45.9,0,0.0,0.0,Low
24.49,36.53,36.52,7.01,49.1,27.2,Clay,Wheat,Flowering,7.7,42.2,1,26.5,13.9,High
23.31,25.16,90.01,0.63,18.8,22.6,Peaty,Maize,Flowering,24.0,31.7,1,27.6,15.7,High
86.99,39.12,44.38,1.84,72.1,17.3,Sandy,Tomato,Vegetative,19.9,29.6,0,0.0,0.0,Medium
68.06,44.34,82.95,7.29,14.2,8.5,Clay,Sugarcane,Maturity,15.1,21.5,1,5.0,3.0,Medium
48.2,20.22,75.69,0.38,24.0,7.9,Silty,Wheat,Vegetative,26.2,36.8,0,0.0,0.0,Low
56.7,33.88,37.25,3.06,97.2,37.9,Sandy,Cotton,Germination,5.1,40.4,0,0.0,0.0,Medium
81.72,40.62,39.1,2.54,84.4,36.8,Clay,Rice,Vegetative,19.2,0.2,0,0.0,0.0,Medium
77.81,38.55,54.41,6.26,85.5,35.1,Clay,Cotton,Flowering,9.1,34.7,0,0.0,0.0,Medium
76.99,31.51,25.15,0.04,89.0,19.6,Silty,Maize,Flowering,8.4,39.1,0,0.0,0.0,Low
67.57,39.39,28.39,0.31,81.7,31.9,Sandy,Cotton,Germination,3.3,37.2,0,0.0,0.0,Medium
38.69,38.32,78.22,0.52,35.8,9.3,Clay,Maize,Fruiting,17.4,26.3,1,14.2,10.4,High
42.78,29.15,25.52,5.54,12.2,19.3,Clay,Tomato,Flowering,15.4,63.9,1,15.9,10.7,Medium
72.52,42.77,25.48,0.39,98.8,19.5,Loamy,Sugarcane,Fruiting,23.1,19.0,0,0.0,0.0,Medium
67.01,37.41,87.6,5.95,15.5,19.5,Clay,Rice,Flowering,27.0,0.1,1,6.7,4.7,Medium
65.23,25.7,88.13,7.27,57.5,28.1,Loamy,Wheat,Maturity,28.8,35.3,0,0.0,0.0,Low
80.94,39.67,37.3,1.15,70.2,29.5,Loamy,Maize,Flowering,29.9,62.5,0,0.0,0.0,Medium
77.11,29.46,74.93,0.06,92.6,31.0,Peaty,Sugarcane,Germination,11.5,7.4,0,0.0,0.0,Low
83.04,43.64,20.58,11.29,72.9,13.1,Loamy,Maize,Germination,24.5,17.7,0,0.0,0.0,Medium
13.39,15.95,40.11,0.43,53.3,27.2,Silty,Cotton,Flowering,2.1,62.6,1,28.7,15.0,High
90.35,38.81,93.65,5.5,90.9,28.3,Loamy,Tomato,Fruiting,4.9,51.3,0,0.0,0.0,Medium
43.51,26.62,49.91,20.5,30.0,32.8,Clay,Rice,Fruiting,15.9,38.6,0,0.0,0.0,High
91.08,29.49,25.76,6.63,89.0,12.9,Peaty,Wheat,Vegetative,22.7,28.9,0,0.0,0.0,Low
40.42,42.7,27.12,0.3,47.6,23.5,Silty,Wheat,Flowering,9.8,46.2,1,6.0,3.5,High
43.58,32.85,54.1,3.38,18.4,16.0,Silty,Rice,Flowering,17.9,69.3,1,29.7,17.9,High
92.8,27.21,47.4,13.11,85.4,15.5,Sandy,Rice,Vegetative,10.3,48.1,0,0.0,0.0,Low
73.63,28.9,68.34,5.59,25.3,11.2,Clay,Maize,Maturity,2.4,43.6,0,0.0,0.0,Low
48.28,30.22,61.4,1.6,14.8,12.1,Sandy,Sugarcane,Germination,24.0,39.3,1,5.0,3.0,Medium
75.47,43.84,66.84,3.79,43.1,0.8,Silty,Rice,Flowering,19.0,8.0,0,0.0,0.0,Medium
94.47,22.29,86.26,0.69,87.9,17.9,Clay,Rice,Maturity,12.2,12.8,0,0.0,0.0,Low
94.89,19.41,54.44,2.36,95.1,14.7,Peaty,Cotton,Maturity,16.3,17.5,0,0.0,0.0,Low
61.76,32.96,78.87,0.4,63.9,38.1,Peaty,Maize,Flowering,22.3,23.1,0,0.0,0.0,Low
63.47,38.95,50.59,3.33,10.5,35.6,Sandy,Rice,Maturity,27.6,50.9,1,5.0,3.2,High
47.77,36.13,93.73,2.14,42.7,11.5,Loamy,Tomato,Vegetative,26.2,3.1,0,0.0,0.0,Medium
57.07,27.72,49.88,3.97,49.8,13.5,Peaty,Tomato,Fruiting,25.1,4.4,0,0.0,0.0,Low
73.49,23.59,90.57,0.99,92.7,38.6,Silty,Rice,Vegetative,29.2,6.2,0,0.0,0.0,Low
29.92,38.29,36.73,1.08,9.8,25.8,Silty,Tomato,Flowering,7.7,63.9,1,26.0,16.3,High
85.92,26.4,78.21,4.27,79.8,38.2,Clay,Maize,Fruiting,12.2,59.1,0,0.0,0.0,Low
67.62,24.74,60.75,9.76,93.8,27.8,Peaty,Tomato,Fruiting,6.6,5.8,0,0.0,0.0,Low
47.78,24.53,24.2,0.81,26.6,39.8,Silty,Sugarcane,Vegetative,7.2,49.4,1,12.9,8.8,Medium
76.61,31.88,51.56,2.57,73.5,4.1,Peaty,Maize,Maturity,24.7,26.1,0,0.0,0.0,Low
45.46,34.37,54.23,0.51,53.3,6.6,Sandy,Maize,Germination,12.3,51.8,1,5.0,3.0,Medium
80.23,28.24,60.37,0.4,80.9,5.9,Sandy,Rice,Fruiting,2.1,37.8,0,0.0,0.0,Low
77.53,36.82,77.17,1.08,6.8,1.5,Silty,Sugarcane,Germination,11.6,9.6,0,0.0,0.0,Medium
22.22,37.71,94.08,1.69,6.7,18.4,Silty,Tomato,Flowering,8.8,42.3,1,40.1,25.2,High
69.85,39.52,44.58,1.06,30.5,32.5,Silty,Tomato,Flowering,9.9,42.7,0,0.0,0.0,Medium
42.06,23.41,30.53,1.65,9.1,10.5,Loamy,Tomato,Flowering,25.6,57.1,1,15.4,10.9,Medium
44.51,33.44,67.28,3.45,38.5,34.8,Loamy,Sugarcane,Vegetative,26.5,24.6,1,15.6,8.4,High
56.08,26.59,65.31,3.21,57.8,39.5,Clay,Wheat,Germination,27.9,8.5,0,0.0,0.0,Low
22.15,20.57,21.44,2.09,16.1,38.6,Clay,Groundnut,Flowering,5.8,2.3,1,32.1,18.4,Medium
61.59,17.43,82.05,0.27,29.2,1.8,Clay,Wheat,Germination,1.2,22.2,0,0.0,0.0,Low
76.87,39.03,92.08,1.28,3.9,1.5,Peaty,Sugarcane,Fruiting,16.6,56.4,1,5.5,3.6,Medium
53.71,32.99,34.29,3.2,45.7,24.8,Silty,Rice,Maturity,13.0,15.1,1,10.0,6.0,Medium
94.31,23.49,69.74,0.97,82.0,12.3,Loamy,Wheat,Vegetative,18.2,60.8,0,0.0,0.0,Low
76.77,16.38,66.1,2.81,89.9,7.6,Sandy,Sugarcane,Vegetative,25.8,34.1,0,0.0,0.0,Low
89.13,38.19,69.48,0.79,97.4,22.8,Peaty,Wheat,Vegetative,25.8,24.0,0,0.0,0.0,Medium
48.89,32.06,86.91,0.74,18.3,30.9,Silty,Sugarcane,Vegetative,5.8,27.2,1,15.6,10.3,Medium
51.95,18.46,35.57,9.85,95.7,7.1,Sandy,Cotton,Fruiting,12.6,3.6,0,0.0,0.0,Low
77.65,40.65,34.94,17.49,28.2,3.4,Loamy,Rice,Vegetative,18.3,72.0,0,0.0,0.0,Medium
67.34,30.51,25.02,0.5,94.8,21.7,Peaty,Sugarcane,Flowering,20.8,4.4,0,0.0,0.0,Low
44.09,36.34,58.83,0.02,7.8,28.9,Loamy,Tomato,Vegetative,23.5,46.8,1,9.4,6.5,Medium
81.22,15.64,49.45,11.65,11.0,4.1,Clay,Rice,Flowering,9.4,51.6,0,0.0,0.0,Low
78.07,42.39,66.85,2.77,91.3,22.4,Clay,Tomato,Germination,10.4,26.7,0,0.0,0.0,Medium
75.2,19.91,54.67,0.74,89.8,12.1,Clay,Wheat,Vegetative,7.9,18.6,0,0.0,0.0,Low
63.83,34.31,66.04,2.73,15.9,25.4,Peaty,Rice,Flowering,0.6,38.9,1,6.0,3.0,Medium
10.91,35.96,26.95,7.95,46.9,34.1,Loamy,Groundnut,Germination,8.9,71.7,1,15.2,8.9,High
40.26,37.89,45.03,2.59,9.8,37.4,Peaty,Maize,Vegetative,29.9,70.5,1,11.5,6.0,Medium
64.43,28.22,82.54,4.96,96.0,10.0,Sandy,Tomato,Flowering,0.9,29.5,0,0.0,0.0,Low
87.87,16.43,72.51,5.52,64.9,22.8,Sandy,Rice,Flowering,12.9,6.6,0,0.0,0.0,Low
92.45,36.29,58.22,0.47,84.4,25.8,Loamy,Rice,Flowering,28.0,58.0,0,0.0,0.0,Medium
88.63,22.44,86.8,2.55,60.6,6.8,Peaty,Wheat,Maturity,27.9,55.8,0,0.0,0.0,Low
22.15,19.88,69.84,3.46,28.7,1.1,Clay,Groundnut,Fruiting,12.0,12.1,1,19.6,10.5,Medium
42.57,21.96,49.21,2.25,52.8,30.5,Clay,Maize,Fruiting,21.5,41.6,0,0.0,0.0,Medium
69.06,21.19,57.93,3.32,89.8,26.1,Loamy,Cotton,Fruiting,1.0,65.9,0,0.0,0.0,Low
55.31,20.73,52.39,0.07,16.4,37.6,Clay,Maize,Maturity,24.2,35.0,1,5.0,3.1,Medium
37.49,16.43,77.59,1.07,41.0,22.6,Sandy,Wheat,Vegetative,23.3,63.7,0,0.0,0.0,Medium
23.64,44.14,68.24,6.22,0.1,21.2,Peaty,Groundnut,Maturity,2.8,38.3,1,6.2,3.2,High
68.89,22.98,82.17,3.62,99.0,37.4,Loamy,Groundnut,Fruiting,22.5,41.1,0,0.0,0.0,Low
67.13,38.07,69.11,2.84,66.8,9.5,Peaty,Cotton,Maturity,19.0,45.8,0,0.0,0.0,Medium
66.48,35.23,53.69,8.9,17.9,27.0,Loamy,Sugarcane,Fruiting,5.2,4.8,0,0.0,0.0,Medium
74.91,24.35,77.26,4.73,69.5,1.3,Peaty,Wheat,Maturity,10.4,14.1,0,0.0,0.0,Low
72.17,16.23,74.58,7.96,71.7,23.1,Peaty,Sugarcane,Germination,0.5,50.0,0,0.0,0.0,Low
78.55,25.0,72.79,0.48,34.1,0.8,Clay,Rice,Maturity,26.4,40.9,0,0.0,0.0,Low
77.64,18.23,31.03,1.33,42.1,23.4,Clay,Sugarcane,Fruiting,4.1,57.8,0,0.0,0.0,Low
84.73,29.81,62.59,8.6,26.7,37.5,Clay,Rice,Vegetative,21.9,56.7,0,0.0,0.0,Low
36.96,20.71,27.37,1.7,7.6,36.4,Silty,Groundnut,Germination,25.2,70.5,1,5.0,3.3,Medium
66.62,18.23,47.05,4.73,70.3,1.1,Sandy,Cotton,Maturity,24.9,53.1,0,0.0,0.0,Low
86.49,33.57,49.24,0.03,67.4,28.5,Sandy,Rice,Fruiting,10.3,38.1,0,0.0,0.0,Medium
36.97,32.44,53.61,3.99,37.9,34.4,Peaty,Groundnut,Maturity,1.2,1.3,1,5.0,3.6,Medium
25.33,25.74,84.09,8.38,22.0,34.6,Clay,Groundnut,Germination,29.1,43.0,0,0.0,0.0,Medium
85.17,35.86,45.28,0.86,68.9,38.8,Sandy,Tomato,Fruiting,14.7,43.2,0,0.0,0.0,Medium
61.56,44.4,46.84,13.41,95.7,25.6,Clay,Cotton,Fruiting,22.6,19.5,0,0.0,0.0,Medium
89.27,21.94,22.49,0.48,96.6,18.5,Loamy,Maize,Germination,14.0,47.6,0,0.0,0.0,Low
76.67,36.67,66.42,3.9,79.2,17.6,Loamy,Tomato,Germination,29.6,69.7,0,0.0,0.0,Medium
66.14,19.83,76.08,7.4,93.3,23.9,Clay,Groundnut,Flowering,4.3,57.1,0,0.0,0.0,Low
61.52,22.95,49.76,1.74,61.9,36.0,Peaty,Wheat,Flowering,25.5,6.7,0,0.0,0.0,Low
80.33,28.58,61.66,14.65,75.6,1.4,Sandy,Wheat,Flowering,24.7,64.5,0,0.0,0.0,Low
63.23,28.96,29.92,2.53,49.2,20.7,Silty,Cotton,Germination,26.8,32.7,0,0.0,0.0,Low
90.72,29.35,36.96,0.85,83.3,21.9,Silty,Sugarcane,Flowering,15.4,65.5,0,0.0,0.0,Low
40.56,19.05,24.2,1.98,18.9,37.5,Sandy,Rice,Germination,12.4,66.7,1,7.5,4.3,High
81.42,41.65,30.51,2.49,97.1,13.8,Sandy,Wheat,Flowering,26.5,13.4,0,0.0,0.0,Medium
81.36,20.67,75.09,0.95,80.5,27.3,Peaty,Sugarcane,Vegetative,19.5,63.1,0,0.0,0.0,Low
50.35,18.85,82.49,5.54,47.1,38.6,Loamy,Cotton,Germination,29.5,38.3,0,0.0,0.0,Low
55.12,24.21,54.13,5.71,77.8,34.0,Sandy,Groundnut,Germination,17.8,20.4,0,0.0,0.0,Low
88.75,24.83,92.35,1.88,95.6,35.2,Peaty,Rice,Maturity,14.0,42.3,0,0.0,0.0,Low
55.95,18.08,62.27,0.92,38.4,0.7,Sandy,Sugarcane,Maturity,24.3,39.1,1,5.0,3.0,Medium
45.37,21.71,52.86,4.01,39.5,1.3,Loamy,Wheat,Fruiting,22.1,70.3,0,0.0,0.0,Low
94.23,33.9,32.34,1.0,78.2,18.4,Peaty,Tomato,Fruiting,11.6,33.4,0,0.0,0.0,Medium
25.99,44.24,24.36,0.92,20.1,34.8,Clay,Wheat,Vegetative,9.2,39.2,1,18.5,12.3,High
56.53,22.59,73.11,4.42,41.5,8.5,Silty,Groundnut,Maturity,20.1,63.1,0,0.0,0.0,Low
59.48,31.95,68.47,0.33,4.0,13.2,Peaty,Groundnut,Germination,14.0,16.1,0,0.0,0.0,Low
85.21,29.56,72.76,1.61,89.0,39.3,Loamy,Sugarcane,Fruiting,25.9,36.6,0,0.0,0.0,Low
84.32,32.22,47.39,1.47,88.5,34.2,Silty,Rice,Flowering,8.2,34.2,0,0.0,0.0,Low
95.13,24.09,69.93,1.15,43.1,2.1,Clay,Rice,Germination,15.2,1.7,0,0.0,0.0,Low
45.57,41.92,40.65,0.83,87.0,25.0,Sandy,Wheat,Vegetative,10.6,61.8,0,0.0,0.0,Medium
71.88,36.93,86.43,9.43,0.8,3.5,Peaty,Sugarcane,Fruiting,11.7,59.0,0,0.0,0.0,Medium
33.54,25.62,20.42,0.98,51.5,26.6,Peaty,Maize,Fruiting,4.2,14.5,1,16.3,8.8,Medium
89.03,33.66,26.1,2.63,29.0,3.8,Silty,Rice,Vegetative,18.1,17.4,0,0.0,0.0,Medium
80.1,29.52,53.47,2.18,71.5,27.3,Loamy,Rice,Vegetative,26.3,4.5,0,0.0,0.0,Low
56.48,19.03,81.08,1.4,70.1,7.9,Peaty,Maize,Flowering,9.2,20.3,0,0.0,0.0,Low
56.27,15.56,70.98,5.58,46.9,33.2,Sandy,Groundnut,Vegetative,20.1,32.1,0,0.0,0.0,Low
91.03,30.7,91.63,1.33,95.9,1.5,Peaty,Cotton,Maturity,5.4,65.7,0,0.0,0.0,Low
90.34,32.97,73.69,0.28,62.8,18.2,Loamy,Tomato,Vegetative,11.6,48.9,0,0.0,0.0,Medium
34.94,20.02,20.97,5.87,56.0,15.3,Silty,Cotton,Vegetative,13.9,5.3,0,0.0,0.0,Medium
84.22,40.15,74.13,1.5,84.8,36.8,Loamy,Rice,Germination,6.4,65.9,0,0.0,0.0,Medium
90.74,21.17,33.47,2.41,90.5,31.5,Clay,Maize,Vegetative,17.5,29.5,0,0.0,0.0,Low
70.93,31.97,29.88,7.17,59.3,18.3,Sandy,Wheat,Maturity,2.9,56.9,0,0.0,0.0,Low
70.5,27.42,53.7,7.24,10.3,11.2,Loamy,Rice,Vegetative,20.9,45.4,1,5.0,3.3,Medium
84.08,16.59,50.26,1.23,63.7,21.4,Loamy,Sugarcane,Fruiting,14.2,20.0,0,0.0,0.0,Low
33.6,27.72,74.91,0.94,56.2,11.1,Peaty,Groundnut,Germination,27.2,61.6,1,5.0,3.1,Medium
61.61,25.31,35.65,7.98,0.9,23.4,Clay,Cotton,Vegetative,5.6,42.5,0,0.0,0.0,Low
92.35,18.91,44.49,0.08,64.5,32.2,Silty,Maize,Germination,20.6,52.7,0,0.0,0.0,Low
36.49,42.85,49.72,0.36,21.5,7.0,Sandy,Wheat,Maturity,26.3,31.5,1,5.0,3.0,High
36.45,41.0,40.7,3.29,14.6,27.0,Loamy,Sugarcane,Fruiting,18.0,46.5,1,27.9,15.9,High
69.65,43.55,31.68,0.11,53.4,21.1,Clay,Maize,Flowering,28.5,38.8,0,0.0,0.0,Medium
74.63,28.42,71.07,0.93,7.4,38.3,Loamy,Maize,Flowering,27.8,70.5,0,0.0,0.0,Low
31.57,20.31,29.38,1.1,37.9,31.9,Loamy,Maize,Flowering,21.8,35.4,1,25.8,15.4,Medium
40.11,21.94,34.32,3.39,41.5,1.0,Sandy,Tomato,Germination,24.2,57.4,1,5.0,3.0,Medium
48.01,35.62,68.24,1.44,0.7,10.1,Sandy,Groundnut,Fruiting,2.2,7.8,0,0.0,0.0,Medium
57.43,24.86,75.8,3.07,74.2,11.7,Loamy,Groundnut,Vegetative,11.9,13.6,0,0.0,0.0,Low
22.51,40.02,80.38,2.91,28.0,29.4,Clay,Maize,Maturity,23.9,56.2,1,22.5,12.8,High
19.54,25.41,62.57,6.33,28.3,24.9,Peaty,Cotton,Fruiting,10.6,68.2,1,20.6,14.0,High
86.3,17.0,34.73,3.52,90.3,38.6,Clay,Cotton,Germination,6.3,20.6,0,0.0,0.0,Low
15.12,30.23,61.82,1.2,47.2,11.2,Clay,Wheat,Maturity,6.5,50.4,1,20.5,13.2,High
53.25,22.83,80.72,0.7,33.4,26.6,Silty,Maize,Germination,13.8,64.8,1,5.0,3.7,Medium
69.67,23.93,31.66,7.09,69.5,9.8,Clay,Maize,Maturity,22.2,56.9,0,0.0,0.0,Low
23.24,17.65,25.33,1.65,4.2,29.8,Sandy,Cotton,Flowering,28.2,35.0,1,12.0,8.7,Medium
64.41,31.2,65.53,3.44,17.3,12.1,Clay,Tomato,Flowering,4.9,24.8,0,0.0,0.0,Low
49.59,18.28,62.03,1.19,22.1,18.7,Clay,Cotton,Maturity,11.5,57.8,0,0.0,0.0,Low
85.23,38.96,49.1,0.56,84.0,13.2,Silty,Tomato,Fruiting,24.5,55.3,0,0.0,0.0,Medium
61.09,27.05,39.75,2.47,42.1,26.1,Peaty,Sugarcane,Maturity,20.9,61.4,1,5.0,3.0,Medium
80.32,35.02,52.38,9.06,89.4,20.5,Peaty,Maize,Flowering,1.7,50.1,0,0.0,0.0,Medium
70.21,39.88,48.31,2.77,21.0,16.7,Loamy,Wheat,Vegetative,17.0,64.9,0,0.0,0.0,Medium
48.35,28.87,53.45,4.24,28.0,8.7,Loamy,Sugarcane,Vegetative,9.1,43.1,1,7.7,4.3,Medium
21.86,37.47,71.46,1.56,55.5,10.1,Silty,Tomato,Fruiting,25.1,64.5,1,33.7,20.7,High
56.96,38.05,83.49,0.3,56.3,30.5,Loamy,Cotton,Maturity,4.4,37.8,0,0.0,0.0,Medium
78.7,24.87,19.8,0.8,9.0,3.7,Silty,Rice,Fruiting,6.4,67.3,1,5.5,3.0,Low
51.54,25.45,51.21,0.04,12.2,22.8,Peaty,Rice,Fruiting,4.3,23.4,1,12.6,7.0,Medium
47.97,21.22,68.91,7.64,44.6,19.4,Loamy,Sugarcane,Fruiting,11.5,20.6,1,15.2,9.2,Medium
49.95,34.57,37.14,2.79,38.3,4.1,Sandy,Wheat,Flowering,20.5,49.0,0,0.0,0.0,Medium
77.28,19.73,35.68,0.9,92.0,30.4,Loamy,Tomato,Flowering,7.6,8.0,0,0.0,0.0,Low
53.46,33.88,77.93,0.23,31.9,12.8,Clay,Sugarcane,Flowering,15.1,20.4,1,9.9,5.1,Medium
37.48,39.33,89.84,2.71,40.8,39.2,Loamy,Maize,Fruiting,22.7,40.2,1,15.8,10.4,High
81.21,36.4,59.24,6.45,44.9,6.0,Peaty,Sugarcane,Germination,8.4,3.9,0,0.0,0.0,Medium
38.68,32.52,77.92,4.2,25.8,12.4,Clay,Groundnut,Vegetative,0.6,21.4,1,5.0,3.0,Medium
65.01,17.88,55.03,5.03,38.5,1.2,Peaty,Sugarcane,Vegetative,20.4,53.3,0,0.0,0.0,Low
68.97,29.3,42.73,1.24,51.3,12.3,Clay,Wheat,Fruiting,13.2,21.0,0,0.0,0.0,Low
25.34,19.62,83.53,1.97,45.3,31.4,Silty,Tomato,Maturity,26.5,48.3,1,16.8,10.1,High
49.65,29.05,79.62,5.38,28.3,32.8,Sandy,Rice,Flowering,22.9,17.9,1,12.9,8.5,High
70.44,27.72,69.46,0.96,5.1,14.9,Loamy,Maize,Vegetative,15.0,69.5,0,0.0,0.0,Low
41.95,15.32,75.02,2.96,68.5,22.8,Clay,Groundnut,Flowering,4.5,66.4,0,0.0,0.0,Low
80.69,27.88,24.87,6.08,76.5,31.6,Loamy,Groundnut,Flowering,8.3,61.8,0,0.0,0.0,Low
48.81,34.29,44.04,2.42,25.8,12.3,Loamy,Groundnut,Fruiting,4.5,44.4,0,0.0,0.0,Medium
25.24,37.48,38.53,0.01,22.4,1.2,Sandy,Cotton,Maturity,10.1,19.5,1,6.6,4.1,Medium
38.37,28.57,82.15,1.24,9.0,36.5,Clay,Wheat,Fruiting,10.5,14.7,1,9.3,5.4,Medium
77.36,35.12,57.19,2.56,37.3,28.6,Sandy,Rice,Flowering,17.4,62.0,1,6.0,3.0,Medium
52.43,40.73,42.77,5.63,50.5,24.8,Clay,Rice,Flowering,21.2,23.6,1,19.7,13.1,High
79.18,19.19,64.67,6.51,68.7,35.2,Silty,Rice,Fruiting,8.2,61.3,0,0.0,0.0,Low
85.32,15.65,59.81,0.01,79.0,12.4,Silty,Tomato,Maturity,28.3,70.3,0,0.0,0.0,Low
47.66,42.89,30.44,1.51,6.7,30.3,Silty,Tomato,Flowering,21.2,23.2,1,8.9,6.5,High
73.5,41.11,26.23,1.58,82.1,32.5,Peaty,Rice,Maturity,14.6,34.5,0,0.0,0.0,Medium
67.76,42.21,28.98,0.84,15.2,7.2,Peaty,Maize,Maturity,17.4,68.8,1,5.0,3.0,Medium
38.24,41.5,76.06,2.0,8.2,29.2,Peaty,Wheat,Flowering,17.1,21.1,1,8.2,4.1,High
29.35,42.47,49.28,6.1,3.9,5.8,Silty,Cotton,Vegetative,10.4,61.0,1,12.7,7.4,High
25.86,40.26,92.54,0.27,0.8,21.9,Silty,Cotton,Maturity,14.1,5.2,1,10.1,5.0,High
46.45,27.67,61.43,14.36,22.1,15.0,Clay,Rice,Vegetative,18.2,52.4,0,0.0,0.0,High
61.59,26.64,81.33,3.73,6.2,37.2,Silty,Sugarcane,Fruiting,4.0,30.6,1,9.1,6.8,Medium
43.01,26.69,67.38,0.84,4.8,23.4,Silty,Rice,Fruiting,21.7,48.3,1,23.9,12.6,High
72.84,44.68,59.33,8.26,78.6,31.8,Sandy,Maize,Maturity,11.6,13.8,0,0.0,0.0,Medium
83.33,32.89,53.04,3.75,22.4,4.4,Sandy,Rice,Germination,28.7,41.6,0,0.0,0.0,Medium
84.31,30.08,47.46,1.59,78.1,0.6,Clay,Sugarcane,Vegetative,0.0,4.5,0,0.0,0.0,Low
74.33,21.7,57.35,7.27,51.2,6.3,Silty,Rice,Germination,17.8,1.9,0,0.0,0.0,Low
61.37,21.45,23.67,4.25,39.0,33.0,Sandy,Wheat,Flowering,18.8,18.4,0,0.0,0.0,Low
72.42,22.41,70.53,1.46,63.3,21.5,Silty,Cotton,Vegetative,7.5,37.6,0,0.0,0.0,Low
56.9,36.17,53.26,1.12,96.3,5.6,Loamy,Maize,Vegetative,0.3,55.8,0,0.0,0.0,Medium
78.56,41.8,66.97,11.37,10.0,17.6,Loamy,Tomato,Fruiting,11.4,53.2,0,0.0,0.0,Medium
59.02,18.89,57.85,2.43,16.8,17.1,Silty,Tomato,Germination,8.5,23.9,0,0.0,0.0,Low
15.25,40.8,57.21,1.31,54.4,5.3,Clay,Wheat,Flowering,8.4,43.6,1,39.1,24.0,High
58.9,43.54,32.21,3.1,81.3,36.2,Clay,Cotton,Maturity,3.9,17.8,0,0.0,0.0,Medium
23.24,33.59,78.92,1.25,38.7,32.6,Silty,Groundnut,Maturity,3.6,36.1,1,11.9,8.8,Medium
69.36,23.3,26.9,0.88,10.4,12.9,Loamy,Rice,Flowering,29.2,28.8,1,6.0,3.0,Medium
90.91,22.05,86.05,0.21,41.4,3.2,Silty,Rice,Maturity,1.2,10.9,0,0.0,0.0,Low
80.66,20.92,61.4,4.07,63.3,24.0,Clay,Groundnut,Vegetative,1.7,52.7,0,0.0,0.0,Low
72.41,37.41,72.51,3.77,72.1,15.2,Silty,Maize,Maturity,8.8,10.7,0,0.0,0.0,Medium
15.09,39.57,73.79,0.49,34.9,22.6,Clay,Groundnut,Vegetative,3.2,67.3,1,24.1,13.4,High
76.49,25.63,45.36,2.07,70.2,30.9,Loamy,Sugarcane,Vegetative,19.9,51.9,0,0.0,0.0,Low
69.56,37.94,61.78,4.22,9.9,35.1,Loamy,Rice,Germination,1.1,46.3,1,5.0,3.0,Medium
73.2,35.85,20.62,1.55,4.2,26.9,Clay,Wheat,Maturity,19.7,16.2,0,0.0,0.0,Medium
59.02,35.13,48.44,2.61,51.5,21.0,Silty,Groundnut,Flowering,21.1,69.2,0,0.0,0.0,Medium
84.86,17.83,54.85,1.53,72.2,38.1,Silty,Tomato,Germination,5.4,67.4,0,0.0,0.0,Low
78.78,32.78,38.95,4.79,77.4,11.9,Loamy,Cotton,Maturity,21.1,40.5,0,0.0,0.0,Low
62.23,15.75,37.02,3.71,30.1,36.8,Clay,Maize,Maturity,8.7,37.2,0,0.0,0.0,Low
85.64,40.09,94.33,2.66,30.9,26.9,Silty,Rice,Maturity,5.1,32.6,0,0.0,0.0,Medium
41.38,38.78,36.08,3.55,53.9,39.4,Clay,Tomato,Maturity,23.1,26.6,1,8.4,4.8,High
48.32,23.25,32.87,0.65,90.8,37.2,Peaty,Cotton,Fruiting,17.8,40.6,0,0.0,0.0,Low
83.14,30.75,73.76,2.42,94.9,4.1,Loamy,Tomato,Flowering,24.7,50.6,0,0.0,0.0,Low
35.11,16.79,44.67,1.78,18.7,7.2,Sandy,Groundnut,Flowering,22.6,60.5,1,6.1,4.4,Medium
12.68,37.39,63.35,0.65,7.6,23.7,Clay,Cotton,Maturity,2.0,50.6,1,21.6,13.4,High
56.55,24.48,23.07,0.48,10.6,13.4,Clay,Tomato,Flowering,1.4,52.4,1,6.0,4.0,Low
34.68,26.83,62.33,1.54,24.1,13.0,Peaty,Maize,Vegetative,8.1,6.7,1,10.9,6.1,Medium
80.16,22.64,90.15,0.77,74.7,2.5,Clay,Tomato,Germination,6.6,48.3,0,0.0,0.0,Low
75.37,21.04,69.89,0.37,82.9,9.9,Peaty,Tomato,Flowering,17.9,26.1,0,0.0,0.0,Low
46.74,29.09,19.51,11.15,35.0,10.3,Peaty,Sugarcane,Germination,4.8,71.9,0,0.0,0.0,Medium
69.5,42.04,76.5,0.78,64.4,36.9,Silty,Wheat,Fruiting,22.0,69.9,0,0.0,0.0,Medium
73.23,21.47,90.9,5.6,44.0,19.3,Peaty,Tomato,Vegetative,17.7,63.4,0,0.0,0.0,Low
72.56,35.52,32.36,3.13,38.2,13.3,Loamy,Sugarcane,Vegetative,17.8,46.7,0,0.0,0.0,Medium
49.15,34.44,92.35,7.27,28.3,1.1,Clay,Groundnut,Vegetative,18.1,2.0,0,0.0,0.0,Medium
77.0,31.48,84.8,1.22,29.6,1.3,Sandy,Tomato,Flowering,15.0,36.2,0,0.0,0.0,Low
51.83,38.92,63.29,5.96,55.0,9.2,Loamy,Maize,Vegetative,21.4,47.1,1,5.0,3.0,High
65.1,34.81,34.56,1.65,62.5,34.9,Sandy,Groundnut,Maturity,24.3,56.4,0,0.0,0.0,Medium
43.94,42.7,44.61,4.32,45.6,29.5,Silty,Sugarcane,Fruiting,8.1,7.2,1,21.6,12.5,High
52.31,28.35,69.42,4.21,43.4,14.6,Silty,Cotton,Maturity,6.7,0.7,0,0.0,0.0,Low
41.73,32.58,30.29,1.06,62.4,29.0,Peaty,Groundnut,Vegetative,15.9,40.7,0,0.0,0.0,Low
20.3,37.68,63.96,5.37,21.8,33.3,Clay,Wheat,Germination,12.1,14.4,1,15.6,10.1,High
83.6,34.01,79.24,4.2,71.9,2.0,Loamy,Groundnut,Fruiting,15.1,46.7,0,0.0,0.0,Medium
74.1,35.27,56.35,0.67,88.9,27.1,Loamy,Rice,Vegetative,21.1,53.4,0,0.0,0.0,Medium
95.52,16.07,23.14,1.68,66.0,15.5,Clay,Maize,Fruiting,5.9,0.6,0,0.0,0.0,Low
60.27,38.41,48.32,0.3,56.8,11.2,Silty,Maize,Vegetative,19.7,50.8,0,0.0,0.0,Medium
88.7,17.59,66.64,0.83,72.5,24.3,Loamy,Rice,Maturity,22.5,14.2,0,0.0,0.0,Low
68.61,28.01,71.08,2.88,93.7,20.7,Silty,Wheat,Fruiting,6.4,54.4,0,0.0,0.0,Low
73.35,33.72,49.86,0.62,61.0,7.4,Sandy,Tomato,Germination,20.3,40.7,0,0.0,0.0,Medium
88.85,37.41,46.77,7.77,2.3,26.1,Clay,Sugarcane,Vegetative,5.3,31.9,0,0.0,0.0,Medium
77.32,17.98,52.63,2.34,34.9,9.7,Sandy,Rice,Maturity,11.3,45.5,0,0.0,0.0,Low
86.28,15.9,39.58,2.39,61.9,11.0,Sandy,Cotton,Flowering,4.9,0.1,0,0.0,0.0,Low
21.79,25.37,51.29,2.74,52.4,28.8,Peaty,Tomato,Flowering,16.9,8.8,1,31.2,19.8,High
46.01,17.75,63.25,0.48,25.2,18.4,Silty,Rice,Fruiting,29.8,11.9,1,24.5,15.2,High
80.62,20.83,80.33,0.11,80.6,1.1,Loamy,Maize,Flowering,2.4,18.1,0,0.0,0.0,Low
91.7,21.89,30.31,1.29,92.9,1.2,Loamy,Rice,Flowering,11.9,40.4,0,0.0,0.0,Low
42.16,42.72,87.14,6.5,11.8,5.7,Clay,Sugarcane,Maturity,2.7,25.4,1,18.5,10.0,High
80.72,24.07,29.94,2.04,72.0,21.9,Sandy,Wheat,Flowering,10.1,4.8,0,0.0,0.0,Low
51.38,32.52,81.72,0.15,59.7,25.7,Loamy,Wheat,Maturity,19.5,45.5,0,0.0,0.0,Low
75.08,41.71,32.74,6.52,86.4,18.1,Silty,Maize,Vegetative,9.1,71.8,0,0.0,0.0,Medium
53.45,37.82,46.74,0.77,74.7,6.8,Peaty,Groundnut,Germination,12.9,23.9,0,0.0,0.0,Medium
87.6,17.26,33.48,1.91,89.2,23.0,Silty,Cotton,Flowering,15.5,56.6,0,0.0,0.0,Low
40.3,35.74,85.04,0.7,6.8,13.5,Clay,Groundnut,Germination,24.1,28.6,1,5.0,3.0,Medium
47.68,39.96,55.24,5.89,16.7,10.0,Clay,Rice,Fruiting,23.9,16.5,1,26.7,15.0,High
59.88,35.89,54.09,0.81,97.0,22.6,Loamy,Maize,Germination,12.2,23.7,0,0.0,0.0,Medium
84.89,42.16,24.47,5.2,98.0,29.3,Sandy,Maize,Maturity,6.5,37.7,0,0.0,0.0,Medium
58.02,31.49,79.77,4.06,66.1,0.6,Loamy,Maize,Vegetative,17.4,65.6,0,0.0,0.0,Low
67.77,32.69,91.61,2.26,35.5,21.0,Peaty,Tomato,Flowering,16.2,23.5,0,0.0,0.0,Low
64.89,17.91,76.94,2.99,63.3,30.5,Peaty,Wheat,Maturity,12.0,20.8,0,0.0,0.0,Low
91.14,42.12,91.73,4.76,40.8,19.3,Clay,Rice,Maturity,20.1,59.1,0,0.0,0.0,Medium
69.22,21.89,42.26,10.24,28.9,8.5,Sandy,Rice,Vegetative,20.1,52.2,0,0.0,0.0,Medium
57.58,16.05,84.75,5.65,25.2,32.1,Sandy,Cotton,Flowering,10.1,50.2,0,0.0,0.0,Low
58.73,33.32,56.83,3.85,56.1,32.1,Clay,Sugarcane,Maturity,14.7,48.2,1,5.0,3.0,Medium
24.64,44.2,85.8,0.99,50.7,2.3,Silty,Cotton,Maturity,23.2,8.9,1,13.4,8.6,High
72.49,16.91,41.41,0.78,88.7,25.9,Silty,Wheat,Germination,15.2,46.8,0,0.0,0.0,Low
89.98,34.8,89.57,1.55,86.0,36.4,Clay,Wheat,Germination,24.9,29.3,0,0.0,0.0,Medium
80.83,36.26,40.66,0.43,28.8,24.9,Silty,Sugarcane,Flowering,15.1,7.4,0,0.0,0.0,Medium
60.12,29.32,47.94,2.43,12.1,18.2,Peaty,Sugarcane,Germination,16.2,45.7,1,5.0,3.4,Medium
73.78,26.55,79.46,2.35,88.2,38.9,Sandy,Rice,Flowering,11.8,47.9,0,0.0,0.0,Low
34.18,35.88,23.02,2.2,16.6,38.8,Silty,Tomato,Flowering,12.6,14.2,1,21.4,11.8,Medium
47.22,34.32,51.9,0.4,77.8,13.0,Peaty,Groundnut,Maturity,16.5,1.4,0,0.0,0.0,Medium
61.95,32.92,49.92,4.46,12.9,17.5,Clay,Tomato,Flowering,12.2,4.2,0,0.0,0.0,Low
68.6,28.93,78.59,0.53,83.7,26.3,Peaty,Maize,Maturity,15.5,69.5,0,0.0,0.0,Low
66.5,38.39,83.92,1.08,51.1,34.3,Sandy,Wheat,Flowering,0.8,48.3,0,0.0,0.0,Medium
93.41,30.31,38.23,0.0,89.9,3.3,Loamy,Groundnut,Maturity,3.9,43.6,0,0.0,0.0,Low
82.81,34.99,80.2,0.39,83.7,15.5,Loamy,Rice,Maturity,13.0,34.3,0,0.0,0.0,Medium
74.95,19.57,26.96,6.42,67.4,37.0,Clay,Groundnut,Vegetative,25.3,40.0,0,0.0,0.0,Low
89.82,27.25,89.12,0.25,77.7,15.8,Clay,Sugarcane,Vegetative,15.4,2.8,0,0.0,0.0,Low
88.77,36.86,40.94,3.61,70.6,28.0,Clay,Tomato,Maturity,2.6,7.8,0,0.0,0.0,Medium
72.53,27.88,34.46,3.19,66.5,18.4,Peaty,Sugarcane,Fruiting,25.0,19.8,0,0.0,0.0,Low
79.87,38.68,56.81,0.46,88.5,13.5,Clay,Wheat,Vegetative,8.7,36.0,0,0.0,0.0,Medium
56.48,33.69,64.23,17.9,61.2,25.8,Peaty,Tomato,Maturity,25.8,69.8,0,0.0,0.0,Medium
61.92,20.89,39.75,2.29,28.0,21.7,Clay,Maize,Germination,22.0,11.9,0,0.0,0.0,Low
79.64,41.18,67.3,6.23,30.3,5.3,Sandy,Sugarcane,Germination,11.5,46.9,0,0.0,0.0,Medium
32.71,16.29,37.0,0.23,38.8,33.7,Silty,Cotton,Fruiting,24.9,47.3,1,12.0,5.6,Medium
63.88,27.41,85.49,5.44,94.1,12.3,Sandy,Wheat,Fruiting,0.6,67.9,0,0.0,0.0,Low
54.92,18.81,23.37,0.84,37.8,33.5,Silty,Cotton,Vegetative,28.7,40.3,0,0.0,0.0,Low
48.94,15.67,79.2,2.21,37.1,38.6,Clay,Rice,Germination,16.2,23.1,1,16.3,11.1,High
71.12,34.62,30.6,3.4,5.9,13.4,Clay,Tomato,Flowering,23.2,46.4,0,0.0,0.0,Medium
91.76,20.05,74.94,0.98,96.1,39.5,Sandy,Maize,Vegetative,28.3,44.3,0,0.0,0.0,Low
83.19,21.71,26.67,1.98,79.2,30.8,Clay,Maize,Germination,24.6,12.6,0,0.0,0.0,Low
63.15,40.46,93.93,0.69,57.7,0.2,Clay,Maize,Maturity,12.4,13.9,0,0.0,0.0,Medium
90.67,32.48,79.88,2.26,61.1,20.6,Silty,Sugarcane,Maturity,7.1,19.0,0,0.0,0.0,Low
35.72,24.8,34.81,0.47,33.9,1.7,Silty,Cotton,Germination,18.0,67.8,1,6.4,5.3,Medium
44.67,22.89,37.28,2.5,56.6,8.7,Clay,Groundnut,Maturity,10.4,46.0,0,0.0,0.0,Low
43.93,30.37,56.06,1.73,2.8,6.6,Peaty,Rice,Vegetative,20.9,29.8,1,17.6,10.2,High
43.66,30.92,21.88,1.09,34.6,22.3,Sandy,Groundnut,Vegetative,21.3,51.6,0,0.0,0.0,Low
84.79,27.48,77.81,2.1,63.9,25.6,Sandy,Sugarcane,Vegetative,11.6,26.6,0,0.0,0.0,Low
56.78,44.46,44.27,2.28,1.9,35.4,Silty,Groundnut,Germination,5.9,67.2,1,5.0,4.1,Medium
63.91,35.19,69.7,6.99,54.2,16.9,Loamy,Wheat,Fruiting,24.0,12.2,0,0.0,0.0,Medium
64.29,31.3,71.82,0.97,57.0,28.6,Clay,Wheat,Flowering,13.6,53.8,0,0.0,0.0,Low
87.23,36.01,47.38,2.04,64.7,17.5,Loamy,Tomato,Flowering,3.5,51.7,0,0.0,0.0,Medium
82.43,30.57,75.54,0.15,24.1,33.3,Silty,Sugarcane,Fruiting,11.2,27.0,0,0.0,0.0,Low
23.21,15.65,82.11,2.16,15.7,2.7,Peaty,Maize,Germination,7.7,35.9,1,12.9,8.7,High
61.02,21.32,25.62,1.56,24.5,23.0,Peaty,Tomato,Maturity,9.3,49.4,0,0.0,0.0,Low
51.14,27.15,48.11,1.62,20.6,6.0,Clay,Maize,Vegetative,27.8,28.2,1,5.0,3.0,Medium
57.69,16.01,42.6,0.8,27.7,7.6,Silty,Maize,Fruiting,19.9,10.7,0,0.0,0.0,Low
75.86,42.18,82.63,0.48,99.9,26.9,Peaty,Maize,Flowering,28.6,58.9,0,0.0,0.0,Medium
78.12,32.87,80.02,1.57,75.9,15.5,Clay,Maize,Vegetative,23.3,8.4,0,0.0,0.0,Low
76.94,39.89,32.25,4.55,67.5,13.1,Clay,Maize,Vegetative,13.3,9.2,0,0.0,0.0,Medium
40.22,36.91,46.63,3.86,49.5,8.0,Loamy,Wheat,Maturity,6.7,0.4,0,0.0,0.0,Medium
66.32,29.57,66.76,1.59,34.6,8.9,Silty,Maize,Germination,20.9,26.0,0,0.0,0.0,Low
84.24,18.44,88.82,2.68,85.9,35.8,Sandy,Rice,Germination,20.5,50.3,0,0.0,0.0,Low
74.4,16.86,62.22,4.22,49.7,23.7,Peaty,Maize,Flowering,5.9,7.1,0,0.0,0.0,Low
33.8,17.69,77.29,0.59,23.7,15.8,Loamy,Wheat,Vegetative,9.6,12.2,1,9.8,7.4,Medium
29.5,38.65,66.67,5.7,33.1,6.6,Clay,Maize,Maturity,8.1,32.1,1,19.3,11.9,High
58.05,18.51,92.77,2.12,38.0,6.3,Clay,Sugarcane,Flowering,9.1,6.3,1,12.0,6.6,Medium
82.47,38.37,91.94,6.58,79.5,27.8,Peaty,Sugarcane,Germination,3.6,11.9,0,0.0,0.0,Medium
40.42,41.44,31.04,0.51,19.3,26.1,Sandy,Sugarcane,Germination,23.3,4.2,1,9.4,5.5,High
59.2,20.19,35.28,1.58,16.9,14.4,Peaty,Maize,Vegetative,24.4,21.7,0,0.0,0.0,Low
42.46,41.86,53.16,4.12,14.6,35.8,Silty,Sugarcane,Fruiting,5.8,7.7,1,20.0,12.5,High
60.4,31.7,70.1,4.11,13.3,8.0,Loamy,Maize,Fruiting,25.5,29.5,0,0.0,0.0,Low
85.43,41.2,43.19,4.99,91.1,2.9,Loamy,Tomato,Fruiting,7.7,12.6,0,0.0,0.0,Medium
42.09,43.94,68.94,7.66,56.6,33.7,Peaty,Sugarcane,Vegetative,3.7,8.7,1,11.3,6.6,High
67.02,42.2,93.95,2.12,80.8,22.7,Loamy,Groundnut,Flowering,16.1,34.9,0,0.0,0.0,Medium
75.04,42.5,35.6,5.27,90.6,15.7,Loamy,Sugarcane,Flowering,28.6,45.2,0,0.0,0.0,Medium
27.23,39.86,54.04,5.06,31.1,23.0,Silty,Wheat,Germination,11.6,61.7,1,8.6,5.8,High
69.53,20.28,31.01,0.62,44.8,20.9,Loamy,Wheat,Maturity,11.4,15.7,0,0.0,0.0,Low
41.88,37.08,88.06,1.23,44.4,36.0,Peaty,Maize,Maturity,14.4,65.1,1,8.1,4.2,Medium
54.25,37.39,40.52,6.13,88.9,14.7,Silty,Wheat,Germination,26.2,63.7,0,0.0,0.0,Medium
39.6,21.95,55.42,0.85,58.0,28.8,Peaty,Maize,Fruiting,18.1,59.4,1,6.6,4.2,Medium
45.59,27.73,71.26,2.19,59.8,13.1,Peaty,Sugarcane,Vegetative,24.3,65.2,1,9.4,5.7,Medium
70.17,34.35,62.78,2.25,55.1,34.0,Loamy,Wheat,Vegetative,3.4,41.0,0,0.0,0.0,Medium
70.52,18.87,31.45,2.36,27.4,8.9,Loamy,Rice,Maturity,11.2,10.1,0,0.0,0.0,Low
82.39,26.73,37.09,0.09,84.8,13.1,Clay,Tomato,Maturity,28.4,40.7,0,0.0,0.0,Low
30.21,40.07,26.55,0.56,29.0,19.1,Loamy,Groundnut,Vegetative,15.2,13.4,1,6.0,3.8,High
42.79,42.08,92.62,2.6,32.7,12.9,Sandy,Maize,Maturity,18.4,35.3,1,5.0,3.0,High
72.96,29.28,29.8,0.33,72.5,9.5,Peaty,Rice,Flowering,15.0,57.8,0,0.0,0.0,Low
52.79,41.73,42.61,0.8,1.5,11.9,Silty,Cotton,Germination,28.8,22.5,1,5.0,3.4,Medium
50.77,42.14,30.76,0.69,40.8,31.2,Peaty,Wheat,Flowering,15.4,42.6,1,6.0,3.0,Medium
83.83,43.87,56.71,2.44,88.0,35.4,Silty,Rice,Fruiting,3.4,19.5,0,0.0,0.0,Medium
32.75,18.07,28.39,1.11,3.8,20.5,Silty,Maize,Fruiting,15.6,10.1,1,25.7,14.0,Medium
60.16,34.2,31.75,1.01,21.0,21.6,Loamy,Sugarcane,Fruiting,9.9,56.6,1,5.5,3.6,Medium
52.12,25.14,94.34,12.71,19.0,25.2,Silty,Tomato,Germination,4.6,12.1,0,0.0,0.0,Medium
31.81,28.9,32.73,1.19,7.0,35.6,Peaty,Maize,Vegetative,22.7,25.2,1,14.2,6.7,Medium
50.74,34.78,34.28,3.06,9.4,24.8,Silty,Maize,Flowering,3.4,46.7,1,6.0,3.3,Medium
72.08,44.88,87.37,2.25,62.8,37.9,Clay,Cotton,Flowering,19.2,45.3,0,0.0,0.0,Medium
56.47,39.74,50.68,4.11,10.0,35.0,Sandy,Rice,Germination,12.1,57.9,1,5.0,4.0,High
93.32,44.25,48.45,0.2,98.8,25.0,Silty,Tomato,Germination,3.1,24.6,0,0.0,0.0,Medium
71.49,18.77,63.52,2.12,69.5,12.2,Loamy,Maize,Germination,0.6,43.9,0,0.0,0.0,Low
62.72,23.52,65.21,5.0,23.4,16.4,Peaty,Rice,Maturity,23.2,17.3,1,6.1,3.7,Medium
48.32,43.29,36.62,0.02,59.9,20.3,Silty,Tomato,Fruiting,1.9,32.7,1,5.5,3.0,High
91.4,18.88,40.0,1.82,94.3,7.3,Clay,Tomato,Germination,21.6,48.3,0,0.0,0.0,Low
15.1,44.33,91.52,4.73,37.7,2.6,Loamy,Groundnut,Fruiting,0.0,0.1,1,23.9,15.2,High
19.54,44.08,70.94,0.95,45.6,11.9,Silty,Groundnut,Vegetative,8.7,41.8,1,17.4,10.0,High
76.17,16.44,56.05,0.88,69.0,26.2,Sandy,Maize,Maturity,10.6,61.2,0,0.0,0.0,Low
78.67,22.22,73.28,0.82,93.8,12.4,Peaty,Rice,Vegetative,17.8,42.3,0,0.0,0.0,Low
55.99,20.84,54.13,6.19,8.6,1.2,Silty,Maize,Vegetative,9.9,30.1,0,0.0,0.0,Low
78.13,25.61,32.36,0.21,19.7,34.2,Loamy,Sugarcane,Flowering,13.3,63.2,0,0.0,0.0,Low
62.47,18.52,22.98,0.96,90.1,5.2,Sandy,Cotton,Vegetative,9.5,57.7,0,0.0,0.0,Low
16.01,26.62,75.35,0.76,59.0,6.1,Silty,Cotton,Maturity,15.7,48.6,1,14.7,8.4,High
48.51,26.94,91.15,1.39,16.7,11.0,Clay,Sugarcane,Flowering,15.0,21.0,1,26.0,15.8,Medium
60.4,31.35,44.8,4.23,31.4,39.1,Sandy,Wheat,Germination,1.7,36.6,0,0.0,0.0,Low
49.18,27.65,58.03,0.62,68.5,16.7,Silty,Cotton,Flowering,19.1,25.7,0,0.0,0.0,Low
88.76,36.19,25.04,2.71,66.9,14.7,Clay,Wheat,Fruiting,24.0,66.7,0,0.0,0.0,Medium
35.87,21.12,42.97,1.73,27.2,18.5,Peaty,Sugarcane,Germination,6.4,59.9,1,14.9,7.8,High
80.96,30.48,88.06,0.46,65.8,10.0,Loamy,Tomato,Germination,2.6,67.9,0,0.0,0.0,Low
40.05,21.7,27.38,1.3,13.6,22.6,Clay,Wheat,Fruiting,13.9,39.1,1,5.5,4.7,Medium
56.06,38.81,27.42,3.03,70.3,36.0,Clay,Wheat,Flowering,18.1,31.2,0,0.0,0.0,Medium
87.52,37.96,48.73,5.29,8.1,25.0,Peaty,Rice,Maturity,25.2,26.8,0,0.0,0.0,Medium
87.04,32.79,60.81,2.82,69.6,36.7,Silty,Maize,Germination,6.6,59.5,0,0.0,0.0,Low
52.94,39.01,57.86,1.11,40.5,38.7,Clay,Rice,Germination,17.4,6.0,1,12.6,6.8,High
49.88,36.76,93.37,1.26,52.1,10.4,Loamy,Cotton,Germination,11.0,34.7,0,0.0,0.0,Medium
56.0,32.69,94.68,9.98,82.9,10.7,Loamy,Tomato,Vegetative,25.0,4.0,0,0.0,0.0,Medium
16.81,39.75,36.17,3.92,35.5,26.7,Clay,Groundnut,Fruiting,21.2,70.0,1,25.1,14.9,High
52.14,40.38,53.83,0.91,1.1,34.9,Sandy,Tomato,Germination,29.3,51.5,1,5.0,3.0,High
43.91,33.79,86.4,0.64,8.7,25.1,Peaty,Maize,Maturity,4.9,8.4,1,5.0,3.0,Medium
84.83,19.23,92.4,2.58,44.7,36.5,Sandy,Sugarcane,Maturity,12.5,63.0,0,0.0,0.0,Low
87.0,33.07,36.76,6.16,80.1,30.1,Sandy,Cotton,Germination,18.6,36.1,0,0.0,0.0,Medium
81.8,32.64,88.03,1.32,69.5,25.9,Silty,Tomato,Germination,19.4,16.0,0,0.0,0.0,Low
88.05,23.2,62.2,0.73,42.3,22.9,Sandy,Sugarcane,Germination,2.4,33.1,0,0.0,0.0,Low
75.52,23.04,68.37,1.14,45.1,15.3,Clay,Maize,Maturity,7.0,41.6,0,0.0,0.0,Low
22.7,38.25,46.97,0.54,50.3,26.1,Peaty,Maize,Maturity,8.7,58.3,1,16.4,9.3,High
49.14,34.8,55.87,7.42,39.2,9.4,Silty,Groundnut,Germination,17.2,24.1,0,0.0,0.0,Medium
46.28,17.64,69.5,11.31,5.7,17.0,Sandy,Wheat,Vegetative,7.6,70.8,0,0.0,0.0,Low
68.82,31.88,52.06,3.77,26.6,18.0,Loamy,Wheat,Maturity,22.7,12.1,0,0.0,0.0,Low
89.91,40.45,79.6,0.04,91.2,11.0,Loamy,Cotton,Germination,5.9,31.7,0,0.0,0.0,Medium
40.32,31.5,40.94,3.12,20.4,27.8,Peaty,Rice,Flowering,16.5,28.9,1,26.1,13.7,High
71.58,38.54,44.34,1.85,4.0,35.6,Clay,Tomato,Fruiting,23.5,4.2,0,0.0,0.0,Medium
84.43,31.82,51.29,0.83,96.0,16.5,Silty,Maize,Germination,5.5,59.2,0,0.0,0.0,Low
43.18,34.84,45.15,0.62,17.8,23.4,Silty,Cotton,Germination,26.3,46.1,1,5.0,3.0,Medium
84.03,24.48,30.67,0.28,72.0,28.2,Sandy,Maize,Fruiting,27.5,25.1,0,0.0,0.0,Low
46.5,32.93,64.5,7.1,46.8,2.7,Sandy,Sugarcane,Vegetative,0.2,55.9,1,10.3,5.9,Medium
33.48,39.85,61.8,2.81,3.1,34.4,Clay,Cotton,Maturity,29.2,8.7,1,8.9,5.9,High
28.68,43.68,36.21,0.23,42.7,35.3,Clay,Tomato,Maturity,26.6,71.4,1,19.4,11.6,High
47.17,27.43,75.26,0.71,46.9,26.1,Peaty,Wheat,Fruiting,18.2,39.3,0,0.0,0.0,Low
52.61,44.54,27.51,0.7,34.1,9.1,Loamy,Wheat,Germination,1.2,12.8,0,0.0,0.0,Medium
58.8,23.01,32.78,1.05,24.7,17.9,Silty,Wheat,Germination,16.6,43.9,0,0.0,0.0,Low
44.64,31.83,82.71,4.29,66.1,19.9,Sandy,Wheat,Maturity,18.4,25.6,0,0.0,0.0,Low
22.42,35.36,58.06,0.27,10.8,12.0,Loamy,Cotton,Germination,28.6,29.5,1,10.9,6.7,Medium
56.72,20.02,91.29,2.14,18.6,19.5,Sandy,Groundnut,Germination,24.8,62.2,0,0.0,0.0,Low
69.02,28.02,25.71,1.29,62.4,7.7,Sandy,Sugarcane,Fruiting,8.8,2.3,0,0.0,0.0,Low
88.55,24.13,58.0,0.24,82.8,10.6,Silty,Groundnut,Vegetative,17.9,40.9,0,0.0,0.0,Low
85.63,27.01,38.87,4.66,91.3,12.2,Silty,Tomato,Flowering,19.6,71.3,0,0.0,0.0,Low
36.63,24.14,29.33,1.15,38.1,15.2,Silty,Wheat,Flowering,1.5,33.4,1,7.1,3.9,Medium
69.47,43.62,77.63,3.49,41.6,11.5,Clay,Rice,Fruiting,26.6,63.1,1,5.5,3.0,High
58.22,18.78,22.82,0.38,47.1,26.7,Silty,Tomato,Flowering,4.3,45.6,0,0.0,0.0,Low
41.6,19.06,26.71,8.07,19.0,13.3,Silty,Cotton,Flowering,10.4,62.6,0,0.0,0.0,Medium
64.87,27.85,35.3,1.33,74.3,17.0,Sandy,Maize,Vegetative,12.8,32.7,0,0.0,0.0,Low
41.87,38.59,51.8,2.08,4.7,11.2,Clay,Tomato,Fruiting,18.8,33.4,1,18.2,11.7,High
32.77,41.91,66.43,1.14,4.6,25.3,Silty,Cotton,Vegetative,27.2,2.5,1,10.0,5.1,High
84.33,44.67,88.99,0.96,63.8,29.2,Sandy,Rice,Vegetative,25.3,5.6,0,0.0,0.0,Medium
13.68,36.71,59.12,3.46,33.8,37.5,Silty,Groundnut,Maturity,16.4,6.3,1,14.7,7.2,High
31.23,40.25,73.52,0.7,27.2,6.7,Sandy,Maize,Fruiting,1.1,61.7,1,8.2,5.3,High
63.65,43.3,20.5,0.18,50.1,36.5,Peaty,Tomato,Germination,18.7,2.3,0,0.0,0.0,Medium
73.52,37.86,27.88,13.99,60.6,14.5,Peaty,Sugarcane,Vegetative,17.2,63.5,0,0.0,0.0,Medium
60.94,26.09,35.14,1.38,85.4,29.5,Clay,Wheat,Flowering,27.2,5.4,0,0.0,0.0,Low
48.21,20.71,66.63,2.6,94.4,9.3,Loamy,Wheat,Fruiting,19.6,53.3,0,0.0,0.0,Low
73.71,33.57,86.67,2.04,16.5,4.6,Sandy,Maize,Maturity,21.0,69.6,0,0.0,0.0,Low
78.52,45.26,73.05,3.4,65.4,27.8,Loamy,Rice,Fruiting,9.6,56.5,1,5.5,4.7,Medium
24.57,45.28,39.93,1.81,0.3,14.0,Loamy,Tomato,Germination,22.3,40.4,1,13.4,6.3,High
64.64,35.88,63.06,0.48,68.9,5.7,Peaty,Wheat,Fruiting,9.3,49.7,0,0.0,0.0,Medium
58.86,28.61,25.39,6.68,17.4,17.0,Loamy,Sugarcane,Vegetative,16.6,56.3,1,9.6,5.3,Medium
50.76,22.48,70.41,2.76,16.7,35.4,Loamy,Cotton,Maturity,10.9,49.2,0,0.0,0.0,Low
38.1,22.57,58.45,3.53,31.7,25.9,Silty,Cotton,Vegetative,17.1,42.5,1,5.1,3.6,Medium
62.7,16.83,24.32,4.6,85.9,24.2,Silty,Groundnut,Maturity,25.4,52.5,0,0.0,0.0,Low
60.35,36.62,73.43,1.37,70.8,18.6,Clay,Tomato,Vegetative,12.6,9.6,0,0.0,0.0,Medium
78.06,41.68,91.77,2.57,75.4,20.5,Sandy,Rice,Flowering,25.6,43.0,0,0.0,0.0,Medium
69.31,44.82,61.44,8.35,81.3,26.6,Silty,Maize,Maturity,9.1,46.3,0,0.0,0.0,Medium
32.31,38.35,69.69,6.81,25.2,32.8,Sandy,Cotton,Flowering,24.4,35.6,1,7.6,7.1,High
43.55,19.28,40.33,0.82,30.1,12.0,Clay,Cotton,Maturity,7.5,67.7,1,5.0,3.0,Medium
67.52,44.76,63.38,2.92,47.1,26.5,Peaty,Cotton,Flowering,17.7,4.7,0,0.0,0.0,Medium
79.66,38.3,46.85,2.91,92.4,23.0,Loamy,Maize,Maturity,19.3,44.1,0,0.0,0.0,Medium
81.74,25.07,59.08,2.04,25.1,11.7,Silty,Rice,Germination,22.7,33.8,0,0.0,0.0,Low
48.38,34.28,72.57,1.28,33.0,10.8,Loamy,Wheat,Germination,10.8,38.9,0,0.0,0.0,Medium
82.84,39.69,94.48,2.86,90.9,14.4,Peaty,Maize,Maturity,1.7,56.8,0,0.0,0.0,Medium
45.26,23.19,74.56,1.18,5.6,8.4,Clay,Maize,Vegetative,22.2,7.3,1,10.5,6.2,Medium
38.95,42.51,28.54,0.43,17.5,32.0,Silty,Cotton,Germination,4.4,49.4,1,5.0,3.7,High
52.08,23.64,46.5,0.67,50.7,33.7,Loamy,Tomato,Maturity,3.7,18.1,0,0.0,0.0,Medium
84.55,37.14,87.96,2.14,71.9,36.6,Loamy,Sugarcane,Maturity,20.2,51.9,0,0.0,0.0,Medium
92.94,27.5,66.95,1.54,83.8,19.3,Silty,Rice,Vegetative,15.3,47.5,0,0.0,0.0,Low
60.27,36.6,69.88,4.28,19.3,7.1,Sandy,Rice,Germination,25.5,51.4,1,5.0,3.0,Medium
46.42,37.39,52.5,3.0,48.7,37.9,Silty,Wheat,Flowering,6.3,48.1,1,6.0,5.0,Medium
34.2,28.9,24.19,1.1,24.7,16.6,Sandy,Wheat,Flowering,24.9,0.2,1,9.6,7.0,Medium
71.13,28.62,70.28,3.49,87.5,26.6,Loamy,Groundnut,Flowering,21.3,54.1,0,0.0,0.0,Low
56.59,43.74,45.32,4.29,53.1,8.8,Loamy,Tomato,Fruiting,29.0,9.0,0,0.0,0.0,Medium
27.51,20.09,71.76,2.54,27.0,38.0,Sandy,Cotton,Germination,16.6,57.7,1,5.0,3.6,Medium
47.05,43.39,86.19,3.94,2.4,12.6,Clay,Rice,Flowering,4.6,20.9,1,28.4,16.9,High
58.95,23.15,37.32,1.5,8.7,26.8,Sandy,Groundnut,Vegetative,19.9,30.3,0,0.0,0.0,Low
87.81,26.03,48.52,0.83,21.7,12.1,Silty,Rice,Fruiting,23.0,49.0,0,0.0,0.0,Low
56.27,37.69,87.47,1.23,16.4,29.5,Clay,Groundnut,Vegetative,29.4,10.0,0,0.0,0.0,Medium
45.77,28.62,29.2,1.16,40.1,0.7,Sandy,Tomato,Vegetative,10.1,57.9,1,5.0,3.0,Medium
79.93,37.97,46.4,0.03,73.4,40.0,Clay,Rice,Germination,29.6,10.2,0,0.0,0.0,Medium
72.27,44.04,38.06,14.63,22.2,14.7,Sandy,Rice,Maturity,20.8,51.9,0,0.0,0.0,Medium
24.26,23.33,82.54,1.62,17.6,14.0,Loamy,Cotton,Flowering,6.9,20.3,1,19.3,12.1,Medium
41.22,28.65,75.49,2.21,10.6,5.7,Sandy,Maize,Flowering,2.0,17.2,1,11.1,7.2,Medium
80.5,38.85,22.09,4.59,66.6,9.7,Clay,Sugarcane,Maturity,1.5,27.3,0,0.0,0.0,Medium
40.95,27.06,95.07,1.0,18.7,18.5,Peaty,Groundnut,Flowering,10.6,50.1,1,6.0,3.0,Low
86.6,23.34,83.07,0.32,21.7,17.0,Loamy,Rice,Maturity,7.6,71.8,0,0.0,0.0,Low
73.83,33.6,36.62,1.47,85.7,29.6,Sandy,Rice,Flowering,18.2,45.3,0,0.0,0.0,Medium
61.76,31.26,44.77,0.27,37.6,22.7,Clay,Maize,Maturity,26.3,68.0,1,5.0,3.2,Low
64.31,39.63,49.89,3.48,30.3,17.4,Peaty,Cotton,Maturity,28.5,51.8,0,0.0,0.0,Medium
23.63,35.15,40.02,2.18,36.2,32.7,Sandy,Tomato,Germination,8.3,43.4,1,10.1,6.7,High
80.26,41.78,68.5,9.39,80.0,30.7,Loamy,Sugarcane,Flowering,24.6,29.7,0,0.0,0.0,Medium
79.78,28.66,94.76,2.11,3.2,25.1,Sandy,Rice,Flowering,26.6,45.6,1,6.0,3.2,Low
57.43,31.98,29.72,2.54,78.0,37.2,Clay,Tomato,Flowering,9.1,47.0,0,0.0,0.0,Low
91.6,37.9,71.77,0.93,66.7,37.0,Loamy,Groundnut,Flowering,21.6,3.5,0,0.0,0.0,Medium
37.49,29.76,55.75,2.88,48.3,38.9,Loamy,Maize,Maturity,26.2,7.2,1,12.1,8.4,Medium
88.83,20.47,45.9,1.2,74.9,3.0,Silty,Tomato,Maturity,24.5,55.2,0,0.0,0.0,Low
88.74,43.25,90.4,4.97,88.9,2.0,Silty,Maize,Maturity,2.2,53.7,0,0.0,0.0,Medium
27.56,36.74,42.82,4.2,7.4,20.9,Loamy,Maize,Germination,8.8,18.6,1,11.7,6.6,High
42.4,21.79,53.99,0.03,53.1,38.1,Sandy,Sugarcane,Fruiting,17.2,69.2,1,10.1,7.0,High
31.18,40.39,36.89,0.12,18.2,13.7,Silty,Tomato,Germination,2.5,32.1,1,11.7,8.2,High
83.65,34.21,86.69,3.12,81.3,20.9,Silty,Maize,Vegetative,26.9,55.7,0,0.0,0.0,Medium
62.24,16.4,57.06,0.55,63.0,17.8,Clay,Maize,Germination,12.4,16.8,0,0.0,0.0,Low
47.79,33.19,21.58,0.73,32.7,0.9,Silty,Wheat,Fruiting,18.9,16.4,0,0.0,0.0,Medium
67.51,15.5,25.28,9.46,34.6,34.7,Peaty,Cotton,Fruiting,28.3,63.5,0,0.0,0.0,Low
56.85,29.63,27.32,3.4,56.3,34.5,Clay,Tomato,Flowering,17.2,31.7,0,0.0,0.0,Low
67.76,23.8,41.32,0.8,34.4,34.9,Loamy,Rice,Vegetative,7.2,27.7,1,5.0,3.3,Medium
72.64,36.43,21.43,1.14,68.0,6.1,Silty,Cotton,Maturity,5.1,11.1,0,0.0,0.0,Medium
67.33,41.69,93.29,1.54,81.9,16.6,Clay,Wheat,Fruiting,24.9,12.8,0,0.0,0.0,Medium
68.13,25.58,94.48,1.45,24.8,24.9,Silty,Maize,Vegetative,2.1,44.6,0,0.0,0.0,Low
81.12,22.71,51.45,4.51,66.5,31.1,Silty,Rice,Germination,27.5,56.9,0,0.0,0.0,Low
83.03,17.42,73.31,1.84,55.6,18.2,Sandy,Sugarcane,Germination,16.8,66.5,0,0.0,0.0,Low
89.68,35.69,29.64,2.28,60.9,7.5,Loamy,Maize,Maturity,14.5,8.3,0,0.0,0.0,Medium
85.55,17.16,59.79,1.23,89.3,22.4,Loamy,Maize,Germination,20.6,37.5,0,0.0,0.0,Low
24.43,21.59,78.96,1.68,12.7,4.8,Silty,Wheat,Maturity,26.7,71.3,1,9.6,4.4,High
86.89,35.08,87.39,2.42,69.1,24.8,Clay,Wheat,Vegetative,25.1,42.5,0,0.0,0.0,Medium
66.98,41.08,26.62,0.72,23.1,24.0,Loamy,Sugarcane,Maturity,8.7,14.9,0,0.0,0.0,Medium
79.11,39.14,80.43,0.23,74.1,38.0,Sandy,Groundnut,Fruiting,25.1,35.0,0,0.0,0.0,Medium
57.41,41.4,36.06,4.55,4.8,11.4,Sandy,Tomato,Germination,22.9,0.7,0,0.0,0.0,Medium
52.9,25.88,78.95,1.98,71.5,22.1,Silty,Cotton,Flowering,1.9,26.4,0,0.0,0.0,Low
68.67,18.9,57.91,3.91,75.1,9.0,Loamy,Sugarcane,Flowering,11.5,66.1,0,0.0,0.0,Low
51.11,29.28,80.65,10.38,50.2,6.7,Silty,Groundnut,Germination,22.7,5.2,0,0.0,0.0,Low
75.95,42.97,29.21,0.8,44.2,33.3,Loamy,Sugarcane,Vegetative,25.5,66.3,1,5.0,3.0,Medium
33.63,24.15,66.73,2.88,27.6,17.8,Peaty,Tomato,Fruiting,1.5,37.2,1,18.9,9.3,Medium
56.15,26.91,65.49,0.55,77.1,23.0,Loamy,Groundnut,Vegetative,15.0,69.3,0,0.0,0.0,Low
77.31,32.94,70.57,1.47,67.9,39.1,Peaty,Cotton,Vegetative,10.2,20.5,0,0.0,0.0,Low
68.24,20.2,51.71,1.63,10.4,17.7,Loamy,Tomato,Vegetative,9.0,31.1,0,0.0,0.0,Low
55.8,36.76,24.41,2.29,78.3,3.8,Clay,Tomato,Germination,24.4,51.3,0,0.0,0.0,Medium
84.05,39.01,57.28,3.84,87.5,1.3,Sandy,Rice,Fruiting,29.7,35.7,0,0.0,0.0,Medium
57.71,29.42,88.41,4.69,36.7,2.6,Loamy,Tomato,Fruiting,25.0,47.9,0,0.0,0.0,Low
78.52,19.88,83.37,0.14,26.7,20.8,Clay,Maize,Vegetative,23.6,26.5,0,0.0,0.0,Low
87.94,31.0,66.1,1.19,87.4,17.8,Sandy,Rice,Fruiting,19.1,8.4,0,0.0,0.0,Low
66.62,16.03,84.39,0.24,39.3,3.8,Loamy,Sugarcane,Vegetative,10.9,14.6,0,0.0,0.0,Low
80.56,39.76,39.95,0.62,7.5,21.1,Sandy,Sugarcane,Fruiting,7.5,33.2,0,0.0,0.0,Medium
19.6,44.23,58.03,1.66,36.8,31.4,Clay,Wheat,Maturity,28.8,30.1,1,20.4,12.4,High
58.31,37.52,40.58,8.38,19.5,2.7,Clay,Tomato,Maturity,25.5,68.6,0,0.0,0.0,Medium
87.12,40.86,36.69,3.35,78.6,8.1,Peaty,Maize,Maturity,28.7,44.4,0,0.0,0.0,Medium
16.0,28.09,77.6,5.15,24.5,26.5,Silty,Cotton,Fruiting,0.7,39.5,1,28.3,18.7,High
65.22,23.88,60.37,0.02,99.9,30.4,Loamy,Maize,Flowering,20.5,21.1,0,0.0,0.0,Low
93.82,28.82,62.68,2.12,91.3,30.7,Sandy,Sugarcane,Flowering,14.3,6.1,0,0.0,0.0,Low
59.85,18.85,73.39,6.44,27.8,7.2,Clay,Wheat,Maturity,5.5,3.0,0,0.0,0.0,Low
72.22,23.53,88.55,0.59,81.9,20.1,Peaty,Rice,Germination,22.0,64.2,0,0.0,0.0,Low
70.05,29.92,49.16,1.4,62.8,7.0,Clay,Maize,Germination,26.1,52.5,0,0.0,0.0,Low
71.72,21.92,90.22,5.39,55.1,13.5,Sandy,Maize,Vegetative,4.6,13.0,0,0.0,0.0,Low
51.27,44.42,21.6,3.84,24.8,32.4,Loamy,Sugarcane,Flowering,5.6,49.9,1,11.1,6.6,High
33.51,42.47,41.12,2.57,11.7,10.8,Loamy,Cotton,Vegetative,14.6,0.0,1,7.5,6.0,High
29.41,17.35,25.39,0.04,22.0,27.2,Clay,Groundnut,Flowering,10.3,9.5,1,19.3,9.7,Medium
55.22,14.82,39.75,0.74,34.3,5.9,Loamy,Maize,Fruiting,7.2,59.9,0,0.0,0.0,Low
88.74,37.93,51.0,1.94,68.1,35.1,Peaty,Sugarcane,Germination,0.7,9.0,0,0.0,0.0,Medium
22.35,23.07,54.46,0.33,57.1,4.8,Clay,Cotton,Fruiting,26.8,72.0,1,31.0,19.5,Medium
82.88,24.61,94.41,2.68,71.1,21.1,Silty,Wheat,Germination,22.6,47.3,0,0.0,0.0,Low
10.54,28.33,92.94,0.1,33.5,19.4,Loamy,Cotton,Germination,27.0,20.6,1,17.7,10.1,High
45.4,32.31,36.44,8.47,25.9,39.6,Silty,Maize,Flowering,24.4,46.7,0,0.0,0.0,Medium
72.27,39.76,85.9,3.66,68.7,2.3,Clay,Rice,Germination,24.4,16.8,0,0.0,0.0,Medium
79.27,35.26,74.53,1.35,78.5,9.6,Silty,Cotton,Vegetative,21.9,69.7,0,0.0,0.0,Medium
93.62,20.12,44.91,1.6,90.4,7.8,Peaty,Cotton,Germination,24.3,63.5,0,0.0,0.0,Low
38.85,40.13,68.04,0.03,26.8,14.1,Clay,Maize,Fruiting,15.0,37.9,1,21.0,11.0,High
51.71,23.48,32.93,0.23,58.7,22.8,Sandy,Tomato,Flowering,29.6,38.3,0,0.0,0.0,Medium
35.16,42.5,43.87,7.28,40.3,25.4,Silty,Cotton,Maturity,12.8,39.4,1,5.0,4.2,High
66.12,25.08,89.12,7.17,36.5,10.2,Clay,Maize,Germination,6.9,37.5,0,0.0,0.0,Low
60.68,29.37,53.04,0.61,61.0,29.0,Loamy,Tomato,Maturity,22.7,50.4,0,0.0,0.0,Low
52.27,32.91,47.47,1.54,15.9,22.9,Peaty,Tomato,Maturity,5.7,39.0,1,5.0,3.0,Medium
47.16,26.25,51.86,1.64,28.5,31.8,Clay,Groundnut,Maturity,1.9,60.4,0,0.0,0.0,Low
36.55,34.83,36.23,2.55,30.2,33.7,Sandy,Wheat,Flowering,6.9,38.2,1,6.0,3.2,Medium
75.76,30.24,40.62,9.16,76.5,39.4,Sandy,Sugarcane,Maturity,19.5,44.0,0,0.0,0.0,Low
79.27,18.9,83.94,0.07,75.3,22.9,Clay,Cotton,Flowering,12.4,62.2,0,0.0,0.0,Low
61.75,39.86,83.43,0.53,55.0,5.0,Silty,Groundnut,Flowering,25.1,61.2,0,0.0,0.0,Medium
64.72,15.39,23.76,0.05,61.9,22.4,Loamy,Tomato,Fruiting,19.4,63.7,0,0.0,0.0,Low
58.92,37.43,41.52,12.18,68.5,14.9,Silty,Maize,Vegetative,5.4,35.1,0,0.0,0.0,Medium
57.52,43.23,84.95,0.84,44.6,13.7,Peaty,Wheat,Fruiting,24.9,15.5,0,0.0,0.0,Medium
72.97,19.84,71.99,4.01,47.9,3.8,Silty,Rice,Flowering,11.2,68.4,0,0.0,0.0,Low
21.92,22.59,50.79,0.61,52.0,19.8,Clay,Groundnut,Vegetative,20.2,8.5,1,15.8,8.9,Medium
40.08,42.03,36.77,3.46,14.2,14.2,Sandy,Tomato,Germination,28.1,30.8,1,5.0,3.9,High
47.47,19.13,29.27,6.78,82.0,18.7,Loamy,Groundnut,Fruiting,27.0,16.6,0,0.0,0.0,Low
19.91,31.32,23.59,5.93,17.1,14.4,Sandy,Wheat,Flowering,4.1,47.9,1,13.5,9.2,High
54.64,22.14,41.79,1.67,34.6,15.3,Silty,Groundnut,Fruiting,5.1,45.2,0,0.0,0.0,Low
77.81,37.61,40.39,2.24,77.2,30.7,Loamy,Cotton,Maturity,2.4,3.6,0,0.0,0.0,Medium
72.32,16.76,27.28,1.45,33.8,4.5,Loamy,Tomato,Flowering,18.5,57.3,0,0.0,0.0,Low
70.96,40.38,27.02,3.39,21.5,2.5,Peaty,Sugarcane,Vegetative,3.6,53.8,1,5.0,3.0,Medium
87.47,43.34,51.41,1.6,87.9,17.2,Loamy,Groundnut,Maturity,0.9,35.3,0,0.0,0.0,Medium
46.58,35.26,81.44,0.58,94.6,6.6,Clay,Wheat,Fruiting,20.9,13.3,0,0.0,0.0,Medium
38.8,21.34,88.24,2.3,30.0,31.0,Sandy,Tomato,Germination,28.9,70.8,1,5.0,3.3,Medium
55.34,32.42,49.27,0.31,30.7,35.9,Silty,Tomato,Maturity,27.1,29.6,0,0.0,0.0,Low
71.62,33.47,73.19,9.07,45.0,5.5,Sandy,Sugarcane,Vegetative,28.8,50.2,0,0.0,0.0,Medium
46.92,39.6,60.46,0.32,61.6,39.9,Loamy,Cotton,Fruiting,25.3,17.0,0,0.0,0.0,Medium
15.07,16.75,78.93,2.43,44.9,7.3,Clay,Groundnut,Germination,8.4,51.8,1,17.1,8.4,High
73.9,23.88,55.24,1.5,13.5,23.2,Peaty,Sugarcane,Fruiting,20.3,28.4,0,0.0,0.0,Low
93.39,42.09,90.09,4.34,74.2,0.6,Sandy,Sugarcane,Flowering,10.5,3.0,0,0.0,0.0,Medium
74.14,30.69,82.18,2.43,94.4,36.4,Loamy,Maize,Germination,9.5,43.3,0,0.0,0.0,Low
47.87,25.5,71.51,0.85,44.0,38.5,Silty,Groundnut,Fruiting,28.5,52.0,0,0.0,0.0,Low
17.19,22.76,36.94,2.93,51.1,0.9,Peaty,Cotton,Germination,24.3,34.8,1,10.4,6.1,High
60.56,16.64,92.56,4.75,25.4,16.4,Loamy,Groundnut,Vegetative,10.7,40.9,0,0.0,0.0,Low
47.69,28.65,63.24,3.67,41.1,29.4,Peaty,Rice,Flowering,19.6,59.5,1,25.0,15.2,High
66.72,20.77,91.84,6.82,3.3,22.5,Loamy,Maize,Fruiting,7.4,37.7,0,0.0,0.0,Low
33.04,19.85,87.35,0.49,9.5,26.1,Clay,Groundnut,Maturity,15.9,47.0,1,5.0,3.0,Medium
77.56,39.05,88.65,0.5,24.9,26.1,Clay,Maize,Fruiting,9.0,61.6,0,0.0,0.0,Medium
57.58,36.11,46.9,2.44,92.8,15.5,Peaty,Cotton,Maturity,15.6,21.4,0,0.0,0.0,Medium
44.24,37.85,73.64,10.04,86.4,32.6,Loamy,Groundnut,Maturity,7.2,40.1,0,0.0,0.0,Medium
54.67,41.94,48.25,1.4,40.7,15.0,Peaty,Wheat,Vegetative,10.7,1.5,0,0.0,0.0,Medium
85.91,28.34,41.68,2.78,99.1,21.9,Peaty,Rice,Fruiting,27.6,26.9,0,0.0,0.0,Low
60.1,17.19,87.88,8.95,99.0,32.4,Loamy,Tomato,Maturity,21.2,14.6,0,0.0,0.0,Low
69.46,29.06,40.04,0.53,18.8,29.0,Silty,Rice,Germination,29.4,17.5,1,5.0,3.6,Medium
84.43,19.97,27.75,0.0,10.2,30.7,Silty,Sugarcane,Vegetative,7.2,57.2,0,0.0,0.0,Low
60.58,41.04,57.68,0.07,97.2,38.6,Clay,Groundnut,Vegetative,28.6,10.2,0,0.0,0.0,Medium
88.91,22.41,30.53,0.13,47.2,11.5,Silty,Sugarcane,Maturity,7.5,62.4,0,0.0,0.0,Low
49.46,27.17,69.43,1.57,54.8,23.6,Peaty,Sugarcane,Vegetative,10.2,1.3,1,10.7,7.0,Medium
28.01,15.69,77.82,0.87,38.3,16.8,Loamy,Cotton,Germination,2.8,8.2,1,7.0,5.1,Medium
56.39,25.45,80.45,9.33,25.5,34.3,Clay,Cotton,Maturity,20.1,27.7,0,0.0,0.0,Low
88.46,26.12,33.73,1.98,92.6,6.9,Loamy,Maize,Vegetative,12.5,9.8,0,0.0,0.0,Low
72.55,15.24,36.45,3.67,40.6,13.2,Silty,Maize,Vegetative,27.5,68.3,0,0.0,0.0,Low
89.0,34.06,37.27,0.85,78.7,27.6,Clay,Cotton,Flowering,12.1,39.4,0,0.0,0.0,Medium
80.69,43.61,66.64,0.15,98.9,6.3,Sandy,Wheat,Flowering,16.0,21.2,0,0.0,0.0,Medium
92.37,27.53,46.97,2.24,60.5,18.7,Clay,Rice,Fruiting,9.5,41.6,0,0.0,0.0,Low
53.76,33.66,87.98,0.02,89.1,28.9,Clay,Wheat,Vegetative,7.9,39.1,0,0.0,0.0,Medium
71.35,24.48,59.43,3.48,16.8,10.9,Loamy,Sugarcane,Maturity,19.7,35.5,0,0.0,0.0,Low
58.09,30.44,62.19,0.01,98.0,12.1,Silty,Maize,Fruiting,25.6,10.9,0,0.0,0.0,Low
55.19,17.16,19.94,1.0,47.4,0.0,Loamy,Maize,Germination,10.0,28.1,0,0.0,0.0,Medium
77.56,41.38,49.41,0.24,23.0,12.4,Sandy,Sugarcane,Germination,0.7,34.4,1,5.0,3.0,Medium
15.09,28.79,55.57,1.15,27.7,9.0,Silty,Wheat,Fruiting,0.1,42.5,1,25.6,14.5,High
66.06,21.91,86.76,3.6,18.9,22.8,Sandy,Groundnut,Fruiting,10.4,13.4,0,0.0,0.0,Low
33.32,27.24,21.85,1.78,18.1,5.7,Silty,Groundnut,Flowering,3.0,68.9,1,6.0,3.5,Medium
14.02,39.88,34.9,2.23,44.7,26.6,Silty,Cotton,Fruiting,26.5,36.8,1,29.4,18.5,High
9.98,20.2,66.47,4.55,51.3,31.8,Silty,Cotton,Germination,24.6,12.8,1,17.5,8.2,High
48.78,40.68,81.92,4.2,46.6,30.3,Silty,Tomato,Germination,22.1,63.4,1,5.0,4.0,High
62.86,44.75,83.17,1.77,68.9,19.4,Sandy,Cotton,Vegetative,18.8,55.4,0,0.0,0.0,Medium
58.6,20.91,53.89,8.86,53.8,11.5,Loamy,Rice,Flowering,18.4,25.4,0,0.0,0.0,Medium
69.98,44.07,23.52,0.26,70.1,28.3,Silty,Rice,Fruiting,19.3,2.4,0,0.0,0.0,Medium
61.95,42.5,48.91,5.58,54.2,18.8,Peaty,Tomato,Fruiting,3.1,19.1,0,0.0,0.0,Medium
77.65,22.91,69.69,1.49,13.6,2.7,Peaty,Sugarcane,Maturity,20.3,29.6,0,0.0,0.0,Low
64.43,30.41,72.06,1.6,64.7,10.3,Sandy,Groundnut,Germination,6.3,2.7,0,0.0,0.0,Low
49.85,19.37,65.87,2.59,47.4,34.4,Sandy,Sugarcane,Fruiting,0.4,23.3,1,6.9,4.2,Medium
70.94,17.35,62.3,5.61,98.8,27.9,Silty,Tomato,Fruiting,12.4,25.3,0,0.0,0.0,Low
85.42,20.2,40.49,0.78,79.8,3.4,Sandy,Wheat,Germination,11.7,5.7,0,0.0,0.0,Low
44.8,23.64,84.64,1.57,47.1,33.9,Clay,Rice,Germination,11.7,29.0,1,14.5,8.7,High
51.33,40.24,74.24,5.11,64.3,20.3,Sandy,Groundnut,Fruiting,8.4,22.9,0,0.0,0.0,Medium
67.29,18.69,69.17,2.82,53.1,16.1,Sandy,Groundnut,Maturity,25.5,42.1,0,0.0,0.0,Low
59.17,29.45,91.57,1.59,21.8,20.6,Sandy,Maize,Maturity,13.7,40.8,0,0.0,0.0,Low
61.04,23.07,76.93,1.24,81.6,2.3,Loamy,Wheat,Fruiting,2.8,6.1,0,0.0,0.0,Low
34.79,35.39,20.71,1.2,21.8,15.5,Silty,Wheat,Maturity,21.1,18.7,1,8.5,3.5,Medium
74.33,32.85,50.26,1.49,82.0,1.2,Silty,Sugarcane,Maturity,24.4,66.3,0,0.0,0.0,Low
71.69,43.68,94.61,1.84,86.7,4.9,Peaty,Maize,Fruiting,9.2,28.5,0,0.0,0.0,Medium
80.49,35.5,21.81,0.79,60.6,20.1,Silty,Sugarcane,Vegetative,7.0,48.6,0,0.0,0.0,Medium
68.2,18.4,35.09,2.8,73.2,26.4,Silty,Cotton,Germination,1.6,69.0,0,0.0,0.0,Low
79.58,21.67,44.32,0.09,61.3,24.5,Silty,Groundnut,Maturity,0.3,58.9,0,0.0,0.0,Low
40.85,33.01,80.05,18.07,22.3,28.0,Clay,Rice,Fruiting,29.1,0.9,0,0.0,0.0,High
32.3,36.79,56.95,1.63,34.9,3.4,Peaty,Maize,Maturity,19.2,35.8,1,11.6,6.2,Medium
42.5,39.21,73.14,0.84,53.0,22.2,Peaty,Wheat,Fruiting,5.4,16.1,0,0.0,0.0,High
26.75,34.38,61.76,3.17,43.3,16.5,Silty,Maize,Flowering,18.7,12.7,1,29.8,17.9,High
42.19,25.65,76.1,7.06,21.2,33.5,Silty,Sugarcane,Fruiting,6.9,40.4,1,21.5,12.8,High
32.52,18.25,44.72,0.63,2.3,6.9,Sandy,Maize,Germination,5.0,6.6,1,5.0,3.3,Medium
66.34,32.48,75.24,0.48,37.2,34.8,Silty,Cotton,Vegetative,13.6,5.7,0,0.0,0.0,Low
68.05,41.19,68.08,2.6,98.0,11.2,Sandy,Sugarcane,Fruiting,15.5,30.5,0,0.0,0.0,Medium
89.24,41.75,88.69,0.55,68.1,12.7,Silty,Tomato,Maturity,22.0,14.3,0,0.0,0.0,Medium
53.74,35.34,61.06,5.15,63.3,26.8,Loamy,Groundnut,Vegetative,24.5,46.8,0,0.0,0.0,Medium
52.03,43.55,61.25,1.62,86.0,38.8,Silty,Wheat,Flowering,17.3,57.1,0,0.0,0.0,Medium
85.15,26.0,93.87,3.04,87.3,32.3,Sandy,Sugarcane,Vegetative,25.2,20.7,0,0.0,0.0,Low
22.37,33.02,93.05,9.24,22.7,12.2,Loamy,Tomato,Maturity,12.0,60.1,0,0.0,0.0,High
20.09,27.0,25.52,8.85,33.8,17.8,Clay,Cotton,Fruiting,26.0,21.0,0,0.0,0.0,Medium
51.45,35.13,30.64,0.77,28.6,4.9,Clay,Sugarcane,Fruiting,21.9,17.4,1,15.1,8.9,Medium
92.21,31.87,86.98,0.07,67.3,22.1,Sandy,Wheat,Germination,7.8,61.8,0,0.0,0.0,Low
40.17,28.55,82.48,0.92,13.3,22.2,Silty,Groundnut,Vegetative,10.7,47.7,1,5.0,3.2,Low
57.12,27.74,21.14,3.26,36.6,28.6,Clay,Maize,Germination,19.5,57.1,0,0.0,0.0,Low
55.64,22.3,43.27,0.14,41.0,34.1,Loamy,Sugarcane,Germination,27.3,62.5,1,5.0,3.0,Medium
21.79,35.11,26.78,0.7,18.4,20.8,Peaty,Groundnut,Flowering,20.9,39.3,1,16.3,9.3,Medium
73.58,23.3,94.78,9.02,73.5,38.8,Sandy,Rice,Vegetative,8.4,18.2,0,0.0,0.0,Low
88.7,29.6,87.53,5.53,65.1,2.3,Silty,Maize,Vegetative,27.2,27.0,0,0.0,0.0,Low
67.9,18.19,92.04,0.73,19.7,35.6,Loamy,Cotton,Fruiting,20.9,8.7,0,0.0,0.0,Low
76.72,19.4,35.33,1.54,94.0,4.6,Clay,Groundnut,Maturity,4.0,37.8,0,0.0,0.0,Low
91.77,22.03,88.59,1.02,81.9,11.4,Clay,Cotton,Fruiting,27.4,3.1,0,0.0,0.0,Low
54.16,32.28,45.16,2.57,17.1,0.9,Loamy,Maize,Germination,15.5,49.7,1,5.0,3.3,Medium
76.7,22.24,46.27,7.23,46.6,23.8,Loamy,Maize,Maturity,14.0,28.0,0,0.0,0.0,Low
70.09,24.59,38.32,1.43,59.3,26.9,Silty,Sugarcane,Fruiting,25.9,15.8,0,0.0,0.0,Low
51.06,15.46,68.62,3.14,94.0,11.9,Peaty,Groundnut,Germination,18.5,40.6,0,0.0,0.0,Low
83.0,26.74,81.48,1.64,92.6,39.9,Peaty,Groundnut,Maturity,20.0,28.2,0,0.0,0.0,Low
78.44,37.31,49.42,0.49,46.1,38.0,Silty,Sugarcane,Vegetative,6.2,28.2,0,0.0,0.0,Medium
89.3,44.87,50.13,1.22,87.1,15.8,Peaty,Tomato,Maturity,0.8,49.9,0,0.0,0.0,Medium
72.54,24.14,73.57,5.07,99.9,10.9,Silty,Wheat,Fruiting,4.0,23.8,0,0.0,0.0,Low
88.74,26.23,70.04,1.27,80.7,35.9,Clay,Sugarcane,Germination,25.5,7.3,0,0.0,0.0,Low
74.24,35.03,51.06,7.07,75.6,3.0,Peaty,Rice,Germination,2.5,23.0,0,0.0,0.0,Medium
88.96,41.03,76.5,7.86,55.3,17.9,Loamy,Sugarcane,Vegetative,13.9,46.2,0,0.0,0.0,Medium
57.31,39.6,47.04,0.99,77.5,8.4,Peaty,Wheat,Fruiting,1.5,13.5,0,0.0,0.0,Medium
26.93,26.23,55.47,1.06,37.1,3.1,Silty,Wheat,Fruiting,10.1,57.3,1,16.4,8.8,Medium
81.88,15.13,26.9,8.92,18.7,16.7,Loamy,Sugarcane,Maturity,0.0,66.6,0,0.0,0.0,Low
72.68,36.91,47.85,2.11,84.0,5.9,Clay,Wheat,Fruiting,10.5,50.6,0,0.0,0.0,Medium
36.67,31.86,89.82,6.96,6.4,15.1,Clay,Tomato,Germination,14.4,60.0,1,13.0,7.0,Medium
85.77,22.19,29.54,1.3,93.8,4.8,Clay,Cotton,Fruiting,16.0,45.6,0,0.0,0.0,Low
65.33,26.63,54.01,1.9,27.0,13.1,Clay,Wheat,Germination,10.3,62.6,0,0.0,0.0,Low
59.8,26.4,45.5,1.15,92.9,29.7,Clay,Tomato,Vegetative,14.3,22.9,0,0.0,0.0,Low
81.5,25.0,68.99,1.45,70.0,26.7,Clay,Sugarcane,Fruiting,21.1,33.2,0,0.0,0.0,Low
57.99,17.45,32.49,2.3,34.8,0.8,Clay,Groundnut,Vegetative,19.6,23.5,0,0.0,0.0,Low
87.56,34.11,53.31,3.78,82.5,23.6,Clay,Groundnut,Maturity,15.4,59.8,0,0.0,0.0,Medium
89.52,44.37,42.08,9.38,49.9,12.2,Peaty,Sugarcane,Vegetative,26.3,49.9,0,0.0,0.0,Medium
83.87,37.78,66.48,0.06,72.4,30.9,Loamy,Maize,Germination,23.0,31.0,0,0.0,0.0,Medium
75.88,30.59,63.94,0.84,92.3,22.3,Sandy,Tomato,Vegetative,13.1,4.2,0,0.0,0.0,Low
14.88,23.43,58.58,4.67,43.2,8.2,Sandy,Groundnut,Vegetative,19.9,30.5,1,13.6,8.5,High
59.27,34.89,64.3,7.11,59.7,20.3,Clay,Cotton,Maturity,6.1,17.5,0,0.0,0.0,Medium
80.3,23.15,48.7,1.75,86.4,13.9,Loamy,Tomato,Fruiting,6.4,18.2,0,0.0,0.0,Low
84.87,29.97,92.1,2.11,77.5,30.0,Loamy,Rice,Germination,3.9,15.8,0,0.0,0.0,Low
64.79,42.04,31.29,1.14,49.9,31.0,Sandy,Tomato,Germination,6.3,10.4,0,0.0,0.0,Medium
55.44,27.44,90.39,0.91,62.7,24.5,Loamy,Groundnut,Maturity,12.4,26.3,0,0.0,0.0,Low
58.27,19.62,30.14,3.13,70.7,37.6,Silty,Tomato,Germination,3.5,3.7,0,0.0,0.0,Low
35.74,35.46,94.44,0.45,5.8,11.0,Sandy,Sugarcane,Germination,28.0,21.9,1,6.1,4.2,High
61.45,35.11,60.74,0.57,17.8,18.9,Loamy,Groundnut,Maturity,3.5,71.9,0,0.0,0.0,Medium
79.3,18.72,46.06,0.26,95.3,24.7,Clay,Rice,Germination,8.3,32.0,0,0.0,0.0,Low
80.37,14.95,50.21,0.82,93.7,16.2,Loamy,Maize,Germination,22.0,55.7,0,0.0,0.0,Low
64.22,32.49,19.94,0.9,93.1,11.6,Silty,Groundnut,Maturity,5.6,10.0,0,0.0,0.0,Low
86.99,40.21,23.49,2.05,81.3,33.9,Sandy,Wheat,Vegetative,18.1,71.6,0,0.0,0.0,Medium
56.49,15.54,80.7,2.68,51.9,0.5,Loamy,Groundnut,Vegetative,5.9,52.4,0,0.0,0.0,Low
76.17,33.92,89.61,7.65,72.5,30.8,Silty,Cotton,Maturity,20.7,44.4,0,0.0,0.0,Medium
80.61,27.1,30.47,1.85,96.3,8.6,Loamy,Tomato,Vegetative,29.5,27.1,0,0.0,0.0,Low
86.84,26.38,23.25,1.35,67.2,8.5,Loamy,Maize,Maturity,6.6,0.7,0,0.0,0.0,Low
91.94,28.04,33.66,0.28,71.1,15.4,Clay,Sugarcane,Fruiting,16.2,25.1,0,0.0,0.0,Low
47.19,19.21,42.28,1.39,32.9,15.0,Peaty,Rice,Flowering,5.0,17.0,1,23.5,12.4,High
91.09,44.23,46.3,3.66,65.7,7.8,Sandy,Maize,Vegetative,6.0,53.1,0,0.0,0.0,Medium
79.38,38.28,41.3,3.79,29.5,4.5,Clay,Rice,Flowering,5.4,8.0,0,0.0,0.0,Medium
33.4,18.49,63.61,9.21,51.2,5.6,Peaty,Cotton,Vegetative,18.7,54.9,0,0.0,0.0,Medium
79.21,16.59,80.24,2.79,88.7,16.7,Loamy,Sugarcane,Germination,12.2,52.0,0,0.0,0.0,Low
13.48,16.92,22.97,0.32,20.2,1.5,Silty,Cotton,Fruiting,9.2,7.2,1,30.0,17.1,High
64.24,38.82,21.15,8.63,7.0,19.0,Clay,Groundnut,Flowering,14.6,4.6,0,0.0,0.0,Medium
57.79,24.08,56.7,3.19,54.4,26.5,Sandy,Rice,Vegetative,28.9,33.0,1,5.0,3.0,Medium
62.6,32.03,90.21,3.38,2.8,3.1,Clay,Tomato,Maturity,16.6,9.2,0,0.0,0.0,Low
79.25,39.51,40.07,1.34,8.1,14.1,Loamy,Maize,Flowering,11.9,48.2,0,0.0,0.0,Medium
65.21,36.24,32.17,1.14,84.4,35.9,Loamy,Maize,Vegetative,0.7,61.9,0,0.0,0.0,Medium
75.55,43.53,90.22,8.17,87.9,26.4,Loamy,Rice,Vegetative,1.5,7.2,0,0.0,0.0,Medium
62.18,38.03,83.06,0.16,57.9,40.0,Sandy,Wheat,Maturity,3.6,48.9,0,0.0,0.0,Medium
94.36,42.86,38.99,1.43,79.5,27.6,Silty,Rice,Maturity,2.8,50.9,0,0.0,0.0,Medium
40.77,41.23,38.65,5.46,16.9,7.9,Loamy,Sugarcane,Flowering,25.7,7.8,1,27.5,16.1,High
11.35,44.42,60.01,2.47,2.2,34.6,Silty,Groundnut,Fruiting,19.0,7.1,1,25.8,15.0,High
63.11,20.78,43.67,1.99,83.8,12.6,Sandy,Wheat,Germination,9.9,0.6,0,0.0,0.0,Low
59.93,16.73,60.02,1.37,96.4,31.7,Silty,Tomato,Germination,27.8,15.2,0,0.0,0.0,Low
95.29,39.61,72.6,0.65,82.0,30.0,Silty,Rice,Maturity,4.0,51.5,0,0.0,0.0,Medium
33.81,34.93,63.03,2.89,56.7,31.9,Sandy,Wheat,Fruiting,21.3,71.4,1,8.5,4.6,Medium
18.22,37.05,67.93,2.25,26.5,28.2,Peaty,Groundnut,Flowering,15.3,14.1,1,15.2,7.2,High
63.05,25.6,84.42,2.49,85.5,5.9,Silty,Wheat,Fruiting,16.7,11.0,0,0.0,0.0,Low
62.28,40.6,19.93,6.1,12.0,28.8,Silty,Rice,Fruiting,20.4,45.2,1,8.4,5.1,High
17.07,35.37,41.46,2.38,23.7,4.5,Clay,Groundnut,Fruiting,18.1,2.8,1,25.5,14.2,High
68.74,19.24,53.25,2.9,85.1,9.3,Clay,Wheat,Fruiting,19.4,32.1,0,0.0,0.0,Low
14.62,30.78,57.78,0.73,59.2,38.1,Peaty,Groundnut,Germination,22.6,62.6,1,9.4,5.0,High
87.01,25.39,69.64,2.12,90.5,2.3,Silty,Maize,Maturity,5.1,28.2,0,0.0,0.0,Low
58.44,32.32,78.32,3.04,80.4,27.5,Loamy,Wheat,Vegetative,4.6,45.5,0,0.0,0.0,Low
28.9,37.84,87.97,1.73,36.0,17.2,Peaty,Cotton,Maturity,19.6,67.2,1,10.4,6.4,Medium
77.42,15.71,28.18,2.65,12.4,6.0,Clay,Sugarcane,Fruiting,22.5,60.7,0,0.0,0.0,Low
91.55,38.83,33.52,0.11,69.8,5.8,Silty,Maize,Fruiting,23.1,43.4,0,0.0,0.0,Medium
80.39,41.02,26.47,2.19,15.9,35.8,Silty,Sugarcane,Germination,28.0,63.0,0,0.0,0.0,Medium
48.06,34.66,49.78,2.8,55.2,17.5,Sandy,Sugarcane,Fruiting,21.6,65.5,1,5.5,3.0,Medium
30.94,17.34,64.29,6.79,55.5,24.1,Clay,Cotton,Flowering,0.6,1.6,0,0.0,0.0,Medium
60.15,39.25,54.43,0.12,89.4,11.6,Peaty,Maize,Vegetative,29.9,25.0,0,0.0,0.0,Medium
63.05,24.64,37.58,1.65,70.1,1.7,Peaty,Wheat,Flowering,10.4,17.6,0,0.0,0.0,Low
96.0,31.05,60.86,2.43,72.2,36.9,Loamy,Rice,Maturity,21.0,37.0,0,0.0,0.0,Low
57.81,18.86,79.75,20.55,80.5,30.7,Clay,Wheat,Vegetative,0.1,16.3,0,0.0,0.0,Low
40.18,44.43,20.36,2.01,50.4,11.7,Silty,Cotton,Vegetative,20.2,48.4,1,5.0,3.4,High
72.2,28.43,95.26,0.14,12.8,17.7,Clay,Tomato,Germination,16.7,52.7,0,0.0,0.0,Low
12.53,31.43,57.37,0.93,40.8,1.4,Clay,Groundnut,Germination,2.8,41.5,1,19.0,11.0,High
50.55,43.72,70.26,12.56,43.4,35.9,Loamy,Rice,Vegetative,3.5,50.6,0,0.0,0.0,High
64.37,38.89,43.35,2.52,29.8,37.2,Silty,Maize,Vegetative,11.1,15.2,0,0.0,0.0,Medium
91.09,26.21,61.08,5.85,83.3,25.5,Peaty,Sugarcane,Vegetative,28.6,67.3,0,0.0,0.0,Low
59.73,20.73,61.21,4.58,83.0,26.7,Sandy,Cotton,Germination,24.7,53.4,0,0.0,0.0,Low
48.85,26.79,68.85,3.86,42.2,21.4,Loamy,Sugarcane,Maturity,14.0,22.4,1,12.2,7.9,Medium
93.22,35.27,56.61,3.49,92.3,29.4,Loamy,Rice,Maturity,13.5,38.0,0,0.0,0.0,Medium
77.34,25.74,88.5,1.65,85.5,20.9,Peaty,Rice,Maturity,13.5,30.6,0,0.0,0.0,Low
44.08,19.3,92.59,2.21,11.5,8.0,Clay,Tomato,Germination,16.3,13.1,1,5.3,4.1,Medium
22.32,26.55,60.16,2.17,13.4,5.0,Loamy,Maize,Flowering,25.5,68.2,1,30.3,17.9,High
65.78,17.75,80.46,1.22,37.8,28.4,Peaty,Groundnut,Germination,21.5,55.9,0,0.0,0.0,Low
80.21,31.15,77.55,5.1,33.7,32.1,Loamy,Sugarcane,Fruiting,7.0,51.6,0,0.0,0.0,Low
27.97,24.81,61.36,1.44,28.8,36.7,Silty,Tomato,Flowering,12.1,0.2,1,28.8,16.8,High
43.24,15.29,41.39,1.43,9.2,22.7,Peaty,Maize,Vegetative,1.4,50.7,1,9.1,6.0,Medium
87.11,35.17,92.1,0.34,75.4,6.1,Peaty,Tomato,Maturity,11.1,51.3,0,0.0,0.0,Medium
39.33,37.94,63.98,0.35,50.2,37.2,Sandy,Groundnut,Germination,23.7,2.1,0,0.0,0.0,Medium
77.8,20.03,57.64,2.33,94.4,16.5,Loamy,Tomato,Maturity,26.6,23.1,0,0.0,0.0,Low
39.64,31.7,33.99,3.69,27.8,6.0,Clay,Sugarcane,Fruiting,14.7,14.4,1,29.3,18.8,High
38.92,31.59,80.87,5.06,8.7,24.3,Loamy,Groundnut,Vegetative,28.4,21.4,1,5.0,3.2,Medium
44.93,33.2,50.57,11.06,13.2,15.7,Loamy,Maize,Vegetative,18.9,29.3,0,0.0,0.0,Medium
83.14,41.91,37.72,4.32,53.5,15.7,Loamy,Rice,Flowering,16.9,45.7,0,0.0,0.0,Medium
56.05,20.0,81.4,0.53,32.6,19.6,Sandy,Tomato,Fruiting,16.8,7.4,0,0.0,0.0,Low
60.54,20.8,39.2,2.01,73.1,18.4,Loamy,Tomato,Germination,13.2,11.7,0,0.0,0.0,Low
81.42,22.08,26.18,2.49,5.4,23.5,Peaty,Rice,Flowering,9.9,35.2,0,0.0,0.0,Low
16.91,41.34,26.35,1.39,31.9,38.3,Peaty,Groundnut,Germination,26.7,32.9,1,11.5,6.7,High
77.17,23.2,22.16,1.36,4.5,36.0,Silty,Maize,Germination,22.1,52.3,0,0.0,0.0,Low
75.43,38.98,45.78,6.82,88.7,5.7,Silty,Tomato,Germination,0.8,20.3,0,0.0,0.0,Medium
22.52,34.48,45.05,2.05,13.1,39.0,Silty,Wheat,Germination,13.3,31.9,1,11.5,10.1,High
50.58,15.13,57.38,1.78,6.0,5.4,Sandy,Maize,Flowering,7.0,63.2,1,6.0,3.9,Medium
14.42,37.97,74.28,3.16,43.3,14.7,Sandy,Groundnut,Maturity,10.7,43.3,1,8.5,4.8,High
69.76,28.41,83.71,1.05,3.7,35.2,Silty,Tomato,Flowering,11.0,13.4,0,0.0,0.0,Low
72.71,36.18,32.59,1.83,14.8,21.0,Silty,Rice,Vegetative,3.7,5.4,0,0.0,0.0,Medium
89.46,24.57,82.46,4.61,98.3,14.9,Sandy,Groundnut,Fruiting,2.6,29.6,0,0.0,0.0,Low
27.77,27.65,87.99,9.7,17.0,11.3,Sandy,Cotton,Fruiting,3.0,34.8,0,0.0,0.0,Medium
54.16,29.02,28.2,0.27,28.2,30.1,Silty,Rice,Flowering,24.4,59.0,1,17.0,8.3,Medium
45.5,33.96,50.57,2.12,38.6,16.5,Sandy,Groundnut,Flowering,1.8,12.6,0,0.0,0.0,Medium
32.25,18.37,43.32,3.32,20.3,35.5,Sandy,Wheat,Flowering,9.9,15.7,1,6.0,3.4,Medium
55.94,28.34,36.41,3.83,97.0,32.6,Peaty,Tomato,Maturity,9.5,2.1,0,0.0,0.0,Low
75.19,33.17,63.42,0.5,85.2,13.2,Clay,Sugarcane,Fruiting,12.6,23.2,0,0.0,0.0,Medium
79.07,36.77,45.88,1.71,23.6,30.1,Loamy,Rice,Vegetative,0.7,4.3,0,0.0,0.0,Medium
39.89,41.95,38.95,2.84,16.0,15.6,Clay,Sugarcane,Fruiting,17.4,24.9,1,29.5,17.4,High
59.68,35.12,71.3,2.75,85.9,3.2,Sandy,Maize,Fruiting,25.9,36.2,0,0.0,0.0,Medium
68.87,36.96,68.7,8.05,57.8,20.5,Peaty,Groundnut,Flowering,6.2,10.2,0,0.0,0.0,Medium
24.29,35.33,57.73,0.71,34.1,23.0,Loamy,Wheat,Fruiting,14.5,29.4,1,16.1,9.6,High
88.41,24.08,64.36,2.6,92.4,31.6,Silty,Cotton,Vegetative,26.7,57.7,0,0.0,0.0,Low
63.8,36.74,57.8,0.57,68.1,27.8,Silty,Tomato,Flowering,23.9,32.9,0,0.0,0.0,Medium
93.05,40.07,49.0,5.22,84.5,39.9,Peaty,Wheat,Germination,11.5,14.3,0,0.0,0.0,Medium
23.59,25.06,79.76,2.67,38.8,39.4,Loamy,Maize,Maturity,17.3,71.2,1,18.9,12.2,High
78.62,28.69,34.13,0.98,35.6,31.4,Loamy,Tomato,Germination,5.5,24.6,0,0.0,0.0,Low
66.26,34.09,89.36,2.67,24.1,8.6,Clay,Sugarcane,Vegetative,27.2,5.2,0,0.0,0.0,Medium
29.7,31.72,68.8,4.48,9.2,12.0,Peaty,Tomato,Fruiting,15.3,60.3,1,17.9,11.5,Medium
82.51,23.01,88.82,1.33,62.2,7.0,Peaty,Wheat,Flowering,29.3,56.7,0,0.0,0.0,Low
72.81,39.58,90.48,1.19,47.5,28.2,Peaty,Maize,Fruiting,14.8,7.8,0,0.0,0.0,Medium
29.83,38.91,22.36,1.38,24.7,38.6,Clay,Wheat,Maturity,28.3,67.5,1,11.3,5.9,High
52.88,24.07,39.1,9.26,86.2,32.7,Sandy,Groundnut,Germination,5.7,58.3,0,0.0,0.0,Low
43.25,42.09,95.19,8.64,67.1,17.3,Peaty,Groundnut,Flowering,18.2,15.2,0,0.0,0.0,Medium
45.69,40.85,77.02,4.5,36.0,37.7,Sandy,Maize,Maturity,26.9,61.8,1,5.0,4.1,High
37.02,33.15,57.61,1.77,18.1,15.9,Loamy,Tomato,Fruiting,12.0,42.7,1,12.8,8.3,Medium
42.23,39.49,63.52,0.29,33.2,39.2,Silty,Cotton,Germination,8.6,65.8,1,5.0,4.2,High
50.92,43.61,61.82,1.66,0.7,5.3,Silty,Wheat,Flowering,14.8,26.2,1,6.0,4.2,Medium
77.13,31.77,45.05,1.91,30.1,10.4,Clay,Sugarcane,Maturity,6.7,29.4,0,0.0,0.0,Low
72.12,31.32,81.75,0.72,70.9,16.8,Silty,Rice,Fruiting,22.6,54.9,0,0.0,0.0,Low
25.77,21.79,49.36,0.08,40.1,8.9,Silty,Groundnut,Maturity,2.5,42.4,1,10.2,7.8,Medium
74.12,16.57,64.38,0.01,26.5,20.0,Clay,Maize,Vegetative,3.8,12.2,0,0.0,0.0,Low
86.46,26.07,41.75,15.45,73.4,15.5,Silty,Wheat,Flowering,14.7,62.8,0,0.0,0.0,Low
68.57,30.39,57.66,4.16,42.7,0.1,Loamy,Sugarcane,Flowering,28.6,18.5,0,0.0,0.0,Low
62.55,15.94,34.41,1.65,84.8,33.5,Peaty,Maize,Germination,4.3,60.1,0,0.0,0.0,Low
42.0,21.96,60.21,1.71,55.6,5.4,Silty,Tomato,Flowering,20.0,40.2,0,0.0,0.0,Medium
49.32,43.06,31.23,4.07,0.1,25.3,Peaty,Tomato,Germination,14.1,59.7,1,5.0,3.0,High
50.84,22.18,92.56,1.94,51.0,28.3,Sandy,Cotton,Fruiting,15.1,24.5,0,0.0,0.0,Low
58.25,32.86,55.89,0.96,29.9,35.0,Sandy,Maize,Maturity,0.0,23.5,0,0.0,0.0,Low
43.2,39.68,32.34,1.83,10.0,24.9,Sandy,Wheat,Germination,18.9,48.8,1,5.0,3.9,High
21.3,36.08,35.84,8.56,2.4,13.3,Sandy,Tomato,Fruiting,4.3,13.0,0,0.0,0.0,High
89.32,40.54,42.56,3.37,71.8,17.3,Clay,Maize,Flowering,20.7,47.4,0,0.0,0.0,Medium
35.07,37.35,76.17,2.02,11.7,11.7,Silty,Tomato,Flowering,23.4,13.0,1,19.7,13.8,Medium
88.89,28.09,51.05,1.85,66.0,31.0,Clay,Wheat,Germination,13.7,26.2,0,0.0,0.0,Low
54.07,20.86,60.74,3.33,48.4,20.3,Peaty,Wheat,Maturity,24.4,24.0,0,0.0,0.0,Low
14.73,44.14,87.79,2.82,3.9,24.5,Silty,Cotton,Germination,21.3,28.1,1,14.3,6.2,High
26.86,19.34,61.83,3.34,57.0,26.3,Loamy,Maize,Vegetative,14.3,25.7,1,21.6,13.3,High
78.24,20.31,44.78,0.47,60.4,25.5,Silty,Sugarcane,Germination,21.6,62.5,0,0.0,0.0,Low
84.19,22.29,94.84,4.59,86.0,36.9,Peaty,Sugarcane,Vegetative,5.3,54.6,0,0.0,0.0,Low
20.3,34.46,46.04,9.74,13.1,39.6,Sandy,Tomato,Flowering,13.6,18.1,0,0.0,0.0,High
92.77,38.73,29.24,3.16,96.1,7.7,Silty,Rice,Flowering,18.2,42.5,0,0.0,0.0,Medium
59.7,36.67,30.76,0.55,57.7,9.0,Loamy,Sugarcane,Germination,16.6,19.8,0,0.0,0.0,Medium
82.85,33.79,78.49,3.73,1.2,12.4,Silty,Sugarcane,Maturity,16.2,7.5,0,0.0,0.0,Medium
25.9,23.08,80.18,3.8,58.0,25.1,Sandy,Maize,Maturity,25.7,55.4,1,10.9,6.7,High
69.96,42.11,75.76,1.25,28.4,29.4,Clay,Tomato,Vegetative,21.5,46.1,0,0.0,0.0,Medium
82.52,29.89,63.05,5.29,74.2,34.2,Sandy,Rice,Maturity,18.7,61.5,0,0.0,0.0,Low
72.35,24.62,40.52,2.68,88.6,25.5,Silty,Sugarcane,Germination,25.9,45.5,0,0.0,0.0,Low
58.67,32.14,31.04,4.88,30.8,30.9,Peaty,Tomato,Vegetative,7.9,15.3,0,0.0,0.0,Low
22.97,39.46,87.18,0.79,58.8,3.1,Loamy,Wheat,Germination,19.6,35.0,1,9.6,5.3,High
65.95,30.06,92.67,4.78,40.1,15.3,Peaty,Groundnut,Flowering,20.5,44.7,0,0.0,0.0,Low
84.87,19.61,24.65,5.42,61.7,7.1,Loamy,Wheat,Fruiting,19.7,24.1,0,0.0,0.0,Low
37.03,32.22,85.91,0.05,6.7,6.5,Sandy,Sugarcane,Fruiting,19.7,45.6,1,13.9,7.9,High
48.65,33.01,47.97,4.38,53.6,8.5,Silty,Tomato,Germination,17.8,62.4,1,5.0,3.0,Medium
78.94,18.07,63.51,5.66,95.4,34.4,Silty,Cotton,Germination,6.0,5.2,0,0.0,0.0,Low
61.34,33.74,40.88,1.5,54.9,24.5,Silty,Wheat,Flowering,23.8,37.3,0,0.0,0.0,Medium
49.7,17.07,63.89,0.59,3.1,13.4,Clay,Sugarcane,Fruiting,23.7,26.9,1,16.3,8.5,Medium
86.0,18.88,29.54,0.36,85.7,8.4,Silty,Rice,Germination,15.5,39.2,0,0.0,0.0,Low
67.98,15.93,24.26,1.18,83.2,10.3,Clay,Cotton,Vegetative,0.5,5.7,0,0.0,0.0,Low
75.69,28.37,91.03,4.44,11.7,20.1,Clay,Tomato,Fruiting,13.2,60.3,0,0.0,0.0,Low
70.39,34.45,75.38,2.92,38.7,8.7,Loamy,Wheat,Fruiting,15.4,34.6,0,0.0,0.0,Medium
41.96,33.74,77.93,8.59,91.5,37.6,Peaty,Groundnut,Vegetative,21.4,16.3,0,0.0,0.0,Medium
87.8,34.57,55.69,1.43,79.5,32.4,Peaty,Rice,Maturity,2.5,24.8,0,0.0,0.0,Medium
48.03,33.31,39.95,4.38,9.8,22.4,Peaty,Groundnut,Vegetative,6.2,59.5,1,5.0,4.6,Medium
78.8,45.08,31.13,2.35,86.7,18.1,Loamy,Maize,Maturity,24.8,39.4,0,0.0,0.0,Medium
72.32,34.77,36.08,3.94,97.8,21.0,Sandy,Sugarcane,Maturity,17.2,49.7,0,0.0,0.0,Medium
27.03,24.22,31.35,2.93,58.6,13.5,Sandy,Groundnut,Germination,10.4,35.3,1,5.0,4.2,Medium
60.39,39.79,39.67,0.92,92.9,26.3,Peaty,Tomato,Flowering,4.3,19.6,0,0.0,0.0,Medium
92.55,20.2,62.31,3.32,81.9,18.4,Sandy,Wheat,Maturity,14.4,18.1,0,0.0,0.0,Low
52.08,34.47,36.7,0.24,99.7,10.8,Sandy,Wheat,Germination,21.0,59.2,0,0.0,0.0,Medium
62.3,19.72,59.52,0.65,63.9,5.3,Loamy,Maize,Flowering,9.8,28.9,0,0.0,0.0,Low
58.73,42.47,47.38,4.81,3.2,9.3,Silty,Rice,Flowering,20.1,23.0,1,11.5,6.2,High
70.29,34.62,48.29,4.57,90.9,22.9,Peaty,Tomato,Maturity,20.9,13.1,0,0.0,0.0,Medium
44.33,16.64,56.66,5.38,25.2,28.7,Sandy,Maize,Germination,1.8,21.9,1,5.0,3.6,Medium
31.52,44.1,41.74,2.01,38.4,25.2,Clay,Tomato,Germination,7.8,61.8,1,15.2,9.7,High
58.07,19.84,49.02,1.06,59.9,14.5,Loamy,Wheat,Maturity,15.4,66.2,0,0.0,0.0,Low
70.01,26.06,42.37,0.57,26.5,20.1,Loamy,Tomato,Maturity,8.5,11.4,0,0.0,0.0,Low
72.43,36.71,63.29,11.21,94.5,3.9,Loamy,Sugarcane,Fruiting,26.1,2.1,0,0.0,0.0,Medium
35.17,26.34,87.92,1.01,47.3,29.9,Sandy,Maize,Vegetative,5.5,0.2,1,9.9,5.9,Medium
9.79,36.3,55.55,7.03,38.0,21.0,Loamy,Groundnut,Germination,9.3,62.4,1,14.5,7.5,High
63.15,30.4,55.42,6.93,59.6,10.6,Sandy,Rice,Fruiting,25.1,61.9,1,5.5,3.6,Medium
48.29,19.05,45.5,1.54,77.7,12.4,Sandy,Cotton,Vegetative,5.4,43.8,0,0.0,0.0,Low
63.85,33.5,85.47,4.4,98.2,5.6,Sandy,Tomato,Fruiting,16.2,17.0,0,0.0,0.0,Medium
54.39,18.35,80.56,3.76,12.9,8.8,Clay,Groundnut,Vegetative,8.2,70.7,0,0.0,0.0,Low
52.01,15.0,50.47,1.12,57.1,0.4,Clay,Cotton,Vegetative,14.5,50.4,0,0.0,0.0,Low
29.03,34.63,47.1,2.2,22.8,5.4,Silty,Wheat,Vegetative,27.5,57.7,1,12.9,7.5,Medium
55.35,28.59,70.5,1.38,17.4,18.1,Peaty,Groundnut,Vegetative,2.3,5.1,0,0.0,0.0,Low
25.69,37.12,93.22,0.88,8.3,36.6,Clay,Cotton,Flowering,21.6,4.4,1,20.8,12.0,Medium
69.79,20.7,29.7,9.68,6.5,20.0,Loamy,Wheat,Maturity,18.2,35.7,0,0.0,0.0,Low
48.13,37.42,40.72,2.75,14.1,4.7,Sandy,Groundnut,Germination,25.5,4.8,0,0.0,0.0,Medium
39.62,27.1,78.34,8.66,56.0,20.8,Clay,Groundnut,Vegetative,24.5,71.5,0,0.0,0.0,Low
24.18,32.22,25.8,7.98,27.1,13.4,Silty,Groundnut,Germination,0.1,49.9,1,7.7,5.9,Medium
16.61,22.31,58.56,0.32,57.1,15.6,Clay,Wheat,Fruiting,13.0,20.2,1,31.5,18.5,High
39.22,37.02,45.22,2.85,30.7,39.4,Clay,Maize,Germination,18.2,15.8,1,7.7,7.3,Medium
71.68,35.34,85.02,0.3,72.9,11.4,Loamy,Wheat,Vegetative,22.9,2.4,0,0.0,0.0,Medium
22.84,27.75,28.7,5.71,7.2,1.3,Peaty,Groundnut,Germination,9.1,4.4,1,7.7,3.7,Medium
64.29,21.93,27.18,0.91,66.7,2.9,Sandy,Cotton,Germination,15.4,69.3,0,0.0,0.0,Low
58.55,32.21,80.54,0.43,3.9,31.6,Silty,Tomato,Fruiting,24.6,70.3,1,5.5,3.0,Low
85.46,22.03,48.7,1.08,82.5,27.6,Clay,Cotton,Vegetative,11.5,42.9,0,0.0,0.0,Low
40.41,15.54,24.88,1.39,30.6,6.3,Sandy,Groundnut,Germination,29.1,11.6,0,0.0,0.0,Low
64.4,14.91,28.82,2.46,97.8,26.4,Clay,Cotton,Maturity,4.4,11.0,0,0.0,0.0,Low
83.33,28.76,22.95,0.12,94.3,32.4,Silty,Rice,Germination,15.8,53.9,0,0.0,0.0,Low
78.15,27.78,88.31,6.99,99.2,22.0,Sandy,Rice,Germination,7.2,2.5,0,0.0,0.0,Low
58.7,19.56,43.14,2.69,65.9,21.9,Peaty,Cotton,Fruiting,17.8,23.9,0,0.0,0.0,Low
25.38,41.01,27.8,0.87,32.1,12.1,Sandy,Wheat,Fruiting,26.0,30.1,1,10.6,6.8,High
52.48,36.04,58.1,0.54,13.6,18.3,Loamy,Cotton,Flowering,18.1,61.5,1,6.0,4.7,Medium
53.1,29.68,44.37,2.03,53.3,33.8,Sandy,Maize,Flowering,12.9,69.2,1,6.0,5.0,Medium
35.15,20.87,78.63,4.85,25.6,0.2,Clay,Groundnut,Fruiting,20.6,44.8,1,5.5,3.0,Medium
10.57,22.52,28.06,0.0,59.7,8.5,Loamy,Groundnut,Flowering,10.8,69.3,1,30.0,18.4,High
66.9,26.16,67.54,8.93,70.4,31.2,Loamy,Maize,Fruiting,3.1,21.0,0,0.0,0.0,Low
39.43,36.74,71.21,3.07,26.8,37.9,Peaty,Tomato,Maturity,4.6,71.1,1,7.2,5.8,Medium
58.93,17.45,86.74,0.01,52.2,13.4,Silty,Sugarcane,Maturity,13.0,47.1,0,0.0,0.0,Medium
48.01,20.89,51.74,2.02,50.1,20.7,Sandy,Sugarcane,Germination,15.5,34.7,1,5.0,3.5,Medium
20.55,18.12,49.34,0.17,33.1,25.7,Clay,Cotton,Vegetative,19.0,70.0,1,22.3,13.0,Medium
88.17,39.97,61.07,0.31,95.4,34.4,Silty,Maize,Fruiting,11.8,32.2,0,0.0,0.0,Medium
33.56,41.17,40.52,0.85,49.8,2.8,Loamy,Cotton,Maturity,10.7,11.5,1,5.5,3.0,High
73.96,41.98,66.82,0.11,48.1,35.4,Silty,Sugarcane,Vegetative,26.1,48.5,1,5.0,3.0,Medium
82.48,25.61,93.31,15.91,77.1,32.1,Peaty,Wheat,Germination,7.7,10.8,0,0.0,0.0,Low
84.94,41.5,89.27,0.75,71.8,24.4,Peaty,Maize,Maturity,7.9,50.0,0,0.0,0.0,Medium
73.09,31.34,61.64,4.19,85.5,9.6,Clay,Wheat,Fruiting,24.9,62.8,0,0.0,0.0,Low
44.77,22.14,32.55,2.46,83.6,15.1,Sandy,Groundnut,Germination,18.7,55.2,0,0.0,0.0,Low
69.17,29.51,90.43,1.2,65.8,23.5,Loamy,Sugarcane,Flowering,7.4,67.0,0,0.0,0.0,Low
54.18,26.77,36.77,0.75,11.9,26.0,Peaty,Cotton,Fruiting,20.3,66.6,1,5.5,3.0,Low
52.7,22.46,80.62,8.38,87.6,28.7,Clay,Wheat,Fruiting,11.1,3.6,0,0.0,0.0,Low
54.72,24.5,30.93,0.47,51.9,30.0,Sandy,Tomato,Vegetative,26.2,22.7,0,0.0,0.0,Medium
79.91,32.14,36.4,0.95,62.1,29.6,Peaty,Groundnut,Maturity,14.5,32.7,0,0.0,0.0,Low
66.15,22.75,95.57,4.38,82.2,1.1,Sandy,Sugarcane,Maturity,21.4,13.8,0,0.0,0.0,Low
23.48,20.25,51.33,5.24,12.9,5.2,Silty,Cotton,Fruiting,16.6,18.1,1,22.2,11.4,Medium
60.67,36.96,72.98,2.02,23.9,20.4,Clay,Maize,Vegetative,13.8,5.9,0,0.0,0.0,Medium
10.2,28.17,31.15,1.64,28.3,28.0,Clay,Groundnut,Maturity,3.2,66.1,1,22.4,12.2,High
90.24,33.2,75.77,4.65,66.1,38.2,Peaty,Maize,Germination,6.9,65.8,0,0.0,0.0,Medium
65.56,32.2,29.17,5.46,20.3,39.4,Silty,Cotton,Flowering,18.1,47.5,0,0.0,0.0,Low
60.22,31.66,35.63,2.32,50.3,19.0,Loamy,Sugarcane,Flowering,3.3,13.2,0,0.0,0.0,Medium
51.18,17.19,31.23,5.82,58.9,13.7,Silty,Maize,Vegetative,7.8,42.0,0,0.0,0.0,Medium
56.04,30.87,54.41,4.59,6.1,25.1,Silty,Cotton,Fruiting,14.2,7.6,0,0.0,0.0,Low
80.46,37.81,54.55,5.02,69.5,2.3,Peaty,Sugarcane,Germination,29.7,22.2,0,0.0,0.0,Medium
34.01,29.91,89.93,0.72,36.4,13.2,Clay,Tomato,Vegetative,29.8,27.9,1,19.2,12.1,Medium
14.48,17.06,82.21,1.66,51.8,7.1,Silty,Cotton,Flowering,11.0,36.4,1,34.2,20.5,High
70.7,24.06,58.21,4.12,55.9,16.8,Silty,Maize,Maturity,8.6,34.7,0,0.0,0.0,Low
21.78,20.31,48.18,2.26,9.7,22.9,Sandy,Maize,Fruiting,26.8,66.3,1,15.8,9.2,High
61.07,35.67,24.18,2.17,40.8,21.1,Sandy,Cotton,Vegetative,1.4,55.0,0,0.0,0.0,Medium
35.22,44.45,33.81,1.76,30.9,17.3,Loamy,Tomato,Fruiting,29.0,22.0,1,21.4,11.9,High
48.69,32.41,74.32,8.98,26.4,30.3,Clay,Cotton,Vegetative,20.9,30.9,0,0.0,0.0,Low
38.28,22.04,59.47,1.28,16.0,31.6,Silty,Cotton,Maturity,13.6,63.8,1,5.0,4.8,Medium
79.68,35.76,63.14,1.71,71.3,12.7,Clay,Groundnut,Flowering,16.5,17.7,0,0.0,0.0,Medium
50.31,15.43,35.58,0.11,19.0,2.5,Sandy,Maize,Maturity,0.8,34.0,1,5.0,3.3,Medium
55.24,20.68,36.62,2.14,18.6,14.5,Silty,Cotton,Fruiting,24.2,57.3,0,0.0,0.0,Low
80.12,29.04,74.63,0.19,94.5,21.9,Silty,Sugarcane,Germination,8.7,0.2,0,0.0,0.0,Low
70.81,43.85,49.9,1.14,52.5,2.6,Clay,Maize,Maturity,13.8,12.8,0,0.0,0.0,Medium
44.11,37.08,49.6,3.79,14.2,20.5,Loamy,Rice,Flowering,7.3,42.0,1,28.9,16.9,High
85.4,29.89,85.14,10.35,63.7,14.0,Peaty,Sugarcane,Vegetative,10.1,45.0,0,0.0,0.0,Low
54.52,44.51,26.94,2.04,52.1,32.2,Loamy,Rice,Germination,2.1,22.6,1,6.5,4.9,High
79.62,38.52,35.77,0.64,98.1,27.8,Loamy,Cotton,Maturity,8.6,63.8,0,0.0,0.0,Medium
88.31,18.93,87.67,0.21,9.9,9.8,Loamy,Sugarcane,Fruiting,2.6,58.8,0,0.0,0.0,Low
34.69,35.75,73.52,3.48,34.2,12.5,Sandy,Groundnut,Vegetative,24.2,67.6,1,5.0,3.0,Medium
16.67,42.63,24.96,1.15,39.6,27.6,Clay,Wheat,Germination,26.7,47.5,1,16.8,11.0,High
65.24,35.99,35.09,4.24,91.2,17.7,Silty,Tomato,Flowering,12.0,18.0,0,0.0,0.0,Medium
56.77,27.5,74.93,3.31,22.7,6.5,Loamy,Cotton,Maturity,28.7,55.3,0,0.0,0.0,Low
68.5,41.86,31.81,5.07,19.7,1.1,Loamy,Rice,Flowering,9.5,3.1,1,6.0,3.0,High
79.3,19.36,80.84,0.62,80.9,16.1,Clay,Tomato,Vegetative,8.1,63.6,0,0.0,0.0,Low
89.59,31.3,68.81,2.45,55.9,29.7,Silty,Rice,Flowering,11.6,38.7,0,0.0,0.0,Low
39.72,34.42,39.64,4.59,20.3,38.6,Clay,Rice,Flowering,17.1,6.4,1,36.3,23.5,High
15.39,25.03,86.46,0.45,44.4,12.4,Sandy,Cotton,Flowering,2.9,56.5,1,18.6,11.8,High
52.73,24.16,40.39,1.49,1.2,38.8,Peaty,Tomato,Vegetative,23.2,18.6,1,5.0,3.4,Medium
72.06,18.0,26.16,7.22,90.3,33.1,Loamy,Sugarcane,Vegetative,21.8,42.5,0,0.0,0.0,Low
75.0,19.35,21.25,2.55,96.9,19.4,Silty,Rice,Flowering,13.9,43.4,0,0.0,0.0,Low
53.0,23.08,76.18,2.51,58.5,8.4,Clay,Wheat,Flowering,23.1,63.7,0,0.0,0.0,Low
47.72,31.02,64.17,13.85,98.5,23.5,Sandy,Cotton,Germination,11.9,67.5,0,0.0,0.0,Low
37.71,43.27,66.09,0.78,38.4,28.8,Loamy,Maize,Maturity,26.4,11.9,1,8.7,4.8,High
76.55,28.78,85.79,2.57,91.4,11.7,Sandy,Maize,Vegetative,11.7,4.7,0,0.0,0.0,Low
45.82,22.93,38.43,11.68,39.9,12.7,Peaty,Tomato,Fruiting,3.5,14.1,0,0.0,0.0,Medium
93.57,33.97,82.86,0.04,92.9,33.2,Silty,Maize,Germination,23.8,63.3,0,0.0,0.0,Medium
89.1,37.19,30.47,0.16,77.5,36.2,Loamy,Rice,Vegetative,24.8,42.9,0,0.0,0.0,Medium
59.52,44.12,48.64,5.24,17.7,5.6,Silty,Tomato,Germination,27.3,8.2,0,0.0,0.0,Medium
68.5,38.14,75.85,1.1,32.9,8.8,Peaty,Maize,Fruiting,22.4,43.9,0,0.0,0.0,Medium
25.27,38.18,29.62,1.62,19.2,34.4,Loamy,Wheat,Germination,13.2,3.9,1,11.0,6.3,High
76.37,44.57,23.05,7.68,48.0,8.4,Silty,Rice,Flowering,15.5,16.3,0,0.0,0.0,Medium
90.36,31.9,49.76,1.33,84.7,29.0,Loamy,Groundnut,Flowering,28.9,21.6,0,0.0,0.0,Low
41.17,35.44,94.82,7.04,52.1,27.1,Silty,Groundnut,Fruiting,13.0,43.4,0,0.0,0.0,Medium
49.1,41.09,64.38,1.31,37.6,30.9,Loamy,Wheat,Maturity,12.0,45.8,1,5.0,3.0,Medium
52.81,16.91,59.66,0.84,80.2,2.0,Loamy,Wheat,Flowering,3.1,4.7,0,0.0,0.0,Low
56.98,15.34,37.43,1.14,76.6,12.9,Sandy,Wheat,Germination,19.5,3.3,0,0.0,0.0,Low
87.5,32.44,81.84,2.15,64.5,26.6,Sandy,Maize,Maturity,20.6,70.3,0,0.0,0.0,Low
90.24,31.02,86.5,3.94,66.1,35.5,Sandy,Cotton,Germination,11.5,66.8,0,0.0,0.0,Low
87.87,20.33,87.24,1.48,84.4,20.5,Silty,Cotton,Germination,19.9,36.6,0,0.0,0.0,Low
66.9,42.5,29.47,9.12,74.5,13.9,Silty,Tomato,Vegetative,19.3,42.7,0,0.0,0.0,Medium
47.4,40.44,83.46,7.55,6.8,23.4,Loamy,Tomato,Fruiting,14.7,33.1,1,5.5,4.2,High
51.68,25.47,55.92,7.99,46.0,26.9,Sandy,Cotton,Flowering,25.1,70.2,0,0.0,0.0,Low
72.36,34.8,92.69,6.64,66.7,34.3,Peaty,Rice,Maturity,11.3,0.9,0,0.0,0.0,Medium
43.95,29.05,68.49,1.18,58.1,17.0,Peaty,Cotton,Maturity,4.4,28.5,0,0.0,0.0,Medium
18.91,32.28,28.46,5.03,53.6,4.6,Clay,Cotton,Flowering,24.7,25.6,1,33.6,19.4,High
87.17,30.84,46.74,4.66,91.3,30.1,Sandy,Sugarcane,Germination,5.8,60.0,0,0.0,0.0,Low
80.96,40.74,61.38,1.36,48.2,33.7,Clay,Sugarcane,Fruiting,25.4,43.0,0,0.0,0.0,Medium
10.9,24.97,30.21,4.82,46.2,29.0,Peaty,Cotton,Vegetative,2.2,12.7,1,19.9,11.8,High
46.04,35.79,60.22,1.39,67.6,22.1,Sandy,Cotton,Germination,25.2,25.2,0,0.0,0.0,Medium
80.07,39.92,57.4,1.58,93.1,3.6,Loamy,Tomato,Fruiting,10.3,5.1,0,0.0,0.0,Medium
86.33,27.08,63.16,0.1,79.2,11.5,Silty,Sugarcane,Germination,22.8,8.4,0,0.0,0.0,Low
32.38,19.63,40.66,0.15,19.3,16.4,Silty,Cotton,Germination,6.0,5.8,1,5.9,4.7,Medium
29.98,23.35,20.27,8.61,44.5,19.3,Silty,Maize,Vegetative,26.2,49.9,0,0.0,0.0,High
74.98,31.96,79.48,1.39,94.5,26.7,Loamy,Cotton,Fruiting,10.6,67.5,0,0.0,0.0,Low
48.67,42.23,54.42,2.24,33.0,2.2,Loamy,Cotton,Maturity,3.6,25.5,0,0.0,0.0,Medium
78.98,33.49,69.35,4.17,66.8,29.8,Sandy,Cotton,Vegetative,14.4,9.7,0,0.0,0.0,Medium
39.36,31.86,41.23,1.38,46.0,31.0,Loamy,Groundnut,Flowering,14.2,21.7,0,0.0,0.0,Low
81.2,29.33,88.5,0.21,85.6,22.3,Loamy,Maize,Maturity,1.7,54.8,0,0.0,0.0,Low
51.53,44.37,73.62,0.31,53.7,28.4,Sandy,Wheat,Maturity,12.7,17.9,0,0.0,0.0,Medium
78.0,19.72,22.28,11.95,30.0,11.2,Clay,Maize,Flowering,21.8,42.1,0,0.0,0.0,Low
26.52,27.62,42.2,0.22,41.3,24.6,Peaty,Wheat,Maturity,9.2,46.0,1,11.2,6.9,Medium
67.66,23.1,86.08,4.5,83.8,5.6,Loamy,Maize,Maturity,12.7,60.4,0,0.0,0.0,Low
67.05,15.78,89.64,6.85,6.7,24.2,Silty,Tomato,Vegetative,12.1,6.6,0,0.0,0.0,Low
86.51,17.8,85.09,2.7,99.0,1.0,Peaty,Wheat,Fruiting,23.8,9.6,0,0.0,0.0,Low
66.43,42.4,27.35,1.92,65.2,24.3,Silty,Tomato,Germination,16.9,51.0,0,0.0,0.0,Medium
72.65,26.31,33.98,2.43,24.3,29.5,Peaty,Tomato,Fruiting,6.3,11.6,0,0.0,0.0,Low
28.49,27.52,36.31,3.29,49.9,31.5,Sandy,Groundnut,Vegetative,15.2,18.7,1,5.0,3.7,Medium
80.39,38.56,43.8,0.76,97.0,32.1,Silty,Tomato,Vegetative,20.9,71.4,0,0.0,0.0,Medium
78.41,35.28,75.87,0.35,94.5,22.0,Clay,Cotton,Vegetative,1.0,69.2,0,0.0,0.0,Medium
84.2,40.83,67.69,7.62,81.3,8.9,Peaty,Wheat,Flowering,28.6,9.9,0,0.0,0.0,Medium
60.74,30.46,67.49,3.61,49.5,23.8,Silty,Cotton,Vegetative,9.4,37.7,0,0.0,0.0,Low
73.59,43.38,19.73,6.66,73.7,6.9,Clay,Maize,Vegetative,29.7,46.3,0,0.0,0.0,Medium
28.3,39.36,43.55,0.27,16.2,13.6,Silty,Cotton,Fruiting,1.1,31.1,1,15.7,9.1,High
18.8,30.22,88.76,1.88,10.7,0.7,Loamy,Groundnut,Germination,18.7,23.1,1,10.1,6.2,High
38.65,34.73,51.73,10.35,6.6,33.2,Loamy,Groundnut,Germination,0.2,19.0,0,0.0,0.0,Medium
33.46,36.41,81.88,2.79,1.1,15.7,Peaty,Maize,Germination,13.0,33.9,1,9.2,6.3,Medium
56.19,19.86,38.78,2.09,35.9,5.3,Loamy,Rice,Maturity,29.3,25.0,1,7.0,5.8,Medium
10.84,29.74,22.27,4.35,19.7,34.7,Loamy,Cotton,Maturity,16.0,55.9,1,19.6,12.5,High
64.67,31.42,78.62,0.21,41.3,13.1,Silty,Cotton,Germination,5.6,22.9,0,0.0,0.0,Low
72.92,17.25,25.82,2.36,28.5,24.9,Peaty,Rice,Flowering,25.2,20.3,0,0.0,0.0,Low
94.58,29.48,58.31,2.92,86.9,12.2,Loamy,Tomato,Fruiting,25.4,29.0,0,0.0,0.0,Low
11.9,26.87,68.27,2.87,37.2,3.5,Peaty,Cotton,Maturity,12.8,34.6,1,16.4,9.5,High
83.1,19.89,57.24,9.96,83.6,28.9,Silty,Rice,Maturity,11.8,32.5,0,0.0,0.0,Low
79.43,26.12,58.46,0.11,47.6,34.5,Clay,Tomato,Fruiting,25.7,12.4,0,0.0,0.0,Low
76.42,35.11,60.87,1.52,73.8,1.0,Loamy,Tomato,Maturity,3.4,31.4,0,0.0,0.0,Medium
39.42,42.7,54.47,4.8,44.5,22.6,Peaty,Maize,Germination,4.8,53.8,1,7.1,3.9,High
43.39,30.12,32.26,0.15,68.4,4.8,Sandy,Groundnut,Fruiting,13.3,53.1,0,0.0,0.0,Low
28.0,17.12,31.3,1.71,53.1,37.9,Loamy,Wheat,Germination,14.2,16.3,1,8.7,6.1,Medium
87.6,32.38,72.06,5.13,63.5,25.6,Loamy,Rice,Vegetative,1.6,27.5,0,0.0,0.0,Low
41.47,43.08,78.23,0.94,46.5,35.1,Clay,Rice,Vegetative,17.4,16.7,1,25.2,14.6,High
64.19,26.48,64.81,0.18,69.1,31.3,Silty,Wheat,Fruiting,5.2,2.1,0,0.0,0.0,Low
87.85,35.27,51.85,6.32,68.3,25.5,Clay,Rice,Maturity,22.1,35.5,0,0.0,0.0,Medium
71.47,41.29,82.38,0.13,82.1,36.0,Silty,Rice,Vegetative,12.5,38.6,0,0.0,0.0,Medium
41.1,27.26,23.11,3.82,28.1,2.0,Loamy,Rice,Maturity,27.9,18.1,1,17.2,10.9,High
56.18,41.67,94.39,1.03,98.5,12.8,Peaty,Tomato,Vegetative,11.0,71.8,0,0.0,0.0,Medium
13.23,20.87,65.08,4.23,49.7,7.4,Sandy,Cotton,Flowering,9.4,58.0,1,17.1,8.7,High
62.76,27.62,73.24,5.91,30.7,36.2,Clay,Tomato,Maturity,1.1,57.0,0,0.0,0.0,Low
39.83,23.77,53.8,0.92,34.0,36.3,Silty,Maize,Germination,23.6,45.1,1,5.8,4.5,Medium
21.4,25.82,38.73,1.33,19.3,27.2,Peaty,Wheat,Flowering,15.5,34.3,1,19.2,11.2,High
75.54,18.38,30.62,0.75,68.2,9.8,Sandy,Cotton,Germination,7.7,26.3,0,0.0,0.0,Low
66.52,42.76,56.38,0.89,39.4,34.0,Clay,Cotton,Flowering,3.5,56.0,0,0.0,0.0,Medium
67.7,17.93,30.97,2.86,10.6,22.8,Loamy,Sugarcane,Fruiting,27.1,45.1,0,0.0,0.0,Low
79.23,37.9,86.22,1.33,14.2,19.8,Peaty,Maize,Maturity,6.1,32.5,0,0.0,0.0,Medium
73.39,30.12,60.06,2.69,82.4,12.0,Loamy,Sugarcane,Vegetative,23.9,51.7,0,0.0,0.0,Low
57.19,26.2,25.51,4.95,29.0,34.0,Sandy,Tomato,Germination,10.6,42.8,0,0.0,0.0,Low
79.24,40.87,37.89,0.09,57.3,13.0,Clay,Maize,Vegetative,3.1,3.4,0,0.0,0.0,Medium
94.47,21.96,33.04,4.11,78.0,31.1,Peaty,Sugarcane,Maturity,26.5,35.8,0,0.0,0.0,Low
58.67,25.32,54.88,1.64,93.4,28.8,Peaty,Maize,Flowering,10.8,9.6,0,0.0,0.0,Low
28.5,16.52,58.0,0.42,51.9,9.8,Loamy,Maize,Fruiting,8.6,7.2,1,24.7,14.4,High
74.41,17.78,89.31,6.15,85.6,7.9,Peaty,Tomato,Germination,18.5,7.2,0,0.0,0.0,Low
49.13,29.14,83.36,1.35,17.5,18.2,Silty,Tomato,Germination,14.4,58.2,1,5.0,3.2,Medium
60.48,38.33,82.61,3.47,47.3,8.6,Silty,Groundnut,Vegetative,10.3,25.7,0,0.0,0.0,Medium
82.51,44.65,67.72,2.09,78.1,24.1,Sandy,Tomato,Vegetative,18.5,12.9,0,0.0,0.0,Medium
26.74,35.05,57.97,1.25,49.5,32.5,Silty,Cotton,Fruiting,12.6,14.6,1,17.9,11.6,Medium
79.8,38.0,23.56,4.1,68.0,2.6,Peaty,Maize,Fruiting,9.0,12.8,0,0.0,0.0,Medium
32.07,36.89,82.16,1.17,48.4,10.4,Silty,Tomato,Maturity,0.0,69.4,1,15.1,8.8,Medium
14.34,15.77,72.24,1.54,28.8,17.9,Sandy,Cotton,Maturity,11.8,22.7,1,9.6,6.2,High
11.92,44.45,86.87,1.59,35.0,5.0,Peaty,Groundnut,Vegetative,8.9,67.7,1,19.7,10.9,High
12.39,29.36,37.7,1.38,28.5,22.2,Silty,Cotton,Flowering,6.7,25.6,1,34.2,21.2,High
73.67,25.16,69.12,1.64,81.2,17.3,Sandy,Wheat,Vegetative,9.6,50.7,0,0.0,0.0,Low
55.68,43.57,58.28,1.16,92.1,2.8,Sandy,Wheat,Fruiting,10.2,56.3,0,0.0,0.0,Medium
86.55,31.13,64.03,3.69,60.4,3.9,Sandy,Rice,Maturity,0.7,28.1,0,0.0,0.0,Low
88.42,43.92,40.8,0.94,70.4,37.1,Clay,Tomato,Maturity,21.8,27.9,0,0.0,0.0,Medium
83.34,28.37,93.11,8.54,61.1,17.6,Clay,Wheat,Vegetative,15.4,71.7,0,0.0,0.0,Low
19.62,32.71,28.16,1.12,7.6,22.2,Silty,Cotton,Fruiting,25.7,41.6,1,23.5,13.8,Medium
66.01,39.71,43.49,0.24,18.1,38.0,Clay,Groundnut,Maturity,6.7,39.9,0,0.0,0.0,Medium
38.54,16.72,52.74,3.19,26.9,28.7,Silty,Cotton,Flowering,25.7,11.6,1,6.0,5.1,Medium
57.4,24.86,95.01,3.81,51.4,23.2,Silty,Maize,Fruiting,0.7,5.8,0,0.0,0.0,Low
47.07,18.86,88.47,0.68,14.4,25.0,Loamy,Wheat,Vegetative,17.3,31.4,0,0.0,0.0,Low
40.59,20.17,56.4,1.24,95.5,19.4,Silty,Groundnut,Germination,6.7,31.0,0,0.0,0.0,Low
71.36,32.72,62.89,0.98,95.8,3.1,Sandy,Tomato,Flowering,19.8,68.1,0,0.0,0.0,Low
72.62,33.76,88.54,2.34,26.1,2.4,Sandy,Maize,Germination,14.4,53.1,0,0.0,0.0,Medium
56.4,30.13,82.75,2.32,22.9,29.4,Clay,Rice,Maturity,22.7,27.9,1,11.3,10.4,Medium
86.54,30.32,60.22,3.38,75.9,27.8,Peaty,Groundnut,Germination,6.7,41.0,0,0.0,0.0,Low
37.72,37.93,74.35,2.03,44.3,21.1,Sandy,Maize,Fruiting,27.1,57.2,1,8.5,6.5,High
78.73,22.66,52.47,0.51,98.0,8.9,Clay,Cotton,Fruiting,13.6,40.0,0,0.0,0.0,Low
54.82,34.87,50.97,1.93,20.4,4.0,Silty,Tomato,Vegetative,24.2,18.8,1,5.0,3.0,Medium
53.01,24.49,60.81,0.23,70.3,32.5,Silty,Cotton,Fruiting,22.0,46.5,0,0.0,0.0,Low
57.69,20.6,72.86,2.81,81.6,39.8,Loamy,Maize,Vegetative,22.2,71.2,0,0.0,0.0,Low
52.49,16.8,23.07,3.09,54.8,6.2,Peaty,Maize,Fruiting,29.2,45.4,0,0.0,0.0,Medium
33.2,26.1,94.58,1.38,41.3,0.8,Loamy,Groundnut,Fruiting,22.9,37.1,0,0.0,0.0,Medium
77.87,19.96,79.97,5.52,69.1,26.3,Sandy,Sugarcane,Germination,19.3,53.1,0,0.0,0.0,Low
57.76,35.08,54.49,5.25,71.7,36.5,Clay,Maize,Flowering,15.3,50.9,0,0.0,0.0,Medium
18.49,28.27,36.46,7.69,31.8,22.7,Sandy,Groundnut,Maturity,13.0,65.1,1,6.6,3.5,High
81.15,38.87,56.27,9.1,86.8,13.8,Sandy,Wheat,Vegetative,8.2,12.6,0,0.0,0.0,Medium
81.98,31.37,60.92,3.17,50.6,10.3,Sandy,Sugarcane,Fruiting,19.7,61.8,0,0.0,0.0,Low
42.02,30.58,29.26,0.18,21.6,2.5,Sandy,Rice,Fruiting,13.3,58.3,1,17.0,11.3,High
85.93,40.22,54.28,1.54,96.4,14.8,Loamy,Cotton,Germination,2.0,4.5,0,0.0,0.0,Medium
60.03,40.0,68.23,2.35,66.9,1.2,Loamy,Maize,Flowering,2.8,7.1,0,0.0,0.0,Medium
45.91,18.45,88.97,0.19,10.0,37.2,Clay,Rice,Fruiting,26.1,56.8,1,27.9,16.9,High
62.43,25.85,31.53,4.12,45.8,3.1,Loamy,Wheat,Vegetative,17.6,35.2,0,0.0,0.0,Low
71.49,21.51,91.47,7.34,28.0,26.4,Clay,Tomato,Fruiting,10.8,18.3,0,0.0,0.0,Low
35.94,26.05,45.8,0.57,33.4,15.7,Peaty,Groundnut,Vegetative,20.2,32.7,1,5.0,4.2,Medium
69.41,22.62,60.62,3.69,80.3,36.9,Peaty,Maize,Maturity,28.0,44.4,0,0.0,0.0,Low
61.52,17.71,91.54,5.32,11.4,35.1,Silty,Maize,Fruiting,9.8,62.7,0,0.0,0.0,Low
21.88,22.84,78.26,1.02,27.5,2.3,Peaty,Wheat,Flowering,15.7,41.5,1,11.7,5.9,High
88.56,30.48,82.06,0.14,28.6,14.9,Peaty,Sugarcane,Fruiting,0.1,22.2,0,0.0,0.0,Low
86.83,43.4,35.61,7.34,75.6,14.7,Peaty,Maize,Fruiting,4.0,9.4,0,0.0,0.0,Medium
64.21,16.64,67.31,8.51,40.2,35.8,Peaty,Wheat,Maturity,4.9,56.7,0,0.0,0.0,Low
63.56,33.1,68.63,1.05,99.2,11.6,Peaty,Maize,Germination,14.5,23.3,0,0.0,0.0,Medium
71.48,17.99,76.74,4.39,47.4,38.2,Clay,Rice,Vegetative,20.9,66.6,0,0.0,0.0,Low
67.36,36.83,88.74,3.42,21.0,32.8,Peaty,Cotton,Germination,12.3,50.2,0,0.0,0.0,Medium
41.05,32.34,22.78,0.19,26.1,29.8,Peaty,Sugarcane,Germination,6.1,65.3,1,12.6,8.4,High
72.03,27.27,22.86,5.49,31.8,37.9,Silty,Maize,Flowering,7.0,69.5,0,0.0,0.0,Low
42.65,17.45,77.72,0.68,38.0,35.0,Peaty,Cotton,Germination,2.0,36.6,1,5.0,4.5,Medium
41.9,25.9,44.92,3.97,15.0,31.1,Silty,Tomato,Fruiting,29.6,58.2,1,14.3,7.4,Medium
51.88,38.2,37.93,0.29,59.7,21.9,Silty,Wheat,Germination,18.5,36.0,0,0.0,0.0,Medium
88.27,15.57,62.14,1.45,60.4,14.4,Loamy,Rice,Fruiting,0.6,29.2,0,0.0,0.0,Low
49.02,20.04,49.61,1.34,28.9,9.7,Silty,Sugarcane,Flowering,4.0,11.8,1,12.4,8.2,Medium
78.17,36.58,42.77,1.17,14.1,25.9,Sandy,Sugarcane,Maturity,28.5,23.9,0,0.0,0.0,Medium
60.97,32.23,84.49,5.98,48.3,9.4,Peaty,Groundnut,Flowering,30.0,27.2,0,0.0,0.0,Low
86.47,17.15,66.69,7.84,56.0,2.8,Clay,Sugarcane,Maturity,4.0,63.6,0,0.0,0.0,Low
61.37,34.1,58.93,3.83,22.0,0.4,Silty,Tomato,Flowering,3.4,17.7,0,0.0,0.0,Medium
79.87,45.12,43.12,0.42,93.8,35.7,Peaty,Maize,Germination,1.0,54.1,0,0.0,0.0,Medium
79.05,37.58,55.92,5.64,71.3,3.1,Sandy,Maize,Flowering,18.4,27.4,0,0.0,0.0,Medium
39.1,39.18,39.39,2.47,39.3,6.9,Silty,Sugarcane,Fruiting,16.7,7.0,1,23.8,14.7,High
66.64,42.88,85.98,0.33,2.7,39.1,Peaty,Cotton,Vegetative,12.7,3.6,0,0.0,0.0,Medium
51.56,21.18,33.51,1.11,15.0,27.1,Silty,Rice,Flowering,6.8,41.4,1,22.3,13.5,Medium
59.84,15.42,60.62,1.23,24.9,26.5,Clay,Tomato,Fruiting,1.1,68.2,0,0.0,0.0,Low
86.85,41.75,75.46,0.25,96.1,37.9,Peaty,Sugarcane,Vegetative,15.5,18.0,0,0.0,0.0,Medium
57.91,31.26,90.6,1.48,75.6,13.4,Sandy,Groundnut,Vegetative,27.8,50.3,0,0.0,0.0,Low
61.26,28.72,40.37,0.24,67.0,39.1,Silty,Groundnut,Fruiting,8.9,6.5,0,0.0,0.0,Low
46.24,16.39,90.11,4.82,27.8,25.6,Silty,Groundnut,Flowering,22.3,61.9,0,0.0,0.0,Low
59.07,43.74,82.64,2.0,24.2,27.0,Silty,Wheat,Flowering,13.9,16.6,0,0.0,0.0,Medium
79.55,23.98,36.01,3.78,70.8,23.9,Peaty,Maize,Germination,18.1,25.9,0,0.0,0.0,Low
48.78,22.95,35.15,0.9,14.7,15.4,Peaty,Groundnut,Fruiting,16.1,48.9,0,0.0,0.0,Low
41.37,22.87,59.08,0.59,4.7,29.8,Clay,Sugarcane,Flowering,0.8,42.3,1,28.8,17.0,High
47.89,38.52,53.81,1.39,82.3,34.6,Loamy,Groundnut,Maturity,16.3,49.2,0,0.0,0.0,Medium
64.91,18.62,40.12,2.03,83.4,21.3,Clay,Maize,Fruiting,1.3,44.8,0,0.0,0.0,Low
45.82,27.02,23.7,6.74,14.1,13.4,Peaty,Tomato,Flowering,24.3,25.9,1,9.8,3.4,Medium
85.69,19.7,92.39,1.53,84.3,28.2,Peaty,Rice,Flowering,28.4,16.6,0,0.0,0.0,Low
34.0,27.79,44.82,2.64,51.9,10.6,Sandy,Cotton,Vegetative,16.3,41.8,0,0.0,0.0,Medium
21.63,16.0,31.09,3.3,49.4,30.1,Clay,Cotton,Fruiting,11.0,64.0,1,28.1,17.8,Medium
88.32,25.33,93.42,4.57,88.6,19.5,Clay,Rice,Vegetative,21.9,41.0,0,0.0,0.0,Low
36.29,27.57,34.84,4.68,58.0,14.4,Clay,Tomato,Vegetative,16.9,31.2,1,17.0,9.8,Medium
56.59,40.65,51.73,5.31,93.2,0.8,Clay,Tomato,Germination,4.0,8.8,0,0.0,0.0,Medium
79.54,34.82,88.75,5.35,70.5,12.6,Clay,Sugarcane,Fruiting,28.3,1.7,0,0.0,0.0,Medium
81.13,41.14,59.1,3.77,55.7,32.5,Peaty,Sugarcane,Vegetative,7.0,33.1,0,0.0,0.0,Medium
23.07,32.64,87.9,1.42,37.9,31.2,Clay,Wheat,Maturity,9.2,43.8,1,16.9,10.0,High
66.1,28.89,72.97,5.13,10.0,35.9,Loamy,Groundnut,Vegetative,7.8,35.8,0,0.0,0.0,Low
34.08,23.03,89.27,0.82,11.7,2.3,Sandy,Tomato,Flowering,11.6,66.8,1,10.2,4.8,Medium
71.24,38.21,23.26,8.58,11.3,26.1,Loamy,Rice,Germination,1.4,21.3,0,0.0,0.0,Medium
52.52,16.83,56.75,0.61,48.3,7.5,Peaty,Groundnut,Maturity,2.4,68.6,0,0.0,0.0,Low
56.46,43.57,93.9,0.63,83.1,7.7,Sandy,Cotton,Germination,2.5,11.3,0,0.0,0.0,Medium
89.89,43.96,22.68,0.2,70.1,35.5,Loamy,Rice,Maturity,14.7,19.4,0,0.0,0.0,Medium
57.01,35.77,39.46,2.64,14.9,4.9,Peaty,Cotton,Maturity,20.8,55.3,1,5.0,3.0,Medium
94.25,25.11,65.64,6.67,63.0,14.5,Loamy,Rice,Maturity,5.6,37.7,0,0.0,0.0,Low
67.4,32.22,36.12,2.54,89.6,25.0,Clay,Cotton,Fruiting,4.3,12.2,0,0.0,0.0,Medium
65.3,24.3,23.37,1.65,96.9,31.8,Sandy,Sugarcane,Vegetative,26.2,34.0,0,0.0,0.0,Low
71.69,19.31,38.95,5.52,66.3,17.9,Loamy,Sugarcane,Flowering,0.2,22.5,0,0.0,0.0,Low
42.7,36.24,29.22,3.1,15.2,26.2,Loamy,Sugarcane,Germination,11.8,40.8,1,10.1,4.1,High
52.76,19.72,78.97,4.06,90.1,14.9,Loamy,Wheat,Germination,22.8,42.4,0,0.0,0.0,Low
61.03,15.93,31.29,0.85,77.1,25.1,Clay,Groundnut,Fruiting,4.8,23.2,0,0.0,0.0,Low
85.61,37.28,48.25,6.01,87.5,36.4,Peaty,Rice,Vegetative,6.1,6.6,0,0.0,0.0,Medium
85.33,33.06,46.64,14.22,24.4,34.9,Clay,Sugarcane,Flowering,24.5,8.2,0,0.0,0.0,Low
37.27,18.61,70.72,1.98,50.2,7.4,Silty,Sugarcane,Maturity,18.3,47.4,1,18.0,12.4,High
71.86,22.84,21.82,6.93,99.9,32.7,Clay,Tomato,Fruiting,10.6,55.8,0,0.0,0.0,Low
41.03,26.88,36.78,0.44,23.9,34.7,Clay,Sugarcane,Germination,29.2,0.4,1,13.7,9.1,High
24.79,38.19,47.31,0.13,26.0,2.9,Sandy,Maize,Flowering,6.4,45.6,1,18.5,11.5,High
68.24,18.45,27.51,0.09,95.6,31.4,Silty,Tomato,Vegetative,11.3,4.3,0,0.0,0.0,Low
73.13,34.69,28.3,0.36,3.6,36.4,Peaty,Rice,Fruiting,10.9,56.7,1,5.5,4.8,Medium
58.23,28.34,46.72,0.46,95.8,37.3,Clay,Maize,Maturity,24.8,35.2,0,0.0,0.0,Low
27.75,29.2,84.79,3.3,18.5,13.2,Clay,Maize,Flowering,23.2,70.9,1,38.4,23.6,High
51.47,29.0,76.82,0.27,51.3,5.8,Loamy,Maize,Vegetative,23.0,17.1,0,0.0,0.0,Medium
84.09,41.21,27.13,5.79,95.3,22.1,Sandy,Wheat,Flowering,19.8,20.7,0,0.0,0.0,Medium
72.43,15.79,22.06,4.5,7.4,12.2,Sandy,Wheat,Germination,29.6,11.6,0,0.0,0.0,Low
38.11,18.82,43.06,3.33,5.0,15.3,Silty,Sugarcane,Fruiting,10.7,6.3,1,28.9,16.9,High
15.75,19.38,95.22,1.71,7.3,34.6,Clay,Groundnut,Flowering,5.2,30.0,1,30.5,17.5,High
59.72,23.37,37.76,5.31,38.1,18.0,Loamy,Groundnut,Maturity,2.6,42.8,0,0.0,0.0,Low
47.76,26.13,64.44,2.19,59.9,0.0,Peaty,Rice,Germination,15.5,16.5,1,7.7,4.8,High
53.23,33.71,51.68,0.2,47.3,14.2,Loamy,Maize,Fruiting,3.8,52.1,1,5.5,4.6,Medium
82.3,42.31,66.92,0.48,72.5,14.1,Sandy,Rice,Vegetative,12.5,52.3,0,0.0,0.0,Medium
83.19,24.39,55.46,0.74,77.3,2.4,Clay,Tomato,Fruiting,11.4,3.0,0,0.0,0.0,Low
94.23,38.39,85.23,8.21,91.6,1.1,Peaty,Cotton,Vegetative,11.4,63.8,0,0.0,0.0,Medium
58.32,42.37,91.91,0.03,95.8,29.6,Silty,Maize,Vegetative,12.5,50.4,0,0.0,0.0,Medium
64.02,43.54,24.02,0.58,97.1,1.6,Silty,Groundnut,Maturity,27.6,67.9,0,0.0,0.0,Medium
65.64,41.54,80.95,10.0,61.8,10.3,Sandy,Sugarcane,Vegetative,6.7,48.6,0,0.0,0.0,Medium
23.77,20.72,65.96,2.51,50.3,11.8,Sandy,Cotton,Maturity,26.7,3.5,1,8.3,4.4,Medium
66.87,33.0,21.52,1.58,18.7,38.7,Sandy,Sugarcane,Vegetative,26.0,14.1,0,0.0,0.0,Low
56.95,38.62,32.15,1.17,45.2,5.1,Silty,Groundnut,Flowering,15.8,68.0,0,0.0,0.0,Medium
79.18,42.85,44.17,3.08,68.2,29.2,Peaty,Wheat,Fruiting,16.8,68.7,0,0.0,0.0,Medium
60.31,16.39,54.77,0.44,64.7,1.9,Loamy,Groundnut,Germination,2.5,0.2,0,0.0,0.0,Low
62.23,42.83,89.22,2.2,31.2,36.8,Peaty,Wheat,Vegetative,17.6,60.1,1,5.0,3.0,Medium
45.51,17.37,35.55,2.47,99.3,33.7,Peaty,Groundnut,Germination,25.3,38.6,0,0.0,0.0,Low
86.53,18.76,43.2,0.75,68.7,36.4,Peaty,Sugarcane,Germination,25.3,58.0,0,0.0,0.0,Low
12.17,31.91,66.27,8.81,27.1,26.6,Clay,Groundnut,Germination,0.0,1.8,0,0.0,0.0,High
55.07,34.81,67.32,4.6,54.6,24.9,Silty,Rice,Germination,2.6,53.1,1,8.5,5.3,Medium
90.41,23.51,19.54,10.58,82.4,24.6,Loamy,Rice,Fruiting,24.3,67.1,0,0.0,0.0,Low
55.63,22.35,22.48,9.5,59.5,4.3,Clay,Maize,Fruiting,7.0,22.4,0,0.0,0.0,Low
74.57,42.2,60.46,0.33,82.9,5.2,Loamy,Sugarcane,Flowering,11.4,58.1,0,0.0,0.0,Medium
38.41,35.83,87.01,0.63,29.7,4.2,Loamy,Tomato,Flowering,29.2,69.3,1,16.4,11.4,Medium
45.42,21.01,40.98,2.93,14.6,28.8,Clay,Tomato,Maturity,10.6,58.1,1,6.8,3.0,Medium
83.91,41.63,52.88,2.1,63.4,11.0,Loamy,Rice,Fruiting,20.8,8.5,0,0.0,0.0,Medium
83.53,39.85,77.1,3.53,77.0,39.8,Loamy,Cotton,Flowering,10.5,44.2,0,0.0,0.0,Medium
65.84,38.37,88.24,0.84,57.9,19.3,Clay,Tomato,Fruiting,11.4,51.0,0,0.0,0.0,Medium
56.86,20.56,69.2,0.82,38.1,19.6,Loamy,Rice,Vegetative,20.4,8.0,1,8.9,5.3,Medium
87.3,43.19,58.86,1.49,78.5,28.8,Silty,Rice,Flowering,29.0,41.9,0,0.0,0.0,Medium
61.07,39.63,88.74,3.85,42.9,22.9,Clay,Maize,Maturity,26.2,64.0,1,5.0,3.4,Medium
74.91,34.41,20.77,2.55,47.3,38.5,Loamy,Maize,Germination,23.9,4.1,0,0.0,0.0,Medium
94.33,41.82,71.12,1.4,80.9,12.9,Silty,Maize,Fruiting,23.4,58.2,0,0.0,0.0,Medium
64.03,20.65,59.97,2.97,38.5,8.0,Sandy,Groundnut,Fruiting,4.2,21.9,0,0.0,0.0,Low
61.81,29.33,71.5,4.75,57.8,20.5,Clay,Tomato,Germination,11.5,64.3,0,0.0,0.0,Low
45.7,19.85,84.33,0.16,27.0,4.4,Silty,Rice,Vegetative,11.7,11.6,1,22.4,14.6,High
65.55,26.78,59.44,0.79,11.5,22.8,Silty,Groundnut,Flowering,4.1,50.7,0,0.0,0.0,Low
15.26,32.4,54.05,0.25,59.5,16.8,Silty,Groundnut,Flowering,17.9,0.7,1,27.7,16.0,High
85.71,26.93,30.68,0.28,74.4,9.5,Sandy,Groundnut,Maturity,22.3,3.6,0,0.0,0.0,Low
51.27,22.98,47.48,0.61,54.5,19.1,Clay,Sugarcane,Vegetative,15.5,25.6,1,9.5,4.9,Medium
65.77,29.88,59.34,0.43,77.5,13.9,Loamy,Sugarcane,Germination,20.3,59.8,0,0.0,0.0,Low
61.53,43.3,83.83,5.35,86.4,3.2,Peaty,Maize,Flowering,4.0,8.0,0,0.0,0.0,Medium
94.31,45.17,21.42,3.57,91.6,21.4,Peaty,Rice,Maturity,21.2,30.9,0,0.0,0.0,Medium
70.16,24.13,36.83,1.94,29.6,16.8,Silty,Maize,Maturity,14.2,46.1,0,0.0,0.0,Low
76.49,27.83,80.97,0.91,91.4,24.1,Clay,Tomato,Vegetative,12.0,53.4,0,0.0,0.0,Low
41.62,43.26,40.72,11.89,41.1,1.5,Sandy,Maize,Vegetative,4.5,21.9,0,0.0,0.0,High
83.42,28.89,63.21,0.79,99.1,11.1,Silty,Wheat,Germination,9.4,22.5,0,0.0,0.0,Low
77.31,22.6,58.35,1.46,7.5,21.4,Silty,Sugarcane,Vegetative,17.2,70.2,1,5.0,3.9,Low
14.84,36.57,46.43,0.74,21.3,3.3,Silty,Cotton,Flowering,5.0,1.4,1,27.8,15.8,High
64.36,22.09,34.17,4.35,89.4,2.7,Silty,Tomato,Maturity,23.2,58.7,0,0.0,0.0,Low
42.88,33.85,81.97,3.22,36.5,16.7,Silty,Rice,Flowering,27.7,6.3,1,30.9,19.6,High
23.52,27.43,71.49,1.65,54.5,23.8,Peaty,Wheat,Maturity,12.4,2.0,1,10.6,5.2,High
55.14,43.54,86.84,5.8,39.2,15.4,Loamy,Groundnut,Germination,2.5,23.2,0,0.0,0.0,Medium
39.3,16.3,86.08,1.81,19.1,30.1,Silty,Maize,Maturity,7.6,11.6,1,8.4,5.0,Medium
74.95,25.49,73.57,3.77,3.9,4.6,Loamy,Maize,Flowering,23.8,28.0,0,0.0,0.0,Low
59.39,28.12,61.92,2.72,59.1,1.4,Sandy,Groundnut,Maturity,5.8,21.0,0,0.0,0.0,Low
76.37,23.6,57.62,1.09,20.7,34.8,Peaty,Sugarcane,Flowering,10.4,55.1,0,0.0,0.0,Low
72.76,43.19,56.98,5.65,21.4,7.0,Clay,Maize,Maturity,14.9,64.5,0,0.0,0.0,Medium
93.97,19.52,26.99,2.19,64.7,33.4,Silty,Sugarcane,Flowering,26.2,71.2,0,0.0,0.0,Low
90.12,23.35,68.36,4.42,98.4,38.8,Loamy,Groundnut,Germination,13.1,12.0,0,0.0,0.0,Low
76.67,29.1,51.82,3.06,37.6,21.5,Sandy,Maize,Flowering,6.1,33.0,0,0.0,0.0,Low
59.85,31.9,40.79,7.92,23.8,10.1,Peaty,Rice,Vegetative,26.8,36.5,1,5.8,4.0,Medium
77.26,32.04,34.74,1.22,70.4,5.0,Sandy,Maize,Maturity,20.8,0.1,0,0.0,0.0,Low
53.48,43.86,26.06,1.21,47.2,9.3,Clay,Cotton,Flowering,20.7,8.5,0,0.0,0.0,Medium
60.08,22.9,20.44,5.8,11.9,0.7,Clay,Rice,Germination,11.4,5.6,1,6.1,3.3,Medium
73.98,21.88,37.44,10.27,64.3,6.7,Clay,Tomato,Vegetative,5.5,43.6,0,0.0,0.0,Low
85.6,42.21,60.66,3.65,76.2,27.5,Peaty,Rice,Maturity,16.4,34.5,0,0.0,0.0,Medium
93.98,17.87,66.54,8.65,72.3,8.6,Clay,Tomato,Maturity,9.2,31.4,0,0.0,0.0,Low
80.36,43.64,63.91,4.2,24.0,30.5,Sandy,Sugarcane,Maturity,12.9,41.2,0,0.0,0.0,Medium
65.65,16.1,92.39,3.09,82.5,19.2,Silty,Maize,Flowering,8.8,3.1,0,0.0,0.0,Low
66.84,15.41,94.31,5.08,35.5,23.8,Clay,Wheat,Vegetative,14.4,3.7,0,0.0,0.0,Low
91.52,17.78,79.02,1.71,99.8,27.8,Sandy,Groundnut,Germination,8.4,12.7,0,0.0,0.0,Low
30.75,16.57,54.58,1.72,54.7,29.5,Peaty,Wheat,Fruiting,13.0,57.1,1,11.8,9.4,Medium
40.03,20.39,43.68,2.85,50.0,28.4,Peaty,Tomato,Germination,3.6,11.5,0,0.0,0.0,Medium
67.5,21.09,62.82,1.57,84.9,16.6,Peaty,Cotton,Germination,17.8,8.9,0,0.0,0.0,Low
47.21,18.31,80.99,13.33,37.4,20.2,Peaty,Tomato,Germination,26.8,0.7,0,0.0,0.0,Medium
73.6,17.47,62.7,1.1,26.5,20.2,Loamy,Tomato,Flowering,18.5,56.8,0,0.0,0.0,Low
23.99,30.1,61.06,2.23,31.6,9.2,Sandy,Maize,Maturity,21.5,20.8,1,11.3,6.6,High
34.35,18.5,34.95,0.31,27.6,39.9,Loamy,Cotton,Vegetative,25.9,39.5,1,9.2,4.6,Medium
49.53,22.86,75.22,2.44,74.2,0.1,Silty,Wheat,Flowering,24.1,61.3,0,0.0,0.0,Low
67.72,33.05,23.89,6.62,24.4,26.8,Peaty,Tomato,Vegetative,16.2,24.3,0,0.0,0.0,Medium
69.67,44.82,84.93,0.43,85.9,13.8,Sandy,Wheat,Maturity,4.3,8.5,0,0.0,0.0,Medium
51.52,25.92,23.44,2.66,45.9,30.4,Sandy,Rice,Fruiting,13.1,13.0,1,9.7,6.9,Medium
78.59,27.67,35.78,8.67,38.6,27.6,Sandy,Sugarcane,Maturity,25.3,59.1,0,0.0,0.0,Low
42.94,24.08,45.68,2.4,5.2,31.2,Loamy,Sugarcane,Maturity,4.0,14.2,1,11.2,5.1,High
65.19,32.9,85.63,4.52,95.3,2.6,Sandy,Sugarcane,Vegetative,5.3,66.9,0,0.0,0.0,Low
75.61,34.95,76.4,0.63,80.6,38.8,Sandy,Cotton,Vegetative,0.4,5.2,0,0.0,0.0,Medium
36.16,26.78,79.73,3.03,24.3,37.2,Peaty,Tomato,Maturity,26.1,45.9,1,11.3,7.2,Medium
90.06,30.05,70.1,0.36,100.0,20.8,Silty,Groundnut,Vegetative,29.0,41.9,0,0.0,0.0,Low
88.11,16.93,54.5,7.68,99.1,7.7,Clay,Wheat,Germination,4.4,60.6,0,0.0,0.0,Low
71.9,19.13,89.44,2.65,98.8,7.0,Sandy,Cotton,Maturity,3.3,37.7,0,0.0,0.0,Low
55.35,25.2,83.03,0.15,86.3,28.1,Peaty,Groundnut,Fruiting,5.9,68.4,0,0.0,0.0,Low
41.49,34.43,94.3,0.13,16.9,7.2,Loamy,Wheat,Germination,1.2,34.4,1,5.0,4.3,Medium
69.51,36.09,33.86,0.72,8.7,14.6,Clay,Tomato,Vegetative,25.1,62.1,1,5.0,3.0,Medium
76.18,15.89,23.37,2.7,27.9,5.8,Loamy,Maize,Maturity,3.6,48.5,0,0.0,0.0,Low
82.43,18.6,61.37,0.67,67.3,28.3,Sandy,Groundnut,Germination,26.8,47.2,0,0.0,0.0,Low
26.12,38.17,78.83,5.42,58.4,20.3,Loamy,Groundnut,Germination,19.7,32.0,1,7.1,4.0,Medium
81.08,34.24,40.94,4.35,9.6,10.3,Silty,Sugarcane,Maturity,22.5,71.4,0,0.0,0.0,Medium
55.04,24.34,86.77,1.55,69.5,3.5,Peaty,Cotton,Germination,22.8,0.9,0,0.0,0.0,Low
53.02,30.48,60.76,3.71,87.8,18.7,Silty,Groundnut,Maturity,10.0,61.0,0,0.0,0.0,Low
84.08,21.7,26.94,2.15,72.2,16.4,Loamy,Maize,Maturity,25.8,69.0,0,0.0,0.0,Low
71.27,42.89,75.92,1.08,11.8,34.1,Silty,Maize,Vegetative,5.3,4.5,0,0.0,0.0,Medium
37.71,30.66,80.85,2.07,29.8,35.4,Peaty,Sugarcane,Germination,23.9,56.5,1,10.5,5.5,High
40.93,26.59,40.48,0.96,37.5,9.8,Sandy,Rice,Vegetative,5.2,63.5,1,12.6,6.8,High
86.94,42.45,80.2,3.05,70.4,36.8,Silty,Tomato,Germination,18.3,47.4,0,0.0,0.0,Medium
62.07,18.9,75.47,7.29,36.4,23.6,Silty,Maize,Fruiting,24.9,14.3,0,0.0,0.0,Low
81.25,21.52,22.26,0.93,45.7,31.5,Peaty,Sugarcane,Flowering,12.4,57.3,0,0.0,0.0,Low
29.45,27.18,94.25,0.13,49.5,20.4,Sandy,Wheat,Germination,16.8,15.8,1,5.0,3.0,Medium
41.39,22.57,39.28,2.11,39.1,25.6,Silty,Groundnut,Fruiting,5.5,58.3,0,0.0,0.0,Low
57.39,25.31,94.21,9.54,82.2,18.9,Loamy,Cotton,Flowering,27.5,19.3,0,0.0,0.0,Low
51.48,35.39,67.08,7.41,51.3,16.0,Sandy,Rice,Fruiting,4.3,57.0,1,8.1,4.6,Medium
70.92,40.52,34.61,4.97,71.4,35.0,Sandy,Wheat,Maturity,7.0,65.7,0,0.0,0.0,Medium
60.69,30.23,26.91,2.45,44.2,10.6,Sandy,Cotton,Fruiting,11.5,50.4,0,0.0,0.0,Low
62.23,19.03,26.27,5.55,80.2,26.8,Loamy,Maize,Fruiting,14.4,43.4,0,0.0,0.0,Low
56.81,27.91,46.92,0.76,31.2,0.0,Silty,Rice,Maturity,2.4,66.3,1,7.1,7.4,Medium
59.76,38.97,29.04,2.74,94.3,22.0,Silty,Wheat,Flowering,5.4,1.9,0,0.0,0.0,Medium
78.95,25.77,23.29,0.64,93.3,6.0,Loamy,Tomato,Germination,10.4,45.6,0,0.0,0.0,Low
71.11,24.58,51.3,8.85,42.4,0.1,Loamy,Wheat,Germination,0.4,47.7,0,0.0,0.0,Low
48.51,17.88,80.18,0.41,8.0,38.2,Clay,Tomato,Fruiting,4.6,41.0,1,9.0,5.1,Medium
41.65,44.48,60.87,6.83,58.5,27.6,Clay,Rice,Maturity,15.4,51.9,1,21.2,12.0,High
63.4,33.78,44.33,4.72,47.5,13.6,Loamy,Rice,Flowering,2.7,62.4,1,6.0,3.6,Medium
56.61,21.37,27.93,2.4,55.5,14.8,Sandy,Rice,Flowering,11.2,57.3,1,9.0,5.2,Medium
66.52,32.04,78.65,5.03,89.2,36.0,Peaty,Sugarcane,Fruiting,3.7,59.5,0,0.0,0.0,Low
18.99,25.98,77.18,0.15,21.3,35.8,Silty,Cotton,Flowering,22.8,26.0,1,25.8,15.7,High
34.18,34.12,48.54,1.24,58.6,22.7,Loamy,Cotton,Germination,8.4,36.6,1,6.5,3.4,Medium
51.92,35.6,30.44,8.09,28.5,26.3,Silty,Wheat,Germination,19.1,63.3,0,0.0,0.0,Medium
62.03,24.6,56.05,2.01,61.8,35.4,Silty,Maize,Germination,15.1,30.5,0,0.0,0.0,Low
37.97,40.4,88.02,3.08,36.1,30.0,Silty,Tomato,Germination,6.6,57.3,1,9.8,6.2,High
69.88,29.65,65.5,1.66,6.7,29.6,Sandy,Maize,Vegetative,1.2,27.1,0,0.0,0.0,Low
69.8,44.12,49.81,2.44,69.9,23.7,Sandy,Maize,Flowering,18.7,46.8,0,0.0,0.0,Medium
37.68,36.52,32.16,1.85,11.1,32.7,Clay,Maize,Maturity,23.0,58.6,1,12.8,8.0,Medium
20.22,18.45,33.38,8.15,16.4,28.9,Clay,Groundnut,Fruiting,29.3,26.4,0,0.0,0.0,Medium
75.84,33.34,68.07,0.66,12.9,21.0,Silty,Tomato,Maturity,1.7,36.6,0,0.0,0.0,Medium
69.1,33.54,93.48,2.25,28.5,6.1,Sandy,Groundnut,Vegetative,16.9,27.0,0,0.0,0.0,Medium
26.58,38.78,40.09,1.45,16.7,10.1,Silty,Wheat,Maturity,0.7,3.3,1,11.9,7.6,High
53.5,22.29,51.92,7.74,20.3,16.5,Sandy,Groundnut,Maturity,21.2,69.5,0,0.0,0.0,Low
45.2,43.52,43.29,0.4,93.8,16.0,Clay,Groundnut,Fruiting,15.0,13.7,0,0.0,0.0,Medium
53.19,20.66,58.44,9.23,57.8,16.3,Peaty,Rice,Flowering,5.9,47.4,0,0.0,0.0,Medium
42.12,16.69,37.98,3.42,27.1,32.6,Peaty,Rice,Vegetative,5.7,20.3,1,19.2,11.4,High
86.68,44.5,84.85,4.49,94.4,16.8,Loamy,Maize,Fruiting,6.4,52.8,0,0.0,0.0,Medium
77.18,36.37,26.99,9.09,62.8,20.8,Silty,Sugarcane,Maturity,2.3,9.6,0,0.0,0.0,Medium
31.6,17.36,75.51,2.34,8.6,1.1,Loamy,Cotton,Flowering,24.1,3.0,1,15.1,10.4,Medium
95.21,21.43,55.98,0.16,99.3,17.9,Peaty,Groundnut,Fruiting,11.6,25.0,0,0.0,0.0,Low
91.66,25.22,88.04,0.26,64.7,16.9,Peaty,Tomato,Fruiting,27.9,56.5,0,0.0,0.0,Low
60.66,44.47,24.87,0.25,91.7,25.9,Peaty,Wheat,Fruiting,22.9,32.6,0,0.0,0.0,Medium
57.76,16.62,86.8,2.46,29.3,27.5,Clay,Cotton,Flowering,18.4,14.6,0,0.0,0.0,Low
80.41,34.3,22.01,8.91,86.1,38.1,Sandy,Groundnut,Germination,12.4,14.9,0,0.0,0.0,Medium
26.69,35.19,89.39,0.26,49.4,25.0,Silty,Wheat,Fruiting,19.5,3.6,1,18.1,11.2,Medium
69.58,32.65,75.04,9.23,85.1,26.4,Clay,Groundnut,Germination,14.3,54.5,0,0.0,0.0,Low
78.26,35.7,63.98,1.17,60.9,24.5,Silty,Sugarcane,Flowering,28.8,47.0,0,0.0,0.0,Medium
85.95,32.34,66.4,0.96,75.9,26.5,Silty,Groundnut,Fruiting,23.1,46.0,0,0.0,0.0,Low
46.91,41.64,79.48,4.63,8.9,35.2,Clay,Cotton,Flowering,14.1,65.7,1,6.0,4.0,Medium
64.24,43.03,66.6,1.64,42.2,23.0,Peaty,Sugarcane,Flowering,19.2,36.2,1,6.0,3.6,High
28.62,35.03,56.48,2.77,56.3,30.5,Peaty,Cotton,Flowering,11.2,28.2,1,12.8,9.2,Medium
83.46,44.75,66.94,1.9,31.1,16.2,Silty,Rice,Flowering,4.2,18.2,0,0.0,0.0,Medium
82.41,36.45,81.55,3.82,64.4,12.3,Clay,Cotton,Flowering,18.2,3.4,0,0.0,0.0,Medium
36.96,39.58,52.47,7.32,26.8,35.9,Peaty,Tomato,Vegetative,8.7,30.3,1,13.1,5.2,High
43.9,27.45,23.6,4.14,18.2,37.4,Sandy,Maize,Germination,18.7,58.9,1,5.0,3.0,Medium
66.72,14.6,93.16,0.55,74.2,1.6,Clay,Wheat,Vegetative,18.9,5.1,0,0.0,0.0,Low
54.44,17.62,35.7,7.35,1.1,5.3,Silty,Groundnut,Maturity,29.4,49.5,0,0.0,0.0,Low
37.04,20.18,79.09,1.71,47.2,39.9,Sandy,Maize,Germination,11.8,48.7,1,7.9,5.1,Medium
83.13,26.69,71.02,1.0,97.3,37.4,Loamy,Sugarcane,Maturity,9.5,64.5,0,0.0,0.0,Low
25.68,20.59,43.03,1.66,5.2,5.1,Clay,Maize,Vegetative,1.4,34.7,1,27.2,16.8,High
66.22,33.99,62.83,0.19,6.2,12.2,Sandy,Tomato,Flowering,0.6,44.3,1,6.0,3.5,Medium
79.59,18.77,38.18,0.09,98.3,9.4,Peaty,Rice,Maturity,8.2,2.9,0,0.0,0.0,Low
93.78,35.54,73.67,1.81,81.1,36.3,Peaty,Rice,Vegetative,3.0,63.3,0,0.0,0.0,Medium
93.95,27.24,75.44,9.33,76.4,29.1,Silty,Groundnut,Germination,23.0,10.0,0,0.0,0.0,Low
35.72,36.44,40.72,2.94,32.3,20.2,Clay,Wheat,Germination,12.4,52.7,1,6.1,4.7,Medium
70.66,29.75,40.13,1.02,98.1,35.6,Loamy,Sugarcane,Fruiting,8.3,7.8,0,0.0,0.0,Low
40.33,43.06,58.6,0.29,39.7,24.1,Peaty,Maize,Fruiting,21.0,63.5,1,12.4,8.7,High
86.47,19.36,81.26,3.64,97.5,18.5,Silty,Sugarcane,Fruiting,15.5,5.0,0,0.0,0.0,Low
77.15,44.42,43.85,8.36,61.3,19.8,Silty,Groundnut,Germination,21.1,12.4,0,0.0,0.0,Medium
27.24,41.75,32.4,4.67,4.9,28.1,Sandy,Groundnut,Germination,29.3,48.4,1,5.0,3.0,High
89.55,36.68,38.4,2.3,66.4,37.7,Clay,Rice,Fruiting,12.6,60.8,0,0.0,0.0,Medium
45.1,40.43,82.97,3.89,95.2,23.6,Peaty,Wheat,Flowering,8.7,23.6,0,0.0,0.0,Medium
69.15,34.85,94.3,0.1,46.4,39.5,Silty,Groundnut,Flowering,9.9,0.0,0,0.0,0.0,Medium
73.46,38.57,53.57,0.4,40.8,8.5,Silty,Tomato,Fruiting,26.7,27.9,0,0.0,0.0,Medium
17.58,38.15,41.9,2.36,11.9,13.9,Loamy,Wheat,Maturity,16.4,25.0,1,15.1,10.0,High
75.63,34.25,27.33,0.85,53.8,1.8,Sandy,Sugarcane,Germination,6.8,35.3,0,0.0,0.0,Medium
68.19,42.05,80.54,0.83,49.8,16.9,Sandy,Cotton,Maturity,24.0,7.7,0,0.0,0.0,Medium
60.29,35.97,38.6,0.57,6.8,20.0,Loamy,Groundnut,Germination,1.8,39.0,0,0.0,0.0,Medium
55.1,16.26,46.64,3.33,95.2,32.2,Peaty,Wheat,Maturity,8.4,55.0,0,0.0,0.0,Low
20.81,29.75,65.54,3.24,19.0,4.5,Loamy,Maize,Flowering,27.4,24.9,1,33.0,19.7,High
85.82,18.69,66.91,0.03,71.0,30.6,Loamy,Wheat,Vegetative,18.8,13.0,0,0.0,0.0,Low
74.26,42.08,63.43,0.63,97.5,35.4,Peaty,Tomato,Vegetative,7.3,16.0,0,0.0,0.0,Medium
74.0,36.19,46.88,1.98,83.3,20.9,Peaty,Groundnut,Flowering,12.4,10.8,0,0.0,0.0,Medium
48.71,21.48,32.02,0.32,21.5,22.5,Peaty,Rice,Vegetative,8.4,61.2,1,12.3,7.1,High
68.29,16.96,28.13,15.44,97.1,30.9,Peaty,Cotton,Fruiting,15.2,18.5,0,0.0,0.0,Low
54.14,44.27,69.91,1.74,8.3,8.5,Peaty,Tomato,Germination,14.9,1.4,1,5.0,3.0,High
68.28,18.37,59.82,0.22,29.2,37.1,Clay,Wheat,Fruiting,24.9,36.5,0,0.0,0.0,Low
48.27,28.68,63.19,2.99,98.7,33.8,Peaty,Wheat,Germination,5.1,47.3,0,0.0,0.0,Low
47.22,24.78,45.35,0.49,65.2,28.4,Peaty,Groundnut,Fruiting,7.6,11.1,0,0.0,0.0,Low
80.17,20.52,73.69,0.01,89.0,25.3,Loamy,Rice,Flowering,9.9,9.1,0,0.0,0.0,Low
78.74,39.74,72.43,2.46,68.9,21.6,Silty,Tomato,Vegetative,6.8,32.8,0,0.0,0.0,Medium
63.75,26.09,28.59,0.45,52.7,7.0,Loamy,Cotton,Fruiting,25.0,25.1,0,0.0,0.0,Low
65.39,22.63,24.95,1.33,58.5,2.4,Loamy,Rice,Flowering,1.6,55.3,0,0.0,0.0,Medium
85.19,34.96,33.17,3.56,73.1,32.1,Clay,Groundnut,Vegetative,13.2,65.1,0,0.0,0.0,Medium
56.3,21.48,76.12,1.16,72.5,15.0,Loamy,Groundnut,Germination,28.8,15.1,0,0.0,0.0,Low
70.34,41.39,34.92,10.11,66.6,34.2,Loamy,Wheat,Vegetative,7.1,40.9,0,0.0,0.0,Medium
64.51,24.82,36.73,4.52,14.3,17.1,Silty,Tomato,Maturity,17.2,39.9,0,0.0,0.0,Low
82.59,27.17,38.5,6.28,64.3,18.0,Peaty,Sugarcane,Vegetative,11.4,33.5,0,0.0,0.0,Low
54.17,15.95,65.6,0.55,25.6,39.1,Sandy,Wheat,Vegetative,25.7,64.6,0,0.0,0.0,Low
58.6,18.36,88.53,3.75,80.5,21.2,Silty,Maize,Germination,16.1,23.7,0,0.0,0.0,Low
71.28,39.41,59.87,1.2,8.4,6.9,Peaty,Maize,Germination,18.2,17.1,0,0.0,0.0,Medium
53.92,24.97,40.8,2.5,55.8,0.6,Sandy,Wheat,Germination,23.6,44.3,0,0.0,0.0,Low
75.13,31.02,41.29,7.56,99.0,34.8,Peaty,Sugarcane,Fruiting,8.3,31.0,0,0.0,0.0,Low
75.8,22.72,41.25,3.0,65.1,8.3,Loamy,Rice,Fruiting,27.8,54.5,0,0.0,0.0,Low
62.98,27.68,90.24,0.21,19.3,24.3,Sandy,Cotton,Germination,27.5,40.2,0,0.0,0.0,Low
73.06,23.61,75.86,0.53,33.9,24.2,Peaty,Maize,Fruiting,19.1,67.7,0,0.0,0.0,Low
46.62,37.65,31.75,0.54,35.4,10.6,Loamy,Tomato,Maturity,18.1,31.4,1,6.4,3.6,Medium
66.85,27.17,62.52,3.46,85.1,9.4,Clay,Tomato,Germination,16.5,25.0,0,0.0,0.0,Low
37.99,45.16,84.27,5.45,51.4,18.7,Sandy,Sugarcane,Maturity,5.9,64.5,1,9.2,5.5,High
66.18,30.62,57.47,0.6,42.9,34.9,Loamy,Wheat,Germination,19.8,71.8,0,0.0,0.0,Low
75.01,38.68,72.08,6.18,66.9,4.8,Loamy,Maize,Fruiting,22.3,60.6,0,0.0,0.0,Medium
87.95,35.6,59.43,1.64,44.0,37.8,Sandy,Rice,Maturity,25.9,29.3,0,0.0,0.0,Medium
72.33,29.75,57.47,0.59,90.4,14.0,Loamy,Rice,Maturity,4.6,37.0,0,0.0,0.0,Low
32.27,41.65,70.93,8.6,15.2,37.7,Loamy,Maize,Vegetative,16.4,35.2,0,0.0,0.0,High
88.0,30.35,61.7,7.01,91.9,26.0,Peaty,Tomato,Flowering,15.2,28.0,0,0.0,0.0,Low
90.78,24.46,93.17,1.07,85.4,8.5,Loamy,Rice,Vegetative,10.6,14.1,0,0.0,0.0,Low
89.99,30.15,48.5,1.47,61.9,27.7,Silty,Maize,Maturity,17.1,15.6,0,0.0,0.0,Low
42.19,37.07,74.36,0.31,15.0,31.5,Loamy,Cotton,Vegetative,24.6,13.3,1,5.0,4.3,Medium
31.82,19.24,67.41,1.29,0.6,23.0,Silty,Tomato,Vegetative,26.6,67.2,1,17.9,9.6,Medium
42.6,36.83,92.3,4.29,29.8,21.9,Clay,Wheat,Vegetative,17.0,41.2,1,5.0,3.0,Medium
79.02,31.86,22.66,2.17,53.5,2.1,Silty,Rice,Vegetative,6.3,57.2,0,0.0,0.0,Low
92.62,19.88,66.34,2.46,90.5,32.6,Peaty,Sugarcane,Flowering,14.0,56.7,0,0.0,0.0,Low
54.0,30.98,53.48,0.36,74.2,5.2,Clay,Wheat,Flowering,3.8,0.5,0,0.0,0.0,Low
35.59,38.79,93.25,8.11,54.5,14.2,Silty,Groundnut,Vegetative,9.9,31.8,0,0.0,0.0,High
84.15,29.37,24.63,7.73,84.7,15.9,Silty,Maize,Maturity,9.4,52.6,0,0.0,0.0,Low
53.69,32.37,83.0,8.18,26.9,24.3,Loamy,Cotton,Flowering,6.8,29.3,0,0.0,0.0,Low
72.03,35.01,45.78,3.25,86.4,25.0,Silty,Tomato,Germination,27.6,60.1,0,0.0,0.0,Medium
11.32,38.37,36.11,1.28,47.9,13.9,Peaty,Groundnut,Germination,27.3,20.6,1,12.4,6.9,High
75.7,29.34,88.81,2.0,40.5,26.0,Clay,Maize,Maturity,1.5,11.0,0,0.0,0.0,Low
59.29,19.51,49.35,0.89,54.9,29.5,Silty,Cotton,Fruiting,15.5,61.6,0,0.0,0.0,Low
79.37,44.06,48.41,0.78,86.9,8.0,Clay,Groundnut,Vegetative,1.0,1.4,0,0.0,0.0,Medium
27.64,19.11,72.15,3.71,1.5,27.8,Sandy,Groundnut,Fruiting,19.7,50.9,1,5.5,3.0,Medium
47.85,27.95,52.88,1.43,2.9,31.6,Clay,Tomato,Vegetative,15.9,18.4,1,8.3,5.6,Medium
44.8,19.35,42.8,5.82,78.8,25.8,Clay,Groundnut,Maturity,28.6,22.0,0,0.0,0.0,Low
53.89,16.26,28.16,3.85,15.5,17.7,Loamy,Rice,Maturity,12.6,5.6,1,8.8,5.4,Medium
77.14,30.33,44.5,0.28,19.7,31.8,Silty,Tomato,Vegetative,4.5,49.0,0,0.0,0.0,Low
62.59,21.58,48.78,2.86,37.9,28.3,Silty,Wheat,Fruiting,6.3,29.2,0,0.0,0.0,Low
86.85,24.11,21.47,5.9,58.4,6.8,Loamy,Rice,Germination,7.6,16.4,0,0.0,0.0,Low
21.48,18.49,86.79,1.55,3.3,22.3,Clay,Cotton,Fruiting,7.1,11.6,1,23.9,14.2,Medium
88.07,32.24,43.74,2.85,62.4,33.7,Sandy,Tomato,Flowering,4.3,12.2,0,0.0,0.0,Low
83.68,44.07,28.61,0.85,86.8,23.4,Peaty,Rice,Germination,17.8,18.2,0,0.0,0.0,Medium
50.76,21.8,83.45,0.29,98.2,19.0,Loamy,Groundnut,Flowering,10.6,1.1,0,0.0,0.0,Low
41.65,38.09,82.55,1.03,16.2,27.5,Peaty,Sugarcane,Maturity,25.7,34.6,1,12.0,7.9,High
83.32,22.4,37.51,0.88,98.7,13.4,Loamy,Maize,Fruiting,28.8,59.0,0,0.0,0.0,Low
39.01,43.31,88.43,0.55,28.8,23.6,Peaty,Groundnut,Fruiting,3.6,26.6,1,5.5,4.2,High
49.06,30.01,26.41,4.05,22.0,3.9,Loamy,Tomato,Germination,2.2,45.3,1,5.0,3.0,Medium
46.32,37.12,67.44,4.2,50.0,7.0,Loamy,Rice,Germination,14.4,14.8,1,10.3,5.3,High
93.61,17.41,56.36,0.17,99.8,14.3,Peaty,Wheat,Flowering,23.2,29.6,0,0.0,0.0,Low
84.2,44.21,29.94,0.51,4.2,10.4,Silty,Rice,Vegetative,5.9,39.4,0,0.0,0.0,Medium
85.71,34.68,91.66,3.92,41.8,29.9,Silty,Rice,Vegetative,9.8,50.8,0,0.0,0.0,Medium
90.23,39.17,26.68,6.24,68.1,37.1,Clay,Maize,Vegetative,11.4,61.7,0,0.0,0.0,Medium
76.19,28.74,44.64,5.91,79.5,39.7,Silty,Tomato,Maturity,17.3,68.2,0,0.0,0.0,Low
52.26,16.92,52.02,13.24,45.3,25.2,Silty,Cotton,Germination,19.9,37.3,0,0.0,0.0,Low
63.18,25.54,89.09,3.88,59.4,22.4,Sandy,Rice,Maturity,17.6,55.6,0,0.0,0.0,Medium
53.02,27.18,67.93,3.94,23.2,17.3,Clay,Wheat,Vegetative,29.6,23.4,0,0.0,0.0,Low
60.27,41.66,75.99,5.85,29.0,32.0,Peaty,Rice,Maturity,0.6,3.1,1,5.0,3.0,High
54.5,27.24,46.63,3.1,18.3,38.1,Sandy,Cotton,Fruiting,28.7,20.0,0,0.0,0.0,Low
23.1,35.78,36.32,0.1,29.2,1.5,Sandy,Wheat,Fruiting,19.1,53.6,1,9.1,7.8,High
24.36,31.83,89.95,13.93,42.3,17.1,Sandy,Wheat,Maturity,15.0,67.7,0,0.0,0.0,High
48.23,19.21,72.8,2.04,63.4,1.8,Silty,Groundnut,Germination,17.7,33.1,0,0.0,0.0,Low
38.49,27.06,43.31,7.33,4.0,27.6,Loamy,Wheat,Germination,11.3,46.9,1,5.0,3.7,Medium
77.28,24.19,65.93,2.29,94.0,17.4,Clay,Wheat,Germination,17.8,49.3,0,0.0,0.0,Low
71.53,36.83,57.1,0.88,75.9,37.0,Peaty,Sugarcane,Flowering,24.0,12.4,0,0.0,0.0,Medium
50.81,32.86,84.83,9.11,34.5,19.5,Clay,Sugarcane,Vegetative,12.3,57.3,0,0.0,0.0,Medium
81.73,20.47,39.69,1.35,88.1,36.3,Peaty,Maize,Germination,13.2,37.2,0,0.0,0.0,Low
57.44,20.48,34.99,0.73,1.6,28.6,Silty,Sugarcane,Germination,0.7,26.6,1,5.9,3.6,Medium
32.83,24.95,81.79,5.82,37.5,17.3,Peaty,Tomato,Flowering,13.0,19.8,1,18.1,10.5,Medium
68.62,23.67,46.58,0.84,94.3,16.8,Peaty,Sugarcane,Flowering,14.0,13.3,0,0.0,0.0,Low
33.86,39.14,48.63,3.5,38.9,6.6,Silty,Groundnut,Germination,16.7,3.0,1,5.0,3.8,High
62.89,21.17,20.72,0.33,88.4,2.9,Sandy,Cotton,Germination,7.5,2.7,0,0.0,0.0,Low
76.32,44.79,59.38,2.47,55.4,19.4,Silty,Maize,Vegetative,7.3,7.8,0,0.0,0.0,Medium
70.36,21.97,87.66,0.75,86.6,20.5,Loamy,Wheat,Maturity,11.2,7.5,0,0.0,0.0,Low
55.27,43.04,76.02,1.81,45.4,39.8,Loamy,Sugarcane,Flowering,2.8,38.8,1,9.6,6.7,High
90.11,18.96,33.56,0.87,81.5,15.1,Loamy,Maize,Germination,8.2,62.0,0,0.0,0.0,Low
66.85,27.27,90.11,3.06,83.7,24.8,Loamy,Maize,Flowering,22.1,16.6,0,0.0,0.0,Low
11.57,39.62,56.89,1.28,50.5,30.2,Sandy,Groundnut,Maturity,16.4,34.5,1,8.2,5.1,High
64.62,43.04,78.58,3.39,77.6,8.0,Silty,Maize,Maturity,9.5,43.6,0,0.0,0.0,Medium
41.56,30.83,62.43,1.45,32.2,34.1,Loamy,Rice,Vegetative,18.8,28.4,1,19.6,10.7,High
36.91,37.87,30.55,1.82,6.3,1.1,Silty,Sugarcane,Flowering,22.7,32.0,1,27.8,17.5,High
90.45,18.1,80.04,4.9,61.9,23.2,Loamy,Wheat,Flowering,5.3,44.4,0,0.0,0.0,Low
58.67,29.15,72.62,1.43,61.5,22.8,Silty,Wheat,Fruiting,14.6,5.0,0,0.0,0.0,Low
69.41,34.7,60.07,4.61,51.4,13.3,Silty,Tomato,Flowering,2.0,20.8,0,0.0,0.0,Medium
45.14,23.2,45.37,5.56,95.9,0.7,Sandy,Cotton,Flowering,25.9,9.8,0,0.0,0.0,Low
71.58,33.85,58.37,5.87,84.6,8.7,Clay,Wheat,Germination,23.5,62.4,0,0.0,0.0,Medium
12.79,28.06,78.31,1.6,31.9,3.6,Loamy,Cotton,Flowering,13.2,25.0,1,35.1,21.5,High
93.48,18.5,29.53,0.59,79.3,11.0,Loamy,Maize,Fruiting,24.3,49.3,0,0.0,0.0,Low
70.6,28.64,29.73,0.56,11.2,27.2,Peaty,Rice,Flowering,16.7,7.1,0,0.0,0.0,Low
71.95,18.95,27.22,0.08,77.0,27.8,Loamy,Groundnut,Germination,23.0,71.9,0,0.0,0.0,Low
89.33,31.78,29.25,13.32,49.0,18.1,Clay,Sugarcane,Germination,25.9,32.9,0,0.0,0.0,Low
37.58,34.19,91.68,2.52,27.0,32.5,Clay,Wheat,Germination,7.2,40.1,1,5.0,3.0,Medium
80.66,19.46,45.75,3.02,74.0,6.4,Silty,Tomato,Germination,5.4,16.0,0,0.0,0.0,Low
87.18,36.12,62.47,0.57,76.7,29.4,Sandy,Wheat,Germination,13.9,64.3,0,0.0,0.0,Medium
50.25,21.24,28.91,8.5,83.0,30.6,Loamy,Cotton,Vegetative,24.2,43.8,0,0.0,0.0,Low
20.0,40.06,65.42,21.2,50.7,26.9,Sandy,Wheat,Fruiting,24.4,44.9,0,0.0,0.0,High
45.63,21.41,86.51,1.93,17.3,17.2,Sandy,Sugarcane,Fruiting,11.3,35.8,1,13.2,6.7,Medium
56.82,23.13,26.22,2.11,45.1,28.6,Loamy,Maize,Flowering,10.3,35.7,0,0.0,0.0,Low
53.13,41.82,86.46,4.28,40.1,14.8,Clay,Groundnut,Fruiting,18.2,43.2,0,0.0,0.0,Medium
26.49,33.14,39.01,0.16,40.8,33.9,Silty,Tomato,Flowering,22.3,33.7,1,25.4,15.0,High
24.94,36.12,61.3,0.27,30.8,5.7,Silty,Maize,Maturity,9.0,6.9,1,18.6,9.5,High
64.36,22.63,62.11,0.02,98.5,9.2,Loamy,Tomato,Vegetative,22.2,17.9,0,0.0,0.0,Low
66.21,43.47,28.68,1.57,88.3,15.5,Sandy,Wheat,Vegetative,20.0,47.9,0,0.0,0.0,Medium
55.08,22.3,47.58,0.83,68.3,24.1,Peaty,Cotton,Vegetative,26.5,33.2,0,0.0,0.0,Low
49.34,33.18,46.56,1.26,56.5,36.9,Silty,Sugarcane,Fruiting,11.4,64.2,1,14.3,8.9,Medium
78.84,45.06,53.93,1.4,60.7,27.3,Silty,Groundnut,Vegetative,14.2,23.9,0,0.0,0.0,Medium
15.14,18.21,60.16,4.56,25.1,20.1,Clay,Groundnut,Flowering,25.2,25.2,1,27.6,17.8,High
71.57,36.4,21.86,1.2,8.6,36.8,Silty,Tomato,Flowering,29.0,46.3,0,0.0,0.0,Medium
22.0,17.98,35.28,0.12,14.5,36.5,Sandy,Cotton,Germination,19.9,49.8,1,7.1,6.3,Medium
68.24,36.12,33.43,0.75,38.2,24.5,Sandy,Cotton,Maturity,23.5,40.2,0,0.0,0.0,Medium
63.78,30.74,93.98,1.04,61.8,27.8,Loamy,Tomato,Germination,17.7,22.6,0,0.0,0.0,Low
79.24,15.72,25.11,4.79,14.0,28.0,Sandy,Rice,Flowering,29.9,50.1,0,0.0,0.0,Low
51.37,19.81,85.57,8.08,40.0,12.2,Loamy,Sugarcane,Fruiting,25.8,49.1,0,0.0,0.0,Medium
53.77,16.59,56.18,1.84,14.6,15.8,Loamy,Cotton,Maturity,11.0,22.3,0,0.0,0.0,Low
82.27,44.67,76.26,3.25,69.3,36.0,Peaty,Maize,Germination,22.8,15.6,0,0.0,0.0,Medium
90.76,16.56,48.07,4.09,86.9,21.6,Loamy,Rice,Maturity,0.8,32.8,0,0.0,0.0,Low
44.77,34.95,79.84,4.09,2.0,7.0,Loamy,Rice,Maturity,2.6,52.6,1,16.2,9.2,High
60.11,19.82,86.85,2.77,18.4,28.2,Clay,Groundnut,Flowering,9.9,40.1,0,0.0,0.0,Low
88.05,25.9,54.18,1.15,61.2,2.5,Silty,Tomato,Fruiting,5.2,45.6,0,0.0,0.0,Low
89.68,40.05,28.52,2.35,67.6,9.2,Peaty,Cotton,Vegetative,14.4,22.7,0,0.0,0.0,Medium
90.54,20.45,57.76,4.02,65.8,28.8,Sandy,Tomato,Fruiting,29.0,33.0,0,0.0,0.0,Low
93.03,37.39,57.95,1.38,96.9,37.6,Peaty,Cotton,Fruiting,6.6,52.5,0,0.0,0.0,Medium
42.5,39.9,93.08,4.98,27.1,32.8,Loamy,Tomato,Vegetative,15.5,57.3,1,9.9,6.2,High
21.29,30.36,65.74,0.2,3.2,16.8,Loamy,Groundnut,Fruiting,22.8,48.1,1,15.0,8.7,Medium
64.88,40.72,23.81,7.44,46.6,38.6,Silty,Sugarcane,Fruiting,7.1,70.2,1,5.5,3.0,High
36.09,34.18,92.51,1.09,39.7,18.5,Silty,Maize,Germination,24.5,6.6,1,10.4,6.5,Medium
63.95,16.49,78.44,1.2,93.1,24.7,Peaty,Groundnut,Vegetative,16.9,32.9,0,0.0,0.0,Low
73.36,42.49,53.22,1.3,49.1,36.0,Loamy,Wheat,Fruiting,29.1,16.5,0,0.0,0.0,Medium
32.1,26.73,55.74,0.41,50.5,6.9,Peaty,Groundnut,Maturity,14.8,68.2,1,5.0,4.4,Medium
20.35,26.85,82.55,0.44,34.0,14.5,Loamy,Maize,Vegetative,25.4,60.1,1,25.0,15.7,High
47.99,29.62,80.49,1.97,20.3,32.4,Clay,Maize,Maturity,28.7,38.5,1,5.4,4.3,Medium
23.31,41.31,41.03,0.32,20.5,7.1,Peaty,Groundnut,Maturity,7.0,34.5,1,7.6,5.2,High
71.53,25.72,22.19,1.42,67.1,32.5,Sandy,Groundnut,Vegetative,20.7,60.0,0,0.0,0.0,Low
88.29,39.76,31.5,2.21,42.2,39.7,Peaty,Sugarcane,Flowering,3.8,65.4,0,0.0,0.0,Medium
64.18,22.06,45.21,7.23,98.0,3.5,Silty,Wheat,Maturity,4.5,20.0,0,0.0,0.0,Low
73.91,24.62,21.73,18.72,68.3,17.0,Silty,Sugarcane,Flowering,0.1,11.1,0,0.0,0.0,Low
49.4,34.65,57.7,6.25,53.3,17.8,Loamy,Maize,Vegetative,23.5,1.3,0,0.0,0.0,Medium
94.13,43.64,64.36,2.98,93.5,20.6,Silty,Maize,Flowering,4.8,38.7,0,0.0,0.0,Medium
56.8,21.38,88.22,6.9,29.4,3.3,Sandy,Tomato,Germination,13.5,10.3,0,0.0,0.0,Low
66.35,39.87,87.57,1.02,32.1,4.0,Silty,Maize,Fruiting,8.3,34.6,0,0.0,0.0,Medium
90.61,31.56,74.32,0.51,87.2,30.9,Peaty,Maize,Vegetative,10.2,19.9,0,0.0,0.0,Low
82.0,37.11,86.77,0.1,10.0,29.5,Peaty,Rice,Flowering,18.2,52.6,1,6.0,3.7,Medium
91.67,37.65,68.0,5.1,78.1,21.0,Sandy,Cotton,Vegetative,21.1,14.5,0,0.0,0.0,Medium
13.54,31.59,85.84,2.04,35.1,31.9,Loamy,Groundnut,Fruiting,28.8,24.5,1,24.4,16.1,High
93.92,16.02,34.89,3.51,69.5,23.3,Loamy,Maize,Fruiting,12.5,30.0,0,0.0,0.0,Low
62.31,23.72,50.37,0.22,94.3,7.3,Silty,Tomato,Germination,19.4,52.1,0,0.0,0.0,Low
27.1,17.93,78.91,2.6,50.0,35.1,Loamy,Tomato,Germination,29.7,61.5,1,12.8,5.7,High
69.43,23.73,42.15,4.48,12.9,32.9,Loamy,Sugarcane,Maturity,16.2,16.5,0,0.0,0.0,Low
83.2,21.99,77.04,3.06,20.7,31.8,Peaty,Sugarcane,Germination,1.8,55.6,0,0.0,0.0,Low
31.58,42.85,40.03,3.15,49.6,10.7,Sandy,Tomato,Vegetative,28.7,40.4,1,16.2,11.1,High
63.69,40.06,70.62,1.46,35.9,6.0,Sandy,Cotton,Maturity,3.6,34.0,0,0.0,0.0,Medium
84.8,31.56,76.54,6.31,79.4,5.0,Peaty,Wheat,Vegetative,17.4,33.8,0,0.0,0.0,Low
64.23,18.31,83.41,4.47,93.2,23.5,Silty,Groundnut,Fruiting,3.1,61.2,0,0.0,0.0,Low
70.2,30.98,34.46,2.25,70.7,30.8,Sandy,Cotton,Germination,6.5,66.7,0,0.0,0.0,Low
47.94,29.23,37.6,0.04,46.9,21.5,Silty,Groundnut,Vegetative,24.8,18.2,0,0.0,0.0,Low
59.06,25.9,69.12,5.1,54.7,5.3,Clay,Sugarcane,Fruiting,3.8,6.4,0,0.0,0.0,Medium
68.08,22.98,85.82,3.72,55.2,0.8,Peaty,Tomato,Maturity,16.6,45.2,0,0.0,0.0,Low
44.42,28.49,34.2,2.67,56.7,21.0,Loamy,Rice,Maturity,27.8,42.6,1,14.4,9.5,High
57.15,44.69,74.88,2.77,17.2,23.5,Sandy,Groundnut,Flowering,22.1,56.0,1,6.0,3.0,Medium
49.51,15.57,71.48,5.31,8.5,17.7,Sandy,Rice,Fruiting,18.3,56.6,1,8.9,4.1,High
85.44,18.67,30.05,6.35,5.8,3.7,Silty,Rice,Maturity,16.7,28.2,0,0.0,0.0,Low
66.7,33.42,87.78,0.06,66.0,11.5,Clay,Maize,Vegetative,6.7,59.2,0,0.0,0.0,Medium
43.85,31.29,26.27,2.21,75.6,0.3,Loamy,Groundnut,Flowering,14.0,62.8,0,0.0,0.0,Low
60.84,29.71,53.14,1.93,61.6,9.2,Silty,Maize,Germination,26.4,45.6,0,0.0,0.0,Low
79.07,18.04,32.45,3.21,2.2,0.7,Loamy,Sugarcane,Fruiting,5.0,66.2,0,0.0,0.0,Low
46.02,31.25,56.76,0.22,84.1,20.5,Loamy,Groundnut,Germination,4.1,36.9,0,0.0,0.0,Low
57.66,36.99,80.88,1.48,13.4,27.6,Silty,Sugarcane,Germination,28.5,13.9,1,5.2,3.5,Medium
25.37,17.51,44.49,0.76,22.4,18.3,Silty,Tomato,Vegetative,29.9,50.1,1,22.3,12.8,High
40.87,19.24,43.95,2.22,11.3,19.1,Silty,Wheat,Germination,7.0,14.4,1,5.0,3.0,Medium
45.25,19.42,72.75,6.87,17.8,24.1,Peaty,Tomato,Flowering,2.6,52.3,1,6.8,4.3,Medium
27.94,20.53,67.98,1.14,47.6,33.4,Sandy,Tomato,Vegetative,18.6,67.9,1,12.5,7.6,High
63.63,26.08,26.37,2.96,25.0,28.1,Silty,Groundnut,Vegetative,15.8,43.1,0,0.0,0.0,Low
87.92,36.83,44.04,5.36,23.9,25.4,Silty,Sugarcane,Fruiting,17.2,57.6,0,0.0,0.0,Medium
78.06,31.42,27.52,8.3,18.5,35.7,Loamy,Maize,Maturity,26.3,48.8,0,0.0,0.0,Low
75.03,19.74,85.89,0.41,73.9,7.3,Peaty,Tomato,Flowering,6.2,24.0,0,0.0,0.0,Low
90.15,18.0,40.69,4.58,5.2,26.4,Silty,Rice,Flowering,18.5,51.3,0,0.0,0.0,Low
63.22,22.73,34.59,2.64,79.5,35.0,Sandy,Groundnut,Maturity,11.2,49.5,0,0.0,0.0,Low
41.82,30.15,29.64,0.54,90.2,9.1,Sandy,Groundnut,Maturity,21.9,49.2,0,0.0,0.0,Low
80.92,30.11,64.49,4.87,40.1,8.4,Sandy,Rice,Maturity,17.8,64.7,0,0.0,0.0,Low
62.23,43.34,26.64,0.56,82.0,19.6,Peaty,Maize,Maturity,8.6,71.6,0,0.0,0.0,Medium
57.07,43.65,52.19,2.65,92.2,20.7,Sandy,Wheat,Vegetative,11.4,27.0,0,0.0,0.0,Medium
40.13,20.78,76.97,0.44,28.1,22.4,Peaty,Wheat,Flowering,28.7,61.0,1,6.0,3.8,Medium
31.47,30.96,23.59,2.9,45.3,25.6,Sandy,Wheat,Maturity,27.2,19.5,1,5.1,3.2,Medium
70.3,35.29,39.58,3.5,61.2,28.6,Loamy,Rice,Germination,3.8,60.5,1,5.0,4.1,Medium
63.39,25.23,58.29,6.89,33.3,32.3,Silty,Maize,Fruiting,9.2,24.5,0,0.0,0.0,Low
70.11,17.89,91.61,5.4,7.1,37.3,Silty,Wheat,Flowering,1.3,14.5,0,0.0,0.0,Low
61.32,16.23,55.83,0.29,24.5,25.6,Peaty,Sugarcane,Vegetative,11.3,67.0,1,5.0,3.0,Medium
21.34,28.05,35.52,4.28,49.2,21.9,Loamy,Maize,Germination,18.7,14.6,1,16.2,8.4,High
69.23,33.35,66.71,2.8,55.9,32.9,Silty,Maize,Vegetative,12.5,45.8,0,0.0,0.0,Medium
88.6,16.85,78.26,0.43,96.2,3.3,Loamy,Rice,Germination,10.8,53.0,0,0.0,0.0,Low
50.39,15.16,91.15,2.52,25.8,25.5,Loamy,Groundnut,Vegetative,21.9,1.2,0,0.0,0.0,Low
59.87,17.33,86.48,0.87,74.0,11.0,Loamy,Maize,Flowering,3.2,61.9,0,0.0,0.0,Low
39.33,30.15,22.22,6.75,17.8,11.8,Loamy,Cotton,Vegetative,8.1,2.9,1,5.0,3.0,Medium
80.64,18.98,39.37,3.71,89.3,27.6,Clay,Rice,Fruiting,15.4,51.3,0,0.0,0.0,Low
76.04,27.92,28.7,4.22,68.9,15.8,Clay,Sugarcane,Vegetative,4.7,54.3,0,0.0,0.0,Low
69.35,42.72,48.15,0.08,82.8,28.3,Silty,Sugarcane,Germination,17.9,59.4,0,0.0,0.0,Medium
83.86,21.94,39.83,0.15,98.3,9.9,Sandy,Maize,Fruiting,0.8,56.4,0,0.0,0.0,Low
43.72,15.41,79.22,1.55,52.5,26.5,Loamy,Maize,Fruiting,1.5,18.2,0,0.0,0.0,Medium
64.18,39.35,91.26,0.1,91.0,15.2,Sandy,Tomato,Germination,3.1,55.6,0,0.0,0.0,Medium
92.09,35.1,33.07,1.46,76.4,11.4,Sandy,Sugarcane,Vegetative,27.4,39.8,0,0.0,0.0,Medium
40.26,38.0,94.66,0.56,7.6,29.8,Sandy,Maize,Maturity,6.4,37.8,1,5.0,3.7,High
58.65,31.22,59.18,8.54,61.7,28.6,Silty,Maize,Flowering,21.5,19.1,0,0.0,0.0,Low
60.63,39.63,88.71,10.42,15.9,14.2,Loamy,Cotton,Fruiting,28.0,1.0,0,0.0,0.0,Medium
68.62,37.4,50.54,10.31,69.4,1.9,Silty,Maize,Vegetative,16.9,10.2,0,0.0,0.0,Medium
30.73,27.04,40.25,1.96,46.3,36.2,Peaty,Tomato,Maturity,5.5,7.8,1,12.6,7.8,Medium
29.45,19.23,68.0,1.16,31.6,39.9,Loamy,Wheat,Fruiting,6.1,42.4,1,16.0,10.1,Medium
43.4,21.58,57.83,0.9,31.3,24.6,Loamy,Rice,Germination,0.4,9.4,1,12.2,6.8,High
49.79,44.08,28.96,3.16,0.2,2.0,Sandy,Sugarcane,Vegetative,25.4,47.0,1,5.4,3.0,High
63.68,29.48,54.02,8.24,72.4,5.8,Loamy,Groundnut,Vegetative,8.7,71.1,0,0.0,0.0,Low
31.76,16.36,26.82,1.0,34.8,33.4,Silty,Wheat,Vegetative,0.9,56.2,1,9.4,5.6,Medium
18.89,29.8,86.22,2.6,37.7,21.6,Silty,Cotton,Maturity,20.2,70.7,1,14.8,7.7,High
86.6,25.28,75.25,0.27,12.8,27.2,Silty,Rice,Vegetative,6.0,30.1,0,0.0,0.0,Low
81.36,23.03,92.71,9.76,68.6,28.7,Sandy,Maize,Fruiting,5.3,36.0,0,0.0,0.0,Low
34.08,39.11,23.45,5.4,27.5,19.8,Sandy,Groundnut,Maturity,17.1,57.3,1,5.0,3.0,High
93.56,24.63,68.87,0.05,96.8,30.7,Silty,Rice,Vegetative,21.5,34.6,0,0.0,0.0,Low
67.32,39.32,47.23,0.34,93.3,37.5,Sandy,Wheat,Fruiting,6.5,64.2,0,0.0,0.0,Medium
36.99,23.4,80.68,2.08,27.9,12.5,Sandy,Sugarcane,Vegetative,1.5,51.7,1,11.9,6.1,High
41.51,32.07,90.31,5.13,41.6,25.2,Loamy,Sugarcane,Vegetative,16.5,18.9,1,16.1,9.0,High
57.02,38.69,58.83,3.05,27.8,32.6,Silty,Maize,Maturity,25.9,11.5,0,0.0,0.0,Medium
78.64,37.72,20.79,1.39,60.1,23.3,Silty,Tomato,Flowering,6.3,24.3,0,0.0,0.0,Medium
55.98,38.72,57.47,5.68,62.9,25.2,Sandy,Maize,Fruiting,22.5,70.4,1,5.5,3.2,Medium
70.72,26.17,58.9,2.31,69.1,2.1,Sandy,Groundnut,Maturity,7.6,17.2,0,0.0,0.0,Low
94.78,34.22,23.01,0.23,65.5,38.1,Clay,Rice,Maturity,29.6,25.3,0,0.0,0.0,Medium
16.87,22.09,65.88,1.17,35.4,23.9,Silty,Groundnut,Flowering,23.2,69.5,1,22.0,16.1,High
60.59,38.97,90.13,1.7,91.8,35.3,Peaty,Tomato,Maturity,5.2,34.4,0,0.0,0.0,Medium
67.07,36.58,89.76,4.33,19.2,3.5,Peaty,Rice,Vegetative,28.7,59.0,1,5.0,3.0,Medium
66.66,21.44,78.63,0.34,10.6,16.1,Sandy,Tomato,Flowering,19.1,56.3,0,0.0,0.0,Low
33.59,27.25,91.05,10.6,44.9,38.8,Loamy,Wheat,Germination,20.5,5.4,0,0.0,0.0,Medium
15.85,27.08,31.56,4.94,50.0,4.4,Silty,Groundnut,Germination,13.4,8.4,1,10.3,7.3,High
62.44,27.89,47.78,1.68,10.7,15.9,Sandy,Cotton,Vegetative,28.1,17.4,0,0.0,0.0,Low
90.74,20.49,92.11,0.02,69.2,20.3,Silty,Cotton,Maturity,11.4,37.3,0,0.0,0.0,Low
14.2,42.02,71.67,0.41,37.2,17.5,Loamy,Cotton,Vegetative,16.6,18.7,1,22.6,11.3,High
73.65,32.0,66.41,1.69,71.7,8.2,Sandy,Tomato,Fruiting,21.4,56.0,0,0.0,0.0,Low
80.79,35.66,77.42,1.25,56.4,10.8,Loamy,Sugarcane,Vegetative,18.0,17.5,0,0.0,0.0,Medium
51.46,30.27,24.95,1.76,60.4,37.3,Silty,Groundnut,Flowering,6.3,28.0,0,0.0,0.0,Low
85.37,31.53,66.66,0.59,73.6,15.7,Clay,Maize,Vegetative,5.3,47.3,0,0.0,0.0,Low
57.08,29.64,69.15,0.75,8.2,14.1,Peaty,Groundnut,Flowering,13.4,12.1,0,0.0,0.0,Low
28.37,15.56,56.81,5.94,52.4,35.0,Clay,Tomato,Maturity,21.0,47.5,1,20.6,10.1,High
37.15,25.82,48.78,1.19,9.2,1.3,Clay,Cotton,Maturity,28.3,66.0,1,6.4,5.0,Medium
49.02,34.12,51.02,9.43,85.5,2.9,Peaty,Wheat,Vegetative,12.5,0.6,0,0.0,0.0,Medium
77.23,33.18,83.99,1.0,76.4,34.1,Peaty,Tomato,Fruiting,12.4,68.3,0,0.0,0.0,Medium
14.91,28.13,94.69,7.51,40.7,6.4,Peaty,Cotton,Germination,15.9,55.0,1,13.9,7.8,High
42.78,32.24,77.6,6.19,22.0,31.2,Silty,Tomato,Maturity,18.9,61.2,1,8.8,3.8,Medium
68.94,17.24,37.0,2.23,73.8,31.8,Silty,Groundnut,Fruiting,19.4,65.0,0,0.0,0.0,Low
35.86,38.07,19.42,1.85,1.1,11.2,Silty,Cotton,Maturity,26.8,47.1,1,5.2,3.0,Medium
53.93,24.48,21.42,1.14,54.1,26.2,Silty,Groundnut,Flowering,25.0,8.0,0,0.0,0.0,Low
71.33,37.84,48.19,2.68,80.5,6.9,Loamy,Maize,Maturity,22.2,38.3,0,0.0,0.0,Medium
85.73,24.92,38.2,4.79,74.9,3.2,Peaty,Sugarcane,Maturity,15.6,9.5,0,0.0,0.0,Low
37.59,15.23,59.86,10.61,7.9,11.5,Peaty,Groundnut,Flowering,24.9,19.4,0,0.0,0.0,Medium
84.86,44.49,47.23,0.14,11.6,14.3,Sandy,Sugarcane,Fruiting,29.4,59.2,0,0.0,0.0,Medium
75.81,29.91,43.77,0.06,79.5,21.2,Sandy,Tomato,Germination,28.7,35.0,0,0.0,0.0,Low
53.29,38.79,56.27,0.53,4.4,9.3,Loamy,Sugarcane,Maturity,3.9,16.2,1,5.6,3.4,High
74.55,41.44,26.8,13.53,64.5,2.1,Peaty,Sugarcane,Fruiting,26.6,42.9,0,0.0,0.0,Medium
62.85,22.32,42.28,1.89,76.3,39.9,Sandy,Tomato,Germination,22.6,44.4,0,0.0,0.0,Low
53.75,36.66,66.96,0.97,22.7,10.0,Silty,Cotton,Germination,9.6,20.0,0,0.0,0.0,Medium
73.24,20.47,55.3,0.42,87.6,31.4,Peaty,Wheat,Flowering,21.6,3.6,0,0.0,0.0,Low
44.63,17.34,68.36,4.88,54.6,14.3,Sandy,Sugarcane,Flowering,8.0,37.6,1,13.7,7.5,High
72.47,23.49,60.98,2.18,34.9,26.1,Silty,Wheat,Maturity,14.7,56.6,0,0.0,0.0,Low
62.22,21.87,47.79,0.26,72.6,33.8,Silty,Groundnut,Vegetative,10.7,47.4,0,0.0,0.0,Low
51.01,21.82,76.44,0.37,9.2,19.7,Clay,Sugarcane,Flowering,16.9,48.8,1,11.4,7.6,Medium
67.85,30.88,92.74,4.01,70.6,21.3,Sandy,Groundnut,Germination,29.8,1.5,0,0.0,0.0,Low
54.68,35.25,74.7,4.07,89.9,30.7,Sandy,Tomato,Flowering,7.8,71.2,0,0.0,0.0,Medium
67.73,34.92,68.28,5.76,2.9,30.8,Silty,Wheat,Fruiting,0.5,40.2,0,0.0,0.0,Medium
71.54,41.04,29.07,0.71,97.0,35.5,Peaty,Sugarcane,Flowering,18.6,26.1,0,0.0,0.0,Medium
46.1,42.05,60.98,3.56,44.3,16.2,Clay,Tomato,Flowering,12.4,48.6,1,8.2,4.4,High
78.51,40.13,25.13,0.98,50.8,12.7,Loamy,Sugarcane,Germination,3.4,57.4,1,5.0,3.0,Medium
76.42,26.19,70.93,2.17,14.5,20.0,Loamy,Sugarcane,Germination,8.9,46.7,0,0.0,0.0,Low
88.76,16.83,35.93,1.51,88.7,34.0,Loamy,Rice,Vegetative,29.7,17.5,0,0.0,0.0,Low
93.59,29.46,56.56,2.81,74.2,8.1,Clay,Groundnut,Vegetative,2.8,1.7,0,0.0,0.0,Low
69.97,29.11,72.77,0.03,38.1,22.7,Peaty,Wheat,Fruiting,29.8,40.1,0,0.0,0.0,Low
79.27,27.9,66.5,1.12,83.6,1.6,Clay,Cotton,Fruiting,24.9,46.5,0,0.0,0.0,Low
92.15,17.96,89.57,1.75,75.8,5.0,Loamy,Tomato,Fruiting,1.0,3.0,0,0.0,0.0,Low
77.46,33.31,47.31,2.8,39.5,34.7,Loamy,Maize,Vegetative,17.8,60.6,0,0.0,0.0,Medium
71.89,32.96,69.48,4.26,90.4,30.6,Sandy,Sugarcane,Fruiting,7.1,65.9,0,0.0,0.0,Low
48.36,40.61,31.8,1.29,34.6,22.4,Peaty,Maize,Fruiting,13.8,39.9,1,5.5,3.0,High
73.67,15.7,28.05,7.79,94.5,19.6,Peaty,Cotton,Flowering,27.1,61.4,0,0.0,0.0,Low
60.33,29.76,37.95,0.11,61.7,3.0,Loamy,Maize,Germination,2.5,70.2,0,0.0,0.0,Low
59.6,38.33,74.52,0.91,85.2,4.2,Loamy,Maize,Flowering,25.5,17.6,0,0.0,0.0,Medium
60.09,41.41,77.66,1.91,16.0,32.3,Clay,Rice,Flowering,19.9,22.8,1,15.8,7.1,High
85.45,18.14,84.49,0.34,89.1,14.6,Loamy,Rice,Maturity,25.4,0.7,0,0.0,0.0,Low
56.49,40.77,24.86,0.25,59.8,19.9,Clay,Rice,Germination,29.3,53.7,1,7.5,5.1,High
57.93,33.13,87.72,3.04,0.8,27.8,Sandy,Wheat,Germination,16.2,58.8,1,5.0,3.0,Medium
75.82,26.8,67.24,1.52,4.1,29.2,Loamy,Rice,Germination,12.7,21.8,0,0.0,0.0,Low
35.94,28.44,36.06,1.77,53.8,18.5,Sandy,Maize,Flowering,5.6,68.2,1,12.1,8.3,Medium
21.3,16.52,43.72,2.14,18.8,6.2,Silty,Tomato,Vegetative,27.3,4.0,1,24.9,14.4,High
82.08,22.82,89.31,6.06,40.7,0.2,Sandy,Sugarcane,Germination,8.6,54.4,0,0.0,0.0,Low
64.45,18.71,34.79,0.0,86.9,30.6,Loamy,Tomato,Flowering,0.1,35.4,0,0.0,0.0,Low
44.38,30.26,39.0,2.88,52.0,31.1,Silty,Groundnut,Vegetative,12.9,8.6,0,0.0,0.0,Low
35.8,17.0,63.49,0.44,55.6,31.0,Loamy,Sugarcane,Vegetative,12.9,53.7,1,18.5,11.3,High
81.01,38.27,43.09,1.83,88.9,5.9,Silty,Groundnut,Germination,9.5,8.6,0,0.0,0.0,Medium
55.39,21.53,36.31,1.91,89.3,7.7,Peaty,Groundnut,Vegetative,25.6,24.4,0,0.0,0.0,Low
47.88,30.5,27.64,1.78,29.9,16.8,Clay,Wheat,Flowering,13.8,1.7,0,0.0,0.0,Low
73.36,34.56,91.81,2.94,69.5,15.9,Peaty,Wheat,Germination,16.3,54.7,0,0.0,0.0,Medium
68.81,29.15,37.71,1.23,5.5,38.2,Loamy,Rice,Germination,22.0,37.0,1,5.0,3.2,Medium
69.05,35.52,42.66,0.41,91.8,38.3,Clay,Sugarcane,Germination,6.9,42.6,0,0.0,0.0,Medium
70.15,24.84,33.83,4.76,13.0,27.2,Sandy,Rice,Maturity,0.0,17.3,0,0.0,0.0,Low
75.18,19.57,41.75,3.04,58.8,29.5,Loamy,Rice,Fruiting,9.9,35.9,0,0.0,0.0,Low
71.49,18.88,80.35,2.63,74.0,25.8,Silty,Tomato,Vegetative,8.8,48.4,0,0.0,0.0,Low
80.03,22.08,57.25,0.04,62.5,26.3,Silty,Cotton,Flowering,16.7,32.6,0,0.0,0.0,Low
61.77,40.08,27.3,1.33,31.9,33.6,Sandy,Wheat,Fruiting,12.0,47.8,0,0.0,0.0,Medium
83.49,44.57,75.88,0.39,79.6,6.5,Peaty,Rice,Maturity,18.4,64.2,0,0.0,0.0,Medium
38.07,44.54,68.67,0.03,57.9,31.2,Silty,Sugarcane,Germination,17.3,27.0,1,15.0,7.5,High
61.55,27.35,26.36,0.45,88.2,19.6,Silty,Tomato,Maturity,26.8,60.9,0,0.0,0.0,Low
30.62,33.26,59.8,1.51,10.8,38.8,Loamy,Maize,Flowering,19.0,6.0,1,19.7,11.2,Medium
29.34,38.14,20.97,2.24,26.7,39.7,Silty,Maize,Vegetative,13.1,69.8,1,21.4,12.3,High
69.98,32.28,69.93,2.91,54.1,7.0,Clay,Maize,Vegetative,9.8,71.0,0,0.0,0.0,Low
24.08,16.01,81.85,0.44,1.5,23.8,Loamy,Cotton,Germination,21.3,33.8,1,11.3,7.7,Medium
10.75,28.43,27.62,0.96,58.5,6.1,Peaty,Groundnut,Vegetative,16.6,33.6,1,19.8,11.6,High
86.08,34.99,39.65,1.52,12.0,10.1,Sandy,Rice,Vegetative,13.2,46.1,0,0.0,0.0,Medium
54.02,36.15,33.96,4.51,94.4,35.9,Sandy,Groundnut,Fruiting,9.7,36.0,0,0.0,0.0,Medium
70.47,16.62,35.27,1.76,67.7,31.1,Peaty,Rice,Maturity,4.6,52.5,0,0.0,0.0,Low
46.29,39.3,88.89,2.48,24.3,9.1,Silty,Wheat,Vegetative,27.7,45.5,1,5.0,3.1,Medium
74.9,37.05,26.8,6.05,34.9,11.9,Clay,Rice,Maturity,17.1,38.8,1,5.0,3.0,Medium
81.7,15.83,49.78,3.08,70.2,19.7,Loamy,Sugarcane,Maturity,20.2,32.3,0,0.0,0.0,Low
88.35,34.44,33.26,4.32,19.0,9.1,Peaty,Sugarcane,Flowering,3.2,35.9,0,0.0,0.0,Medium
65.34,29.51,90.49,1.09,2.0,27.7,Peaty,Tomato,Maturity,21.1,50.5,1,5.0,3.0,Low
73.26,31.44,41.87,0.64,5.0,35.0,Peaty,Rice,Maturity,3.2,55.2,1,5.0,4.0,Low
31.53,34.13,91.09,1.51,49.4,27.9,Silty,Groundnut,Flowering,26.1,60.9,1,8.9,5.8,Medium
46.42,35.19,39.19,10.55,54.9,36.3,Silty,Sugarcane,Germination,29.5,58.8,0,0.0,0.0,Medium
56.34,32.5,50.68,0.2,72.6,20.1,Loamy,Groundnut,Flowering,2.5,39.4,0,0.0,0.0,Low
71.75,31.18,74.45,6.97,96.3,28.7,Peaty,Cotton,Germination,6.7,29.0,0,0.0,0.0,Low
32.79,21.25,27.49,1.27,54.2,6.4,Peaty,Tomato,Germination,11.7,35.2,1,11.9,7.5,Medium
89.23,39.17,81.89,0.5,95.3,37.2,Clay,Tomato,Maturity,12.7,60.6,0,0.0,0.0,Medium
67.63,40.99,84.84,5.89,55.4,24.7,Loamy,Groundnut,Fruiting,3.9,58.1,0,0.0,0.0,Medium
15.36,40.27,45.98,0.15,51.0,19.0,Silty,Groundnut,Germination,23.8,20.4,1,12.2,7.6,High
42.82,38.77,78.75,0.5,1.8,23.4,Sandy,Sugarcane,Vegetative,23.4,30.0,1,7.1,3.7,High
45.24,26.18,92.06,1.55,11.7,10.0,Clay,Maize,Flowering,18.1,44.5,1,13.6,9.4,Medium
75.1,32.88,34.47,4.95,30.0,23.1,Sandy,Rice,Flowering,21.9,4.7,0,0.0,0.0,Low
64.92,37.0,69.29,0.52,19.6,13.2,Loamy,Maize,Maturity,1.2,29.3,0,0.0,0.0,Medium
73.21,14.94,88.03,1.7,66.4,34.0,Silty,Cotton,Maturity,2.9,10.1,0,0.0,0.0,Low
32.18,29.32,75.69,2.17,36.0,14.0,Sandy,Maize,Fruiting,26.6,29.8,1,12.8,9.2,Medium
72.89,37.53,45.84,1.18,66.3,37.3,Loamy,Maize,Germination,10.6,64.4,0,0.0,0.0,Medium
61.42,25.5,25.35,2.84,32.3,13.5,Sandy,Sugarcane,Vegetative,21.5,19.9,1,5.0,3.0,Medium
70.78,34.07,23.97,0.41,49.8,38.7,Sandy,Tomato,Maturity,26.7,9.9,0,0.0,0.0,Medium
55.2,25.79,33.22,0.36,85.9,14.5,Sandy,Wheat,Maturity,14.6,2.7,0,0.0,0.0,Low
17.11,42.74,80.06,0.4,54.5,37.2,Clay,Wheat,Maturity,1.3,51.6,1,22.3,12.8,High
19.5,40.96,64.46,0.94,2.8,0.1,Loamy,Wheat,Flowering,10.8,13.6,1,26.8,15.0,High
87.38,20.08,55.07,1.25,74.5,9.5,Silty,Sugarcane,Germination,8.6,42.7,0,0.0,0.0,Low
58.1,22.64,63.7,0.24,51.8,3.5,Loamy,Rice,Fruiting,20.6,29.7,1,11.8,5.6,Medium
48.47,21.62,72.28,2.87,21.0,9.6,Clay,Groundnut,Vegetative,24.2,54.9,0,0.0,0.0,Low
61.02,36.56,60.73,3.86,64.8,36.2,Clay,Maize,Fruiting,5.1,24.6,0,0.0,0.0,Medium
88.8,19.68,83.41,3.79,82.1,6.3,Loamy,Wheat,Fruiting,20.3,46.9,0,0.0,0.0,Low
58.49,19.84,25.96,0.12,3.2,33.7,Peaty,Wheat,Germination,6.1,66.0,0,0.0,0.0,Low
90.92,34.94,47.21,1.33,50.3,1.3,Sandy,Rice,Vegetative,6.7,50.2,0,0.0,0.0,Medium
29.8,17.68,79.84,2.0,15.8,28.7,Peaty,Groundnut,Maturity,3.4,33.2,1,6.5,3.0,Medium
77.19,40.83,81.05,5.82,17.5,26.0,Peaty,Maize,Vegetative,23.5,0.2,0,0.0,0.0,Medium
61.68,18.65,74.88,0.01,46.5,40.0,Peaty,Cotton,Fruiting,17.6,50.0,0,0.0,0.0,Low
71.28,39.11,23.95,2.31,34.9,1.2,Peaty,Sugarcane,Maturity,28.3,0.8,0,0.0,0.0,Medium
74.98,21.76,31.38,0.38,96.6,36.3,Silty,Tomato,Flowering,16.5,60.4,0,0.0,0.0,Low
11.71,21.15,76.5,1.93,48.0,25.8,Peaty,Groundnut,Vegetative,2.4,23.5,1,20.4,10.6,High
24.08,18.79,38.05,1.73,51.8,4.2,Loamy,Maize,Germination,1.0,18.5,1,14.5,9.4,High
89.96,31.83,42.23,0.35,66.8,11.2,Silty,Sugarcane,Maturity,18.2,61.8,0,0.0,0.0,Low
12.49,22.98,64.38,2.56,31.5,20.0,Sandy,Groundnut,Maturity,12.8,19.5,1,8.8,6.2,High
66.7,22.77,74.06,0.64,72.2,11.7,Sandy,Maize,Maturity,24.3,58.6,0,0.0,0.0,Low
71.8,24.02,43.83,3.58,27.1,11.4,Loamy,Rice,Vegetative,5.8,26.3,0,0.0,0.0,Low
72.49,21.99,33.65,9.3,46.8,26.0,Loamy,Tomato,Maturity,9.7,56.8,0,0.0,0.0,Low
46.82,16.87,20.48,0.28,95.7,31.8,Sandy,Groundnut,Vegetative,18.4,44.1,0,0.0,0.0,Low
66.71,15.08,86.93,1.22,69.9,31.5,Sandy,Maize,Vegetative,10.7,36.7,0,0.0,0.0,Low
37.05,33.98,52.31,5.91,32.9,7.5,Peaty,Sugarcane,Germination,29.5,25.9,1,11.8,5.6,High
24.96,30.6,43.86,2.53,8.2,15.0,Peaty,Cotton,Maturity,13.1,28.7,1,10.7,7.8,Medium
81.47,20.06,28.24,0.8,17.3,12.7,Silty,Rice,Fruiting,1.3,5.3,0,0.0,0.0,Low
77.77,17.67,94.25,0.82,86.9,15.2,Loamy,Wheat,Flowering,13.6,25.5,0,0.0,0.0,Low
58.1,28.82,80.92,2.21,51.6,11.1,Sandy,Cotton,Fruiting,22.2,16.9,0,0.0,0.0,Low
20.48,25.62,79.99,2.03,45.8,6.3,Loamy,Groundnut,Flowering,1.3,1.0,1,14.5,6.1,Medium
75.3,37.38,89.2,0.7,90.7,25.3,Sandy,Rice,Germination,22.1,6.5,0,0.0,0.0,Medium
91.64,33.6,80.73,0.1,74.0,23.3,Sandy,Tomato,Maturity,28.1,17.4,0,0.0,0.0,Medium
28.32,27.56,31.36,3.73,22.1,30.0,Loamy,Groundnut,Flowering,27.8,32.1,1,11.7,8.1,Medium
14.47,27.45,42.05,0.67,6.7,13.5,Peaty,Groundnut,Germination,16.2,1.4,1,10.9,5.5,High
41.83,19.88,88.89,0.22,76.5,25.0,Peaty,Groundnut,Maturity,0.0,36.1,0,0.0,0.0,Low
92.3,17.81,67.05,6.11,76.6,4.7,Peaty,Wheat,Maturity,2.1,40.1,0,0.0,0.0,Low
49.62,17.17,44.02,1.3,60.0,39.0,Loamy,Rice,Flowering,9.9,42.3,1,21.1,11.8,High
40.1,39.18,37.19,11.63,13.9,12.6,Sandy,Groundnut,Fruiting,24.3,27.1,0,0.0,0.0,High
15.56,15.18,40.8,4.06,36.6,8.4,Peaty,Cotton,Fruiting,8.4,34.7,1,23.2,13.3,High
91.59,27.75,77.12,2.63,66.5,34.5,Sandy,Sugarcane,Vegetative,6.1,44.9,0,0.0,0.0,Low
65.54,40.6,37.42,0.01,89.0,5.4,Loamy,Cotton,Flowering,11.0,11.8,0,0.0,0.0,Medium
68.98,22.06,29.67,5.98,72.5,13.7,Sandy,Tomato,Flowering,25.3,66.8,0,0.0,0.0,Low
87.92,36.61,50.69,0.02,29.0,13.8,Clay,Sugarcane,Vegetative,19.8,39.1,0,0.0,0.0,Medium
27.08,19.87,65.03,3.97,35.7,6.5,Loamy,Groundnut,Fruiting,28.0,25.7,1,8.8,5.1,Medium
93.42,19.04,37.29,3.63,73.8,38.4,Peaty,Rice,Maturity,19.9,26.1,0,0.0,0.0,Low
64.46,17.92,84.54,0.34,61.1,26.7,Loamy,Wheat,Vegetative,27.3,3.7,0,0.0,0.0,Low
36.65,42.81,48.3,1.41,55.3,13.9,Sandy,Groundnut,Flowering,15.0,35.4,1,6.0,3.1,High
69.12,36.7,72.89,6.19,2.6,24.5,Silty,Tomato,Germination,1.0,54.4,1,5.0,3.0,Medium
46.54,25.48,78.47,2.89,52.7,0.1,Silty,Maize,Flowering,4.7,32.7,0,0.0,0.0,Medium
39.99,30.48,27.05,1.31,4.8,26.8,Clay,Maize,Maturity,22.2,30.9,1,10.8,6.4,Medium
48.96,33.6,33.51,0.43,63.3,25.0,Sandy,Groundnut,Maturity,10.6,4.8,0,0.0,0.0,Medium
63.57,26.68,73.3,7.05,48.6,38.5,Silty,Sugarcane,Fruiting,3.7,37.3,0,0.0,0.0,Medium
78.45,31.79,42.31,0.67,27.9,17.6,Clay,Sugarcane,Germination,24.9,11.8,0,0.0,0.0,Low
52.15,18.25,73.27,0.1,4.7,38.3,Silty,Groundnut,Vegetative,9.7,48.2,0,0.0,0.0,Low
65.44,29.58,84.97,4.88,49.6,31.4,Clay,Maize,Vegetative,17.4,15.9,0,0.0,0.0,Low
71.53,23.16,67.4,2.07,62.4,17.4,Silty,Wheat,Fruiting,29.7,23.7,0,0.0,0.0,Low
85.0,23.06,26.41,0.22,61.1,38.1,Peaty,Sugarcane,Flowering,21.9,23.7,0,0.0,0.0,Low
25.89,40.9,21.5,2.69,10.6,0.3,Sandy,Cotton,Fruiting,16.6,5.4,1,12.1,8.8,High
31.94,27.37,44.83,3.9,29.7,15.2,Peaty,Groundnut,Germination,26.1,12.3,1,5.0,3.0,Medium
37.66,41.98,27.04,0.19,11.4,31.1,Silty,Sugarcane,Vegetative,10.0,30.6,1,21.9,13.0,High
77.29,29.25,57.35,16.66,65.4,28.1,Clay,Rice,Fruiting,14.1,13.3,0,0.0,0.0,Low
74.85,32.27,68.19,2.64,95.6,20.4,Clay,Cotton,Maturity,14.1,43.2,0,0.0,0.0,Low
55.73,39.41,37.24,2.08,92.5,6.5,Clay,Maize,Maturity,8.0,66.4,0,0.0,0.0,Medium
55.39,36.05,46.71,12.92,21.6,7.3,Silty,Tomato,Fruiting,8.4,24.5,0,0.0,0.0,Medium
67.53,28.74,40.27,1.05,80.3,21.6,Silty,Cotton,Vegetative,27.8,67.0,0,0.0,0.0,Low
85.33,37.12,36.96,1.18,67.1,0.0,Sandy,Tomato,Germination,27.0,3.7,0,0.0,0.0,Medium
56.28,17.77,45.34,15.73,63.4,1.1,Loamy,Wheat,Flowering,4.5,0.1,0,0.0,0.0,Low
82.5,29.5,75.77,0.55,26.2,6.2,Sandy,Rice,Flowering,2.9,35.2,0,0.0,0.0,Low
68.58,38.66,66.57,3.3,76.6,22.4,Loamy,Groundnut,Vegetative,19.9,64.8,0,0.0,0.0,Medium
36.85,21.71,48.97,1.7,40.9,0.2,Silty,Tomato,Flowering,15.0,54.8,1,18.4,9.1,Medium
58.78,38.75,59.43,0.58,26.2,30.7,Clay,Tomato,Maturity,28.4,33.5,1,5.0,3.0,Medium
25.07,27.84,41.07,0.41,52.6,13.0,Clay,Cotton,Germination,5.1,28.0,1,11.3,8.0,Medium
79.28,26.46,20.14,3.06,86.8,39.1,Sandy,Rice,Vegetative,24.7,61.1,0,0.0,0.0,Low
66.28,18.71,27.58,3.16,1.3,26.4,Sandy,Tomato,Maturity,9.1,53.7,0,0.0,0.0,Low
57.7,34.8,47.85,3.61,46.0,4.4,Peaty,Groundnut,Germination,26.1,29.3,0,0.0,0.0,Medium
27.6,40.57,68.96,20.28,24.3,36.8,Clay,Groundnut,Fruiting,17.9,31.3,0,0.0,0.0,High
35.62,31.16,61.39,0.27,40.7,20.8,Loamy,Groundnut,Flowering,21.0,55.5,1,6.0,3.0,Medium
28.72,27.94,74.34,1.68,0.1,16.0,Clay,Maize,Germination,12.0,23.1,1,17.6,10.2,High
80.4,28.92,46.38,0.98,18.6,34.9,Clay,Sugarcane,Flowering,12.5,51.9,0,0.0,0.0,Low
49.64,32.34,82.94,2.5,13.0,12.2,Sandy,Cotton,Maturity,19.4,37.4,1,5.0,3.0,Medium
64.86,39.96,88.39,2.18,41.5,33.2,Clay,Tomato,Maturity,26.0,47.2,0,0.0,0.0,Medium
36.79,15.16,61.48,0.68,57.3,25.9,Peaty,Sugarcane,Fruiting,2.0,6.1,1,25.2,16.2,High
83.21,21.48,42.18,5.67,91.6,4.9,Loamy,Maize,Germination,0.3,17.7,0,0.0,0.0,Low
88.13,28.23,64.53,6.86,65.3,37.5,Silty,Cotton,Flowering,3.9,0.8,0,0.0,0.0,Low
58.49,34.84,94.32,7.44,86.9,1.5,Loamy,Wheat,Maturity,11.2,50.4,0,0.0,0.0,Medium
46.48,39.75,20.07,0.89,38.7,7.8,Clay,Cotton,Vegetative,16.7,29.3,0,0.0,0.0,Medium
71.47,17.17,41.68,3.11,38.5,37.9,Clay,Sugarcane,Germination,25.9,8.2,0,0.0,0.0,Low
74.45,38.1,58.24,4.72,75.5,23.5,Silty,Maize,Fruiting,27.9,41.0,0,0.0,0.0,Medium
65.39,18.18,74.71,0.9,42.0,16.7,Peaty,Cotton,Fruiting,0.3,26.4,0,0.0,0.0,Low
85.06,30.4,31.06,3.34,62.8,24.9,Sandy,Tomato,Maturity,5.4,50.2,0,0.0,0.0,Low
76.67,28.53,37.65,2.31,30.0,28.9,Clay,Tomato,Vegetative,21.3,25.6,0,0.0,0.0,Low
85.53,37.29,69.02,1.81,72.9,25.4,Silty,Rice,Vegetative,6.1,22.5,0,0.0,0.0,Medium
67.33,27.35,91.64,1.89,30.2,38.0,Loamy,Rice,Fruiting,8.6,56.4,1,5.5,3.0,Medium
53.15,25.95,27.52,3.93,79.5,9.9,Loamy,Wheat,Vegetative,15.8,15.0,0,0.0,0.0,Low
51.86,35.2,36.59,2.24,61.4,8.0,Sandy,Wheat,Fruiting,15.9,50.0,0,0.0,0.0,Medium
24.11,21.2,28.9,1.84,35.0,14.3,Sandy,Wheat,Germination,19.8,43.8,1,6.5,4.1,High
36.65,20.0,91.88,1.3,30.3,20.4,Peaty,Tomato,Maturity,8.2,69.6,1,10.2,4.6,Medium
10.88,34.46,24.25,0.32,29.1,23.0,Sandy,Cotton,Fruiting,14.5,45.1,1,17.7,9.9,High
73.38,29.93,79.01,1.2,95.8,30.1,Silty,Maize,Maturity,27.1,51.7,0,0.0,0.0,Low
75.86,16.47,73.66,10.13,53.2,13.2,Silty,Maize,Vegetative,10.9,65.8,0,0.0,0.0,Low
64.9,17.62,74.83,0.48,93.8,22.4,Clay,Cotton,Flowering,20.5,14.3,0,0.0,0.0,Low
45.92,34.72,48.21,2.9,36.0,22.7,Sandy,Maize,Fruiting,4.5,56.2,1,7.0,3.0,Medium
85.72,19.09,42.32,1.58,83.2,34.8,Sandy,Maize,Maturity,14.2,11.7,0,0.0,0.0,Low
57.47,37.82,37.74,2.86,24.0,7.2,Peaty,Tomato,Maturity,8.1,51.4,1,5.0,4.9,Medium
61.83,17.81,91.96,0.33,99.3,5.0,Silty,Maize,Maturity,9.3,36.9,0,0.0,0.0,Low
83.84,28.32,84.15,0.02,99.7,2.7,Clay,Rice,Vegetative,20.9,39.6,0,0.0,0.0,Low
93.23,36.48,35.38,3.88,69.6,30.1,Loamy,Rice,Vegetative,21.4,25.3,0,0.0,0.0,Medium
66.16,33.32,36.68,10.53,73.7,28.2,Sandy,Tomato,Germination,9.4,48.1,0,0.0,0.0,Low
56.3,29.26,92.08,4.22,30.0,37.8,Sandy,Cotton,Flowering,10.9,43.5,0,0.0,0.0,Low
45.29,16.74,49.69,2.86,77.9,36.8,Peaty,Wheat,Maturity,18.8,0.5,0,0.0,0.0,Low
72.13,27.21,87.53,8.36,67.3,20.0,Silty,Rice,Fruiting,9.0,20.5,0,0.0,0.0,Low
26.1,31.82,48.65,2.21,44.1,19.9,Silty,Tomato,Vegetative,0.4,24.5,1,22.4,12.6,High
56.81,28.63,32.92,1.97,37.6,35.6,Loamy,Cotton,Flowering,21.0,23.6,0,0.0,0.0,Low
60.38,39.83,42.18,9.56,30.0,17.7,Loamy,Wheat,Vegetative,9.3,23.4,0,0.0,0.0,Medium
68.68,32.84,26.92,4.11,6.4,30.3,Sandy,Wheat,Vegetative,9.0,56.0,0,0.0,0.0,Low
40.63,39.93,69.93,1.29,51.0,22.3,Clay,Sugarcane,Maturity,29.2,6.6,1,19.8,11.8,High
77.49,40.79,94.18,1.62,37.7,23.8,Peaty,Rice,Fruiting,26.1,26.8,0,0.0,0.0,Medium
82.32,43.4,33.1,2.21,69.7,9.2,Sandy,Groundnut,Germination,26.0,58.6,0,0.0,0.0,Medium
72.26,35.6,20.41,0.35,96.2,37.1,Silty,Maize,Germination,17.7,11.2,0,0.0,0.0,Medium
33.5,44.81,72.18,0.82,6.0,10.3,Silty,Tomato,Germination,2.8,32.0,1,12.6,8.0,High
51.15,15.62,57.0,0.77,30.7,27.4,Silty,Maize,Flowering,26.7,67.4,1,6.0,4.0,Medium
23.59,16.86,22.41,0.73,28.6,16.2,Loamy,Tomato,Flowering,21.8,51.2,1,30.3,19.0,High
68.58,16.95,49.73,3.17,37.1,17.9,Silty,Maize,Fruiting,1.1,24.1,0,0.0,0.0,Low
84.88,29.39,39.47,0.14,29.9,1.1,Silty,Rice,Flowering,6.1,65.6,0,0.0,0.0,Low
66.29,37.61,58.23,8.99,81.8,5.1,Sandy,Cotton,Flowering,16.2,38.1,0,0.0,0.0,Medium
33.07,44.48,94.14,2.12,54.2,26.7,Silty,Groundnut,Germination,19.9,37.0,1,5.0,3.0,High
58.5,40.76,70.98,1.6,68.9,38.6,Clay,Tomato,Flowering,11.6,62.7,1,6.0,3.7,Medium
23.52,33.71,45.46,1.41,50.6,37.6,Sandy,Wheat,Germination,16.5,4.2,1,6.2,3.0,High
80.57,23.81,25.38,1.06,53.4,29.8,Peaty,Sugarcane,Maturity,10.1,67.6,0,0.0,0.0,Low
87.54,38.73,81.51,1.04,87.3,26.0,Sandy,Sugarcane,Vegetative,9.4,17.6,0,0.0,0.0,Medium
72.96,36.07,70.3,0.87,44.6,30.6,Peaty,Tomato,Flowering,15.0,71.0,0,0.0,0.0,Medium
48.74,35.19,46.64,8.23,18.7,12.1,Clay,Maize,Fruiting,14.3,28.8,0,0.0,0.0,Medium
63.58,22.44,64.82,2.67,90.8,12.5,Loamy,Tomato,Maturity,8.0,17.5,0,0.0,0.0,Low
67.72,34.78,61.48,0.89,91.8,17.5,Loamy,Wheat,Vegetative,29.0,62.5,0,0.0,0.0,Medium
72.7,21.04,94.95,0.57,92.2,0.0,Peaty,Tomato,Fruiting,0.9,65.7,0,0.0,0.0,Low
60.84,15.58,73.7,0.58,68.3,0.4,Loamy,Cotton,Flowering,15.5,24.0,0,0.0,0.0,Low
72.13,36.64,82.36,0.88,75.4,15.7,Peaty,Rice,Germination,0.1,53.6,0,0.0,0.0,Medium
80.62,27.09,35.17,2.65,38.6,7.9,Peaty,Sugarcane,Maturity,19.8,0.9,0,0.0,0.0,Low
78.75,19.99,22.99,1.76,24.7,15.9,Silty,Tomato,Fruiting,10.5,51.0,0,0.0,0.0,Low
77.9,37.21,45.35,4.63,65.3,20.2,Peaty,Sugarcane,Maturity,3.3,38.2,0,0.0,0.0,Medium
41.81,23.69,95.34,1.81,5.2,7.0,Silty,Groundnut,Germination,16.5,70.9,1,5.0,4.0,Low
64.64,31.0,73.87,0.73,77.8,23.5,Loamy,Maize,Vegetative,4.9,17.7,0,0.0,0.0,Low
41.04,40.64,83.13,2.05,19.5,29.5,Loamy,Wheat,Flowering,17.8,7.7,1,6.0,5.0,High
53.53,38.7,65.71,1.14,35.6,29.3,Silty,Maize,Maturity,20.1,11.4,1,5.0,3.0,High
66.97,23.06,86.0,3.25,87.0,15.8,Loamy,Sugarcane,Germination,17.3,24.4,0,0.0,0.0,Low
69.48,33.96,58.57,8.31,13.1,0.5,Silty,Rice,Fruiting,22.9,46.7,0,0.0,0.0,Medium
69.26,38.56,55.79,3.16,27.9,24.6,Peaty,Rice,Fruiting,1.2,62.3,1,5.5,3.0,High
63.52,43.95,40.63,10.2,10.5,31.8,Loamy,Rice,Flowering,5.8,56.7,0,0.0,0.0,High
13.59,38.04,33.06,3.14,14.8,34.8,Clay,Groundnut,Maturity,29.6,28.8,1,18.9,10.7,High
53.78,19.91,57.62,1.63,41.1,11.9,Clay,Tomato,Fruiting,26.5,11.6,0,0.0,0.0,Medium
87.12,24.32,46.55,1.56,35.0,33.6,Peaty,Sugarcane,Flowering,16.4,41.9,0,0.0,0.0,Low
74.7,17.53,25.78,2.64,75.8,27.6,Peaty,Cotton,Germination,6.3,62.0,0,0.0,0.0,Low
32.82,15.73,41.21,2.15,35.4,1.0,Sandy,Maize,Maturity,2.9,68.3,1,5.6,4.1,Medium
49.74,22.8,29.14,0.7,57.2,9.8,Sandy,Cotton,Fruiting,11.5,63.9,0,0.0,0.0,Low
78.68,17.06,25.64,3.63,76.8,17.3,Silty,Rice,Vegetative,8.3,16.9,0,0.0,0.0,Low
20.06,25.24,71.59,0.91,0.1,11.5,Sandy,Wheat,Flowering,6.6,24.0,1,15.6,9.8,High
71.24,21.79,84.67,5.18,19.2,4.3,Loamy,Tomato,Fruiting,5.3,62.7,0,0.0,0.0,Low
74.73,22.45,86.66,1.02,98.7,21.9,Sandy,Tomato,Flowering,29.3,16.3,0,0.0,0.0,Low
80.28,24.27,88.49,2.72,71.6,33.7,Silty,Sugarcane,Flowering,25.4,46.0,0,0.0,0.0,Low
53.98,40.16,58.09,2.01,55.4,5.1,Silty,Maize,Germination,16.5,54.3,1,5.0,3.4,High
23.14,23.62,74.14,8.01,30.5,39.2,Silty,Cotton,Germination,4.0,5.5,0,0.0,0.0,Medium
30.17,22.23,22.91,0.77,23.0,27.5,Silty,Wheat,Maturity,10.2,3.4,1,10.1,5.6,Medium
89.45,36.39,46.03,0.75,72.0,29.1,Silty,Maize,Vegetative,15.0,16.7,0,0.0,0.0,Medium
16.25,18.44,91.53,0.59,15.0,14.3,Clay,Groundnut,Maturity,4.7,60.9,1,18.2,10.8,High
44.56,41.28,84.93,11.89,52.8,36.9,Loamy,Wheat,Germination,1.3,10.5,0,0.0,0.0,High
60.67,16.05,38.87,0.29,96.1,6.8,Silty,Maize,Flowering,29.2,37.1,0,0.0,0.0,Low
40.94,26.64,92.95,1.56,39.6,20.1,Sandy,Rice,Flowering,12.5,59.7,1,17.4,10.5,High
82.97,44.54,68.43,3.87,99.4,23.7,Silty,Maize,Germination,8.9,38.6,0,0.0,0.0,Medium
60.66,41.21,77.63,0.5,72.0,33.4,Silty,Maize,Vegetative,13.7,62.1,0,0.0,0.0,Medium
56.77,33.44,25.28,2.89,49.4,19.4,Sandy,Rice,Maturity,0.2,30.4,1,5.0,3.0,Medium
39.73,26.52,74.83,1.82,46.5,0.6,Peaty,Maize,Vegetative,0.2,66.5,1,8.8,4.7,Medium
58.57,37.16,31.14,2.71,15.4,15.1,Loamy,Rice,Vegetative,18.4,5.7,1,7.0,4.4,Medium
92.69,18.68,45.92,0.3,88.6,35.0,Silty,Groundnut,Vegetative,6.1,3.3,0,0.0,0.0,Low
59.33,34.25,89.48,1.76,87.4,22.7,Clay,Maize,Maturity,23.9,35.5,0,0.0,0.0,Medium
70.12,43.99,22.29,3.84,31.4,0.9,Clay,Maize,Fruiting,4.9,15.4,0,0.0,0.0,Medium
36.38,29.53,22.4,0.06,0.7,29.5,Sandy,Sugarcane,Fruiting,8.2,46.4,1,16.8,9.5,High
83.72,32.44,72.21,3.6,8.7,11.4,Loamy,Sugarcane,Flowering,17.7,23.7,0,0.0,0.0,Low
76.52,36.28,86.41,3.81,62.8,16.8,Silty,Rice,Maturity,1.8,57.7,0,0.0,0.0,Medium
38.78,43.58,50.46,11.72,6.8,31.6,Clay,Cotton,Maturity,8.7,53.8,0,0.0,0.0,High
92.07,41.05,80.11,3.99,96.9,34.0,Clay,Groundnut,Germination,21.9,59.1,0,0.0,0.0,Medium
51.55,34.26,71.4,0.01,36.4,36.3,Silty,Groundnut,Germination,14.0,7.5,0,0.0,0.0,Medium
82.17,20.0,57.26,2.63,90.4,21.2,Clay,Tomato,Fruiting,5.4,51.4,0,0.0,0.0,Low
34.61,36.62,79.68,0.76,30.1,16.1,Peaty,Maize,Germination,23.3,41.2,1,8.9,5.3,Medium
64.82,44.39,84.36,7.33,76.9,28.4,Peaty,Maize,Flowering,17.6,50.1,0,0.0,0.0,Medium
83.14,24.55,27.59,1.25,61.2,5.9,Sandy,Sugarcane,Maturity,22.2,55.3,0,0.0,0.0,Low
33.24,42.37,44.3,4.91,37.7,30.5,Sandy,Maize,Germination,22.9,12.9,1,7.3,3.4,High
44.06,29.83,83.24,3.15,5.9,13.0,Silty,Groundnut,Fruiting,5.2,49.1,1,5.5,3.8,Low
70.58,19.67,60.63,0.15,83.8,35.0,Silty,Maize,Fruiting,29.1,23.3,0,0.0,0.0,Low
75.64,26.6,73.67,3.85,80.4,23.7,Silty,Rice,Germination,10.0,64.9,0,0.0,0.0,Low
11.58,41.03,53.41,13.48,17.8,14.0,Peaty,Cotton,Maturity,1.5,25.5,0,0.0,0.0,High
52.61,43.52,80.05,0.73,95.1,30.0,Clay,Wheat,Fruiting,17.4,69.6,0,0.0,0.0,Medium
76.45,33.59,81.07,6.84,95.6,29.2,Peaty,Tomato,Vegetative,29.1,69.0,0,0.0,0.0,Low
75.72,37.44,73.28,1.03,79.6,4.2,Clay,Tomato,Fruiting,22.1,63.6,0,0.0,0.0,Medium
75.11,43.99,59.85,0.12,91.6,4.9,Sandy,Groundnut,Maturity,12.0,71.4,0,0.0,0.0,Medium
35.98,38.56,26.44,1.97,42.7,32.2,Peaty,Groundnut,Maturity,20.8,34.4,1,5.0,3.5,High
68.98,20.86,33.68,0.88,16.6,7.8,Silty,Cotton,Maturity,17.8,54.9,0,0.0,0.0,Low
72.17,26.38,83.13,4.81,96.6,8.9,Silty,Cotton,Vegetative,0.5,69.5,0,0.0,0.0,Low
66.18,21.12,61.54,2.37,88.9,35.8,Silty,Groundnut,Vegetative,0.7,60.8,0,0.0,0.0,Low
39.38,22.31,24.61,5.77,58.9,10.4,Clay,Tomato,Vegetative,12.8,49.0,0,0.0,0.0,Medium
84.41,34.44,82.3,13.62,69.8,27.6,Clay,Sugarcane,Flowering,1.2,42.1,0,0.0,0.0,Medium
44.26,23.45,28.12,2.08,84.0,17.4,Peaty,Groundnut,Germination,7.9,64.1,0,0.0,0.0,Low
46.72,19.92,94.87,4.91,45.6,29.9,Clay,Wheat,Germination,17.0,41.8,0,0.0,0.0,Low
91.12,21.91,42.71,0.92,84.8,25.7,Sandy,Groundnut,Maturity,2.7,3.7,0,0.0,0.0,Low
60.24,37.85,47.27,1.59,71.6,12.2,Sandy,Cotton,Fruiting,18.7,9.7,0,0.0,0.0,Medium
72.67,24.01,89.69,0.88,51.4,27.8,Peaty,Rice,Flowering,15.4,56.8,0,0.0,0.0,Low
24.35,37.57,76.93,0.93,38.5,5.6,Sandy,Maize,Vegetative,24.2,26.8,1,13.3,7.0,High
57.97,27.03,40.52,2.16,59.6,16.7,Clay,Sugarcane,Vegetative,21.0,68.4,1,6.7,6.2,Medium
87.83,39.85,25.25,1.17,79.2,19.7,Clay,Rice,Vegetative,15.1,70.4,0,0.0,0.0,Medium
92.15,40.06,43.47,0.33,74.8,18.8,Peaty,Maize,Flowering,10.6,60.6,0,0.0,0.0,Medium
22.15,19.12,62.86,0.48,17.2,14.3,Peaty,Groundnut,Fruiting,15.1,47.8,1,16.4,10.2,Medium
86.29,44.77,29.13,2.31,17.0,17.6,Peaty,Sugarcane,Germination,23.8,56.3,0,0.0,0.0,Medium
57.5,19.64,89.88,3.04,94.1,23.3,Silty,Tomato,Fruiting,0.9,64.8,0,0.0,0.0,Low
60.3,29.49,31.42,1.31,66.3,24.1,Silty,Maize,Flowering,22.7,56.7,0,0.0,0.0,Low
69.01,29.62,45.45,0.82,65.0,23.7,Clay,Tomato,Maturity,27.5,54.8,0,0.0,0.0,Low
64.12,36.73,85.17,2.67,7.5,27.1,Sandy,Groundnut,Maturity,15.1,35.5,0,0.0,0.0,Medium
79.6,37.14,32.24,8.43,77.3,1.4,Sandy,Sugarcane,Maturity,19.6,4.4,0,0.0,0.0,Medium
90.22,34.03,86.13,3.79,63.2,8.6,Peaty,Sugarcane,Germination,16.9,8.0,0,0.0,0.0,Medium
76.98,35.28,71.33,3.69,89.1,15.9,Silty,Rice,Fruiting,16.3,4.5,0,0.0,0.0,Medium
79.5,21.23,83.86,2.38,92.4,36.6,Clay,Rice,Germination,19.6,62.7,0,0.0,0.0,Low
82.3,15.46,69.56,3.71,72.2,22.5,Clay,Maize,Vegetative,19.2,8.3,0,0.0,0.0,Low
70.87,25.07,34.45,2.07,81.6,27.4,Clay,Rice,Flowering,0.2,8.2,0,0.0,0.0,Low
69.43,42.58,61.36,4.61,34.3,37.9,Sandy,Wheat,Flowering,25.5,0.9,0,0.0,0.0,Medium
39.82,23.46,54.5,9.21,56.9,27.8,Silty,Sugarcane,Fruiting,26.3,38.8,0,0.0,0.0,High
47.99,27.79,68.26,0.84,49.0,18.4,Clay,Wheat,Vegetative,5.5,38.4,0,0.0,0.0,Low
45.18,39.07,63.49,3.23,67.1,23.6,Silty,Cotton,Fruiting,25.0,66.0,1,5.5,3.4,Medium
70.26,22.01,69.87,3.05,91.2,28.0,Sandy,Sugarcane,Vegetative,22.5,13.1,0,0.0,0.0,Low
74.98,43.97,36.29,8.27,86.8,30.8,Peaty,Rice,Flowering,6.5,18.7,0,0.0,0.0,Medium
70.91,31.98,63.89,3.39,84.6,0.2,Sandy,Maize,Vegetative,28.9,7.1,0,0.0,0.0,Low
64.58,43.75,69.53,5.42,98.1,21.6,Loamy,Tomato,Maturity,27.8,50.3,0,0.0,0.0,Medium
30.77,20.24,83.21,3.21,44.6,22.2,Loamy,Cotton,Maturity,12.9,44.6,0,0.0,0.0,Medium
81.16,29.71,76.79,2.44,63.5,6.5,Peaty,Rice,Vegetative,20.7,15.1,0,0.0,0.0,Low
51.85,15.49,48.11,0.21,31.7,24.3,Clay,Wheat,Flowering,2.9,48.8,0,0.0,0.0,Low
38.98,44.25,40.52,3.45,17.2,12.5,Silty,Sugarcane,Vegetative,26.4,22.4,1,21.7,12.1,High
48.12,23.01,67.65,2.88,8.0,36.4,Clay,Tomato,Germination,5.9,22.1,1,5.7,3.1,Medium
55.8,22.41,70.23,1.5,91.1,5.2,Clay,Groundnut,Vegetative,2.0,27.4,0,0.0,0.0,Low
61.41,28.79,65.29,2.69,41.2,28.2,Silty,Cotton,Vegetative,27.2,3.3,0,0.0,0.0,Low
64.34,20.73,31.7,7.17,93.8,30.7,Sandy,Maize,Maturity,5.2,53.9,0,0.0,0.0,Low
62.28,29.2,59.0,3.32,34.4,34.3,Clay,Rice,Vegetative,1.2,4.8,1,5.5,3.4,Medium
74.76,16.42,60.95,5.51,86.1,33.4,Loamy,Rice,Vegetative,12.8,44.2,0,0.0,0.0,Low
85.38,28.38,61.69,1.18,78.5,29.5,Clay,Maize,Vegetative,22.0,15.7,0,0.0,0.0,Low
59.85,40.56,73.51,0.34,93.7,26.9,Loamy,Maize,Vegetative,25.8,34.6,0,0.0,0.0,Medium
62.37,23.76,29.54,0.93,44.9,14.4,Loamy,Cotton,Maturity,28.3,27.2,0,0.0,0.0,Low
72.2,23.76,57.11,5.56,74.9,3.3,Silty,Wheat,Fruiting,26.2,41.6,0,0.0,0.0,Low
89.08,20.58,86.87,2.44,91.7,26.1,Peaty,Sugarcane,Flowering,5.0,50.9,0,0.0,0.0,Low
58.43,29.73,27.15,0.84,23.5,12.5,Peaty,Tomato,Fruiting,13.1,69.7,1,5.5,3.5,Low
63.49,43.96,72.93,2.23,5.8,19.5,Clay,Rice,Germination,9.2,67.9,1,5.0,3.0,High
92.09,42.39,69.66,2.35,71.8,26.5,Clay,Cotton,Maturity,27.4,28.6,0,0.0,0.0,Medium
83.54,42.64,88.06,8.95,83.0,3.2,Clay,Sugarcane,Maturity,2.5,51.4,0,0.0,0.0,Medium
61.17,36.19,80.99,0.13,29.7,13.0,Clay,Groundnut,Flowering,23.4,47.3,0,0.0,0.0,Medium
90.29,37.31,58.67,5.09,63.6,26.2,Sandy,Tomato,Germination,25.4,4.6,0,0.0,0.0,Medium
39.78,15.67,24.62,6.24,35.3,14.8,Silty,Tomato,Maturity,6.9,2.8,1,8.5,5.4,Medium
88.95,39.56,73.42,8.02,96.0,10.7,Peaty,Sugarcane,Vegetative,23.0,40.1,0,0.0,0.0,Medium
38.37,42.05,38.54,1.99,51.9,39.4,Peaty,Sugarcane,Fruiting,20.0,24.9,1,17.6,10.6,High
50.85,20.79,89.03,3.5,23.7,28.6,Sandy,Wheat,Germination,9.3,40.1,0,0.0,0.0,Low
85.27,23.14,52.27,0.41,74.9,33.9,Silty,Wheat,Vegetative,13.8,49.7,0,0.0,0.0,Low
69.81,34.51,52.07,6.12,66.3,3.6,Loamy,Wheat,Fruiting,24.8,52.8,0,0.0,0.0,Medium
78.8,41.91,31.86,5.77,78.9,22.6,Clay,Maize,Flowering,19.5,37.8,0,0.0,0.0,Medium
80.76,42.16,67.5,7.58,81.4,34.6,Clay,Sugarcane,Germination,24.8,33.2,0,0.0,0.0,Medium
85.58,28.98,74.76,1.29,62.5,0.9,Peaty,Groundnut,Maturity,29.9,68.7,0,0.0,0.0,Low
43.3,44.29,85.56,0.42,1.6,1.1,Peaty,Groundnut,Flowering,14.6,1.0,1,6.0,4.2,Medium
71.17,39.9,45.12,2.84,34.1,18.6,Sandy,Tomato,Fruiting,12.5,60.5,0,0.0,0.0,Medium
82.92,37.45,72.35,1.41,77.6,38.3,Clay,Maize,Germination,12.2,57.3,0,0.0,0.0,Medium
52.68,34.97,27.24,1.99,5.6,17.9,Clay,Cotton,Fruiting,12.6,0.1,0,0.0,0.0,Medium
73.25,15.9,87.99,0.4,67.0,31.8,Peaty,Maize,Fruiting,16.4,16.4,0,0.0,0.0,Low
66.48,27.39,23.69,1.21,31.3,0.2,Loamy,Rice,Fruiting,27.2,57.8,1,5.5,4.6,Medium
87.41,23.21,77.99,3.48,20.9,33.5,Sandy,Rice,Flowering,26.5,19.8,0,0.0,0.0,Low
89.16,44.55,75.65,14.62,77.1,5.2,Silty,Rice,Fruiting,21.8,12.0,0,0.0,0.0,Medium
22.69,36.77,80.75,4.66,56.7,36.8,Loamy,Wheat,Vegetative,7.4,22.1,1,15.6,9.9,High
24.72,25.14,84.82,0.11,49.4,7.1,Sandy,Wheat,Fruiting,16.0,22.2,1,6.1,3.3,Medium
61.61,35.83,64.31,0.24,31.3,39.1,Silty,Sugarcane,Fruiting,12.7,10.8,1,6.3,3.7,Medium
79.81,18.66,55.16,0.67,70.2,15.7,Peaty,Maize,Maturity,10.2,40.6,0,0.0,0.0,Low
35.0,41.97,36.87,0.36,38.1,7.3,Clay,Groundnut,Germination,6.2,62.5,1,5.0,3.0,High
92.63,39.43,54.32,2.78,89.4,35.6,Sandy,Rice,Fruiting,12.5,54.0,0,0.0,0.0,Medium
47.39,40.41,86.84,2.96,53.3,15.6,Peaty,Maize,Germination,10.4,30.7,1,5.0,3.0,High
30.93,26.33,34.91,0.37,23.5,25.8,Silty,Groundnut,Germination,26.0,6.3,1,5.0,3.0,Medium
51.93,40.0,49.65,2.92,32.5,24.6,Sandy,Maize,Fruiting,6.3,45.0,1,5.5,3.3,High
54.61,16.38,23.38,0.94,40.8,21.5,Peaty,Cotton,Flowering,25.2,49.9,0,0.0,0.0,Low
89.48,40.59,83.03,0.46,73.0,18.0,Silty,Tomato,Germination,8.2,6.3,0,0.0,0.0,Medium
93.75,15.59,30.0,7.55,36.4,35.2,Silty,Rice,Germination,11.9,55.9,0,0.0,0.0,Low
62.2,41.86,60.22,1.8,94.2,29.2,Loamy,Wheat,Fruiting,28.1,61.3,0,0.0,0.0,Medium
90.75,14.7,61.32,3.95,90.7,14.3,Sandy,Cotton,Flowering,24.8,37.8,0,0.0,0.0,Low
31.06,24.79,48.34,2.77,12.7,29.7,Loamy,Groundnut,Germination,20.8,67.2,1,5.0,3.4,Medium
88.78,24.05,57.52,0.43,74.1,4.4,Sandy,Sugarcane,Fruiting,24.8,1.4,0,0.0,0.0,Low
64.94,36.87,72.07,3.31,72.2,34.9,Sandy,Maize,Maturity,16.9,43.4,0,0.0,0.0,Medium
42.95,40.73,88.44,5.2,12.7,2.7,Clay,Rice,Vegetative,29.4,36.1,1,25.3,14.2,High
55.25,26.28,72.38,0.12,62.5,30.9,Loamy,Maize,Vegetative,22.5,9.4,0,0.0,0.0,Low
87.55,22.05,25.28,6.0,61.0,39.3,Silty,Cotton,Fruiting,26.1,43.0,0,0.0,0.0,Low
55.75,44.42,94.87,3.72,88.8,1.8,Peaty,Groundnut,Flowering,11.1,0.9,0,0.0,0.0,Medium
75.2,32.45,63.88,0.34,92.9,32.1,Peaty,Maize,Germination,9.2,60.4,0,0.0,0.0,Low
64.66,20.42,76.99,0.15,32.7,8.8,Sandy,Cotton,Germination,5.3,41.7,0,0.0,0.0,Low
89.06,39.88,78.78,0.98,61.4,14.5,Loamy,Rice,Vegetative,20.8,6.5,0,0.0,0.0,Medium
76.93,33.38,66.18,5.15,76.2,35.1,Silty,Rice,Vegetative,12.4,4.5,0,0.0,0.0,Medium
93.78,36.12,60.04,6.08,93.3,28.7,Loamy,Maize,Fruiting,17.9,2.9,0,0.0,0.0,Medium
87.22,27.52,41.13,0.56,76.6,15.8,Sandy,Maize,Flowering,26.5,54.1,0,0.0,0.0,Low
43.15,18.7,29.08,4.23,39.3,0.0,Loamy,Rice,Germination,24.5,44.6,1,12.5,8.2,High
80.69,30.49,70.73,3.13,75.3,4.6,Peaty,Sugarcane,Maturity,15.2,68.4,0,0.0,0.0,Low
76.05,21.75,65.95,7.43,75.0,24.2,Clay,Rice,Flowering,20.4,25.0,0,0.0,0.0,Low
66.92,19.21,81.47,7.69,23.3,13.2,Silty,Cotton,Fruiting,29.5,32.7,0,0.0,0.0,Low
59.61,33.34,35.5,1.22,14.4,21.4,Loamy,Groundnut,Maturity,0.6,7.4,0,0.0,0.0,Medium
26.26,35.65,31.97,8.41,39.9,36.7,Loamy,Maize,Fruiting,15.5,0.1,0,0.0,0.0,High
72.11,17.77,63.41,5.16,28.9,33.5,Clay,Sugarcane,Germination,29.6,59.4,0,0.0,0.0,Low
91.98,31.58,35.45,1.05,83.7,32.4,Silty,Sugarcane,Maturity,14.5,40.6,0,0.0,0.0,Low
76.98,45.32,86.5,0.76,89.6,28.0,Loamy,Sugarcane,Flowering,5.9,14.4,0,0.0,0.0,Medium
56.45,28.01,78.98,6.12,84.6,34.9,Sandy,Cotton,Vegetative,13.2,12.6,0,0.0,0.0,Low
59.29,43.06,53.83,10.28,55.3,37.7,Loamy,Wheat,Germination,13.7,2.5,0,0.0,0.0,Medium
40.08,27.9,30.19,2.43,35.7,13.8,Loamy,Sugarcane,Germination,29.4,52.3,1,12.5,7.9,High
78.47,35.03,93.5,2.87,33.7,15.9,Silty,Rice,Fruiting,20.8,26.5,0,0.0,0.0,Medium
77.75,37.28,29.92,3.18,6.0,13.3,Loamy,Maize,Vegetative,3.6,43.0,0,0.0,0.0,Medium
68.24,25.25,35.89,8.52,90.6,34.8,Peaty,Sugarcane,Vegetative,7.0,44.1,0,0.0,0.0,Low
32.6,23.93,43.37,3.68,17.5,34.3,Sandy,Tomato,Fruiting,10.5,19.2,1,10.2,6.6,Medium
73.89,40.59,38.98,0.08,91.4,36.3,Loamy,Maize,Fruiting,2.3,35.9,0,0.0,0.0,Medium
78.57,17.38,49.73,0.24,82.9,18.5,Clay,Tomato,Fruiting,17.3,70.4,0,0.0,0.0,Low
40.85,37.3,62.22,3.15,91.4,12.1,Silty,Groundnut,Fruiting,0.8,3.4,0,0.0,0.0,Medium
40.28,34.72,58.9,0.09,57.9,9.3,Silty,Maize,Flowering,9.4,61.8,1,16.1,9.5,Medium
84.24,36.93,37.1,1.61,81.1,35.8,Peaty,Sugarcane,Fruiting,11.8,43.6,0,0.0,0.0,Medium
63.3,34.67,28.49,3.58,56.5,38.7,Loamy,Maize,Germination,10.3,9.7,0,0.0,0.0,Medium
52.79,19.68,72.6,0.21,0.8,1.3,Loamy,Wheat,Maturity,29.2,55.5,0,0.0,0.0,Low
72.33,16.88,36.89,0.18,80.5,0.6,Clay,Groundnut,Maturity,24.3,64.4,0,0.0,0.0,Low
63.66,35.46,25.15,0.66,94.0,33.8,Loamy,Groundnut,Germination,4.8,11.3,0,0.0,0.0,Medium
18.37,22.57,74.76,2.56,7.0,7.3,Loamy,Cotton,Vegetative,17.7,6.2,1,18.0,11.0,High
55.85,24.4,86.7,0.86,58.9,14.7,Clay,Cotton,Fruiting,11.1,17.9,0,0.0,0.0,Low
87.65,41.69,82.74,9.97,56.9,27.0,Loamy,Rice,Fruiting,1.6,65.7,0,0.0,0.0,Medium
85.93,28.84,35.52,1.32,67.7,38.9,Peaty,Sugarcane,Vegetative,26.5,10.6,0,0.0,0.0,Low
49.98,30.86,35.01,0.72,25.7,18.4,Clay,Maize,Vegetative,26.1,64.2,1,5.9,3.0,Medium
82.41,37.63,83.38,2.79,75.1,31.0,Sandy,Rice,Fruiting,24.4,57.0,0,0.0,0.0,Medium
60.91,24.05,84.01,4.58,58.1,10.1,Clay,Groundnut,Vegetative,0.9,42.7,0,0.0,0.0,Low
68.79,42.51,62.32,4.64,61.1,22.9,Sandy,Sugarcane,Vegetative,13.1,48.9,1,5.0,3.0,Medium
85.1,43.12,77.71,1.09,75.9,18.0,Clay,Maize,Germination,26.6,18.0,0,0.0,0.0,Medium
58.14,37.85,45.97,1.88,59.0,2.9,Loamy,Wheat,Flowering,15.8,44.9,0,0.0,0.0,Medium
90.65,27.14,50.71,0.97,65.3,17.3,Sandy,Maize,Maturity,2.3,29.6,0,0.0,0.0,Low
62.53,26.62,78.93,1.02,85.6,16.8,Clay,Wheat,Maturity,20.9,36.9,0,0.0,0.0,Low
13.31,32.46,22.11,1.03,44.9,29.4,Clay,Cotton,Germination,23.4,14.6,1,19.5,12.3,High
43.03,17.01,49.84,0.31,42.0,0.4,Silty,Sugarcane,Maturity,28.0,57.3,1,14.3,7.6,High
46.44,31.87,69.57,2.13,74.1,29.3,Sandy,Wheat,Fruiting,19.0,45.3,0,0.0,0.0,Low
69.08,39.82,35.96,5.52,23.6,30.8,Silty,Rice,Vegetative,20.1,60.3,1,5.0,3.1,High
84.64,27.23,65.71,0.69,99.9,11.3,Silty,Rice,Vegetative,16.6,32.5,0,0.0,0.0,Low
24.02,18.86,89.37,3.61,16.9,38.0,Sandy,Groundnut,Flowering,7.1,9.6,1,11.0,8.2,Medium
30.62,43.08,64.92,0.51,6.5,9.6,Sandy,Tomato,Vegetative,17.4,50.3,1,12.9,7.7,High
50.81,31.32,27.48,2.61,2.2,10.3,Silty,Maize,Maturity,20.6,55.5,1,5.0,3.0,Medium
46.72,44.23,88.69,2.7,89.4,6.1,Clay,Wheat,Fruiting,16.0,70.2,0,0.0,0.0,Medium
59.89,32.22,37.22,4.58,12.4,20.1,Clay,Tomato,Germination,1.6,57.9,1,5.0,3.0,Low
74.29,34.27,31.68,7.42,77.7,16.8,Silty,Cotton,Maturity,16.3,41.9,0,0.0,0.0,Medium
35.17,22.43,55.77,1.36,55.5,17.1,Sandy,Cotton,Flowering,14.7,71.1,1,9.3,6.0,Medium
82.42,23.31,38.8,2.1,87.5,35.2,Peaty,Wheat,Maturity,16.3,16.9,0,0.0,0.0,Low
39.15,20.13,76.08,4.63,9.0,7.3,Loamy,Groundnut,Vegetative,19.1,45.9,1,5.0,4.0,Medium
43.98,29.95,41.39,1.76,0.9,23.9,Peaty,Rice,Vegetative,4.4,45.1,1,16.8,10.1,High
16.15,38.08,41.07,6.55,18.5,23.4,Silty,Groundnut,Vegetative,12.1,63.5,1,21.4,13.7,High
82.1,17.58,64.96,1.52,90.2,18.5,Sandy,Rice,Flowering,27.8,36.1,0,0.0,0.0,Low
64.06,31.63,89.51,0.27,12.3,15.5,Peaty,Tomato,Flowering,18.1,33.0,0,0.0,0.0,Low
69.89,35.36,77.48,1.92,5.4,14.3,Peaty,Sugarcane,Flowering,19.4,14.1,0,0.0,0.0,Medium
49.29,17.6,89.39,7.88,0.8,20.3,Peaty,Wheat,Flowering,16.6,44.3,0,0.0,0.0,Low
77.99,37.73,31.36,6.73,55.5,32.5,Loamy,Rice,Vegetative,4.0,65.3,1,5.0,3.0,Medium
62.65,24.56,49.74,1.78,73.5,16.1,Clay,Tomato,Germination,11.9,5.0,0,0.0,0.0,Low
29.62,23.54,43.33,1.34,34.1,21.3,Sandy,Wheat,Flowering,15.5,66.0,1,8.7,3.8,Medium
66.64,21.9,60.49,3.24,87.9,13.8,Peaty,Groundnut,Germination,5.5,22.1,0,0.0,0.0,Low
85.22,34.76,93.34,0.16,19.2,25.6,Silty,Sugarcane,Flowering,23.9,33.5,0,0.0,0.0,Medium
88.88,39.77,52.75,2.53,42.2,20.6,Peaty,Rice,Germination,14.3,0.5,0,0.0,0.0,Medium
83.06,40.79,31.69,1.39,92.4,31.8,Peaty,Sugarcane,Vegetative,23.1,32.3,0,0.0,0.0,Medium
44.85,35.01,67.33,0.23,60.4,31.3,Peaty,Wheat,Maturity,26.8,68.6,1,5.0,3.0,Medium
89.9,32.23,59.56,1.18,70.4,17.0,Peaty,Groundnut,Fruiting,18.0,38.8,0,0.0,0.0,Low
79.07,25.6,86.03,3.57,39.5,6.3,Sandy,Rice,Flowering,18.0,71.1,0,0.0,0.0,Low
82.73,35.42,48.08,0.2,91.5,15.5,Silty,Cotton,Flowering,13.8,64.1,0,0.0,0.0,Medium
77.56,41.84,60.11,1.22,77.7,2.8,Sandy,Maize,Maturity,3.0,12.7,0,0.0,0.0,Medium
42.65,22.97,46.53,4.44,34.1,20.0,Peaty,Rice,Fruiting,17.0,45.1,1,18.7,11.1,High
22.78,25.17,54.51,10.89,50.8,36.4,Peaty,Maize,Fruiting,3.6,68.0,0,0.0,0.0,High
65.79,34.83,46.9,3.35,25.1,31.0,Loamy,Sugarcane,Germination,16.0,35.1,1,5.0,3.2,Medium
80.0,32.4,26.58,3.87,65.5,19.7,Peaty,Groundnut,Maturity,8.4,32.1,0,0.0,0.0,Low
74.41,33.04,53.67,1.88,26.6,39.4,Sandy,Tomato,Vegetative,15.8,2.5,0,0.0,0.0,Low
83.36,39.71,36.69,0.32,37.6,15.8,Loamy,Rice,Flowering,12.2,17.0,0,0.0,0.0,Medium
23.09,30.88,40.19,0.4,36.3,17.2,Silty,Tomato,Vegetative,16.9,0.1,1,26.3,15.7,High
51.98,23.05,75.42,6.5,12.5,23.4,Clay,Wheat,Flowering,8.2,1.6,0,0.0,0.0,Low
48.9,16.99,50.15,25.12,26.1,10.6,Sandy,Rice,Vegetative,8.1,41.4,0,0.0,0.0,High
67.11,15.37,68.84,1.95,96.6,3.9,Silty,Sugarcane,Maturity,5.4,27.1,0,0.0,0.0,Low
71.32,40.95,68.07,1.08,64.4,32.5,Sandy,Tomato,Vegetative,17.2,71.1,0,0.0,0.0,Medium
32.94,15.17,73.83,4.95,20.4,23.8,Sandy,Tomato,Fruiting,22.0,30.3,1,13.6,8.3,Medium
84.2,29.16,80.08,2.23,98.7,31.9,Sandy,Maize,Maturity,17.7,29.7,0,0.0,0.0,Low
66.57,24.33,86.37,7.55,64.5,34.6,Loamy,Sugarcane,Germination,3.0,40.3,0,0.0,0.0,Low
60.78,35.95,74.3,3.9,62.1,30.5,Sandy,Maize,Vegetative,24.6,22.4,0,0.0,0.0,Medium
56.73,26.58,31.79,1.69,41.9,16.8,Silty,Wheat,Germination,12.2,68.7,0,0.0,0.0,Low
89.89,15.91,50.94,0.49,72.6,7.8,Loamy,Cotton,Flowering,11.2,66.0,0,0.0,0.0,Low
81.48,23.64,55.36,0.21,65.9,5.0,Silty,Maize,Fruiting,20.1,23.4,0,0.0,0.0,Low
87.58,43.46,93.76,0.05,71.7,35.8,Sandy,Sugarcane,Flowering,12.5,52.2,0,0.0,0.0,Medium
84.57,34.32,43.74,2.27,63.0,12.2,Silty,Wheat,Vegetative,9.7,5.1,0,0.0,0.0,Medium
89.44,31.5,34.11,0.2,71.5,31.4,Silty,Maize,Germination,25.3,27.3,0,0.0,0.0,Low
29.47,37.98,48.5,0.74,10.0,38.4,Peaty,Cotton,Germination,20.2,52.6,1,7.4,3.5,High
69.67,23.42,30.37,5.48,69.7,16.5,Sandy,Maize,Flowering,24.8,6.5,0,0.0,0.0,Low
43.3,22.91,47.0,0.05,25.5,7.5,Sandy,Sugarcane,Germination,1.0,16.3,1,6.1,3.3,High
57.23,23.3,61.83,2.77,35.2,26.8,Loamy,Groundnut,Flowering,10.9,1.1,0,0.0,0.0,Low
20.67,25.91,26.78,0.89,6.8,30.3,Clay,Groundnut,Maturity,2.4,11.8,1,12.3,5.5,Medium
94.64,16.83,85.63,1.61,87.8,12.3,Peaty,Sugarcane,Vegetative,19.4,45.2,0,0.0,0.0,Low
36.88,34.13,83.08,2.08,40.3,31.8,Clay,Tomato,Maturity,20.7,7.6,1,13.3,7.2,Medium
54.67,30.98,65.59,1.78,80.4,25.4,Peaty,Cotton,Fruiting,22.6,36.2,0,0.0,0.0,Low
87.7,22.56,54.58,0.17,88.1,17.8,Peaty,Wheat,Fruiting,20.3,23.0,0,0.0,0.0,Low
25.91,28.91,39.51,4.99,34.7,24.5,Peaty,Maize,Fruiting,22.2,68.6,1,19.6,13.7,High
78.68,31.63,46.63,0.31,94.6,3.3,Sandy,Wheat,Vegetative,27.2,12.9,0,0.0,0.0,Low
78.96,20.32,51.98,3.85,85.2,30.9,Silty,Rice,Fruiting,17.4,26.0,0,0.0,0.0,Low
77.38,27.22,78.96,0.3,31.2,31.0,Peaty,Maize,Germination,23.5,12.4,0,0.0,0.0,Low
60.18,42.01,40.92,0.26,92.9,12.0,Sandy,Tomato,Flowering,10.4,20.3,0,0.0,0.0,Medium
89.82,36.33,61.4,2.23,99.0,24.7,Loamy,Wheat,Germination,27.4,7.3,0,0.0,0.0,Medium
50.89,37.79,73.4,1.13,16.9,24.9,Peaty,Cotton,Fruiting,17.0,15.3,0,0.0,0.0,Medium
57.25,38.18,76.41,1.74,19.2,8.9,Sandy,Wheat,Fruiting,7.8,31.7,0,0.0,0.0,Medium
40.06,22.39,27.42,1.51,14.4,33.4,Clay,Cotton,Maturity,18.6,10.8,1,5.0,3.6,Medium
39.83,40.22,26.14,3.21,47.7,23.9,Peaty,Groundnut,Fruiting,13.5,14.8,0,0.0,0.0,Medium
60.17,16.92,52.45,11.76,1.0,14.7,Peaty,Maize,Flowering,4.8,40.4,0,0.0,0.0,Low
58.61,16.08,27.28,4.53,43.7,26.7,Peaty,Cotton,Vegetative,22.7,58.3,0,0.0,0.0,Low
87.38,29.46,78.62,2.55,88.4,17.9,Loamy,Rice,Vegetative,14.0,61.7,0,0.0,0.0,Low
58.41,27.84,94.36,0.41,47.5,17.3,Peaty,Cotton,Vegetative,4.9,15.9,0,0.0,0.0,Low
56.54,28.31,79.91,2.23,59.0,20.7,Peaty,Cotton,Maturity,5.5,70.7,0,0.0,0.0,Low
36.58,28.32,57.52,4.11,38.8,18.2,Silty,Sugarcane,Germination,4.0,33.0,1,14.7,8.6,High
36.01,15.69,24.55,7.5,12.4,30.3,Clay,Tomato,Flowering,9.6,1.8,1,25.1,13.6,Medium
15.35,37.61,84.86,0.87,33.3,22.8,Peaty,Groundnut,Vegetative,24.2,34.8,1,15.5,8.4,High
61.44,36.78,74.73,2.55,59.1,33.7,Peaty,Rice,Vegetative,0.4,15.3,0,0.0,0.0,Medium
42.8,37.04,48.39,0.54,14.5,6.7,Peaty,Rice,Flowering,10.8,44.4,1,20.7,12.3,High
75.93,42.25,67.27,11.32,22.3,33.0,Peaty,Tomato,Vegetative,12.8,69.3,0,0.0,0.0,Medium
79.46,29.88,45.74,0.98,57.6,18.1,Loamy,Maize,Maturity,16.1,23.7,0,0.0,0.0,Low
73.78,27.05,40.56,1.27,67.9,36.9,Peaty,Wheat,Maturity,0.3,19.0,0,0.0,0.0,Low
69.02,25.05,30.84,1.37,92.8,32.4,Loamy,Tomato,Germination,16.4,29.2,0,0.0,0.0,Low
90.67,32.96,78.83,2.36,97.7,9.4,Sandy,Groundnut,Germination,7.4,38.3,0,0.0,0.0,Medium
71.27,39.14,34.48,10.85,54.7,36.6,Peaty,Sugarcane,Vegetative,19.5,24.9,0,0.0,0.0,Medium
78.55,34.45,84.43,3.96,12.4,24.7,Clay,Maize,Maturity,6.4,44.6,0,0.0,0.0,Medium
75.87,18.26,92.35,3.92,34.2,11.2,Clay,Maize,Germination,8.2,38.7,0,0.0,0.0,Low
90.14,40.81,50.12,1.49,80.8,30.4,Silty,Cotton,Maturity,4.0,49.7,0,0.0,0.0,Medium
88.66,23.43,85.84,2.03,62.4,38.0,Silty,Wheat,Maturity,23.8,38.2,0,0.0,0.0,Low
56.38,34.56,68.95,6.45,18.4,2.4,Clay,Sugarcane,Germination,16.9,20.6,1,6.2,3.2,Medium
69.76,43.82,41.4,4.29,50.6,15.2,Loamy,Wheat,Germination,16.4,49.8,0,0.0,0.0,Medium
55.02,27.52,54.75,4.59,64.4,17.5,Loamy,Groundnut,Vegetative,15.5,41.7,0,0.0,0.0,Low
56.89,31.43,41.49,0.52,60.7,1.9,Loamy,Tomato,Fruiting,7.4,14.0,0,0.0,0.0,Low
26.97,34.49,27.08,0.04,49.8,18.5,Silty,Wheat,Vegetative,8.6,2.2,1,13.8,7.6,Medium
36.83,28.84,83.12,3.37,54.8,10.9,Sandy,Wheat,Flowering,29.7,65.2,1,6.5,4.3,Medium
73.4,20.37,43.34,2.26,65.7,27.7,Sandy,Maize,Flowering,11.2,55.3,0,0.0,0.0,Low
90.05,37.19,49.06,0.31,87.7,16.0,Silty,Cotton,Vegetative,28.1,59.1,0,0.0,0.0,Medium
72.67,26.71,49.18,9.25,51.8,39.5,Clay,Tomato,Vegetative,19.2,0.7,0,0.0,0.0,Low
63.74,22.8,23.84,1.66,89.7,24.0,Peaty,Cotton,Vegetative,23.2,51.3,0,0.0,0.0,Low
68.29,22.24,47.76,5.8,46.2,37.1,Peaty,Tomato,Vegetative,25.8,9.7,0,0.0,0.0,Low
92.46,20.06,75.9,2.19,73.1,36.4,Peaty,Rice,Vegetative,9.0,11.4,0,0.0,0.0,Low
55.46,27.67,74.81,2.4,82.1,39.2,Loamy,Maize,Flowering,27.7,29.8,0,0.0,0.0,Low
79.02,21.5,25.03,1.64,70.9,12.2,Peaty,Sugarcane,Flowering,5.8,30.9,0,0.0,0.0,Low
73.49,18.65,38.94,0.07,35.1,8.5,Peaty,Maize,Vegetative,25.7,21.6,0,0.0,0.0,Low
41.55,38.53,92.73,9.7,0.0,25.3,Peaty,Rice,Maturity,21.0,55.3,0,0.0,0.0,High
42.4,38.78,24.46,1.81,52.4,8.6,Silty,Groundnut,Fruiting,13.7,53.1,1,5.5,3.7,Medium
54.16,30.25,45.14,1.28,37.5,17.5,Clay,Rice,Fruiting,8.3,69.0,1,20.8,11.0,Medium
87.01,39.22,23.55,2.13,84.0,38.1,Clay,Rice,Maturity,9.8,43.5,0,0.0,0.0,Medium
58.52,20.58,61.89,1.58,47.9,13.0,Loamy,Groundnut,Vegetative,11.0,56.9,0,0.0,0.0,Low
39.6,15.65,93.24,6.87,30.0,19.3,Clay,Cotton,Germination,26.1,43.0,1,5.0,3.0,Medium
94.35,36.5,89.98,9.12,67.9,33.6,Peaty,Rice,Germination,1.3,34.3,0,0.0,0.0,Medium
63.08,30.55,92.39,1.79,55.3,31.6,Loamy,Wheat,Germination,6.9,20.8,0,0.0,0.0,Low
73.43,41.22,62.37,4.54,33.6,13.2,Sandy,Tomato,Germination,17.9,24.7,0,0.0,0.0,Medium
48.89,33.01,67.86,4.01,69.4,35.1,Sandy,Cotton,Flowering,11.7,56.3,0,0.0,0.0,Medium
59.25,27.54,26.16,1.39,35.8,27.6,Silty,Groundnut,Maturity,11.9,46.5,0,0.0,0.0,Low
65.65,17.24,19.79,2.2,41.3,18.0,Loamy,Rice,Maturity,26.9,45.8,0,0.0,0.0,Medium
53.92,15.98,56.86,9.69,81.4,16.3,Silty,Cotton,Germination,17.1,63.3,0,0.0,0.0,Low
94.15,29.67,36.75,0.0,81.3,38.8,Sandy,Cotton,Vegetative,9.0,59.7,0,0.0,0.0,Low
20.96,19.35,77.72,3.97,28.8,15.7,Peaty,Groundnut,Flowering,27.4,63.3,1,17.3,12.8,Medium
36.8,26.83,79.18,0.06,39.3,8.8,Silty,Groundnut,Maturity,28.4,11.4,1,5.0,3.0,Medium
48.26,20.42,38.13,2.17,35.9,19.0,Silty,Rice,Maturity,4.7,27.6,1,14.7,8.5,High
83.02,17.86,94.56,4.97,71.6,7.8,Loamy,Maize,Germination,25.9,58.3,0,0.0,0.0,Low
55.71,28.4,34.7,11.31,44.1,8.3,Loamy,Sugarcane,Fruiting,18.4,36.9,0,0.0,0.0,Medium
91.2,42.39,89.44,0.6,97.3,17.8,Sandy,Tomato,Germination,10.9,1.6,0,0.0,0.0,Medium
92.72,40.47,55.07,4.66,63.8,28.8,Silty,Rice,Germination,12.5,55.5,0,0.0,0.0,Medium
77.69,16.63,87.48,0.57,40.4,11.1,Clay,Maize,Germination,11.3,51.0,0,0.0,0.0,Low
64.12,16.33,61.68,2.92,12.0,33.1,Clay,Tomato,Fruiting,13.5,21.0,0,0.0,0.0,Low
34.94,36.94,36.85,1.27,30.2,27.8,Loamy,Cotton,Vegetative,25.8,15.3,1,9.4,6.2,Medium
25.41,18.64,32.67,6.27,48.0,4.4,Peaty,Groundnut,Germination,28.5,36.7,1,9.8,7.6,Medium
63.38,24.94,62.06,0.54,95.6,28.3,Peaty,Wheat,Fruiting,9.5,17.2,0,0.0,0.0,Low
72.89,19.36,40.36,1.27,26.0,23.4,Clay,Rice,Vegetative,1.6,10.4,0,0.0,0.0,Low
48.75,38.94,90.96,2.79,18.1,30.8,Silty,Groundnut,Flowering,28.0,19.6,0,0.0,0.0,Medium
61.37,24.87,36.63,2.94,37.4,39.4,Loamy,Sugarcane,Fruiting,3.3,35.9,1,5.5,3.3,Medium
62.99,30.5,49.39,10.17,79.3,30.3,Silty,Tomato,Germination,7.1,2.1,0,0.0,0.0,Low
63.67,18.78,89.17,0.1,9.5,33.5,Sandy,Sugarcane,Flowering,28.2,33.2,1,6.0,3.7,Medium
33.87,29.23,71.3,0.1,13.8,34.1,Silty,Wheat,Flowering,10.0,47.7,1,13.1,7.1,Medium
43.12,33.82,29.98,2.4,24.1,38.9,Clay,Tomato,Fruiting,4.3,44.1,1,13.5,7.0,Medium
69.2,25.07,83.72,0.49,84.0,25.2,Sandy,Sugarcane,Fruiting,5.1,47.8,0,0.0,0.0,Low
61.79,14.83,59.39,2.71,68.8,9.3,Clay,Tomato,Fruiting,24.9,60.6,0,0.0,0.0,Low
36.96,18.69,65.67,1.0,56.2,0.6,Loamy,Wheat,Fruiting,26.0,46.8,0,0.0,0.0,Medium
70.68,42.56,37.76,4.02,82.7,33.5,Loamy,Maize,Germination,18.8,39.7,0,0.0,0.0,Medium
78.74,28.78,54.52,5.54,43.1,35.3,Peaty,Rice,Flowering,29.0,48.6,0,0.0,0.0,Low
43.95,16.75,67.68,0.06,20.4,18.6,Sandy,Sugarcane,Maturity,29.7,55.7,1,5.5,4.2,High
69.38,22.18,53.6,0.8,87.5,27.8,Loamy,Maize,Fruiting,28.4,28.0,0,0.0,0.0,Low
53.97,17.44,33.36,4.65,30.3,3.6,Silty,Cotton,Maturity,24.1,41.6,0,0.0,0.0,Low
65.3,39.42,23.15,4.11,97.6,12.7,Silty,Maize,Germination,19.2,7.9,0,0.0,0.0,Medium
22.6,43.82,48.34,3.49,18.4,22.1,Loamy,Groundnut,Vegetative,4.8,7.1,1,13.6,8.3,High
73.7,30.99,39.07,0.55,80.5,7.5,Peaty,Tomato,Vegetative,28.6,44.1,0,0.0,0.0,Low
23.0,24.55,33.08,4.5,48.5,6.6,Sandy,Tomato,Vegetative,29.6,51.4,1,14.2,10.5,High
77.23,24.97,80.98,6.65,61.8,22.2,Silty,Groundnut,Vegetative,4.9,6.3,0,0.0,0.0,Low
44.32,36.64,76.43,7.99,30.9,33.2,Silty,Groundnut,Flowering,26.6,45.4,1,6.0,4.3,Medium
83.4,27.01,84.16,0.77,99.7,14.4,Loamy,Rice,Flowering,4.0,41.7,0,0.0,0.0,Low
42.09,26.45,56.52,1.03,15.2,36.1,Silty,Rice,Vegetative,12.0,52.6,1,21.2,10.9,High
66.96,27.78,47.77,8.71,1.3,21.0,Silty,Tomato,Flowering,22.1,26.5,0,0.0,0.0,Low
81.33,21.46,80.02,2.46,78.8,25.1,Loamy,Rice,Germination,21.9,62.3,0,0.0,0.0,Low
67.26,21.13,76.66,5.4,83.2,31.4,Silty,Tomato,Germination,15.7,21.6,0,0.0,0.0,Low
76.71,24.14,56.26,1.97,63.9,22.4,Clay,Cotton,Fruiting,29.4,58.4,0,0.0,0.0,Low
68.14,18.23,23.1,1.61,28.2,11.7,Clay,Cotton,Maturity,5.8,33.0,0,0.0,0.0,Low
93.4,26.83,36.13,1.68,96.5,11.3,Sandy,Sugarcane,Vegetative,24.6,19.3,0,0.0,0.0,Low
49.61,36.26,93.84,4.32,68.8,15.7,Sandy,Wheat,Germination,1.8,34.4,0,0.0,0.0,Medium
15.8,18.36,26.71,0.4,42.3,21.7,Sandy,Cotton,Maturity,23.6,14.4,1,9.3,8.4,High
60.56,31.66,59.22,7.39,38.0,23.9,Clay,Cotton,Maturity,17.9,21.4,0,0.0,0.0,Low
71.48,30.31,70.5,1.14,13.0,31.9,Silty,Maize,Flowering,8.3,30.3,0,0.0,0.0,Low
49.38,31.55,93.02,3.66,7.1,25.8,Peaty,Tomato,Flowering,19.1,44.9,1,8.1,6.7,Medium
75.16,18.99,62.25,7.12,68.4,32.0,Silty,Maize,Maturity,14.3,67.5,0,0.0,0.0,Low
25.57,30.1,65.9,4.08,1.4,11.8,Clay,Cotton,Fruiting,15.6,33.6,1,21.5,13.0,Medium
71.51,44.38,69.1,3.31,70.4,26.6,Silty,Maize,Fruiting,16.2,20.4,0,0.0,0.0,Medium
78.25,19.73,55.22,4.3,44.5,22.3,Peaty,Rice,Germination,11.7,25.4,0,0.0,0.0,Low
48.64,16.43,52.06,0.52,69.1,38.5,Loamy,Wheat,Fruiting,26.8,47.4,0,0.0,0.0,Low
14.4,41.26,48.48,7.64,41.1,4.2,Silty,Cotton,Flowering,29.0,8.7,1,34.0,22.1,High
57.04,38.66,48.35,0.84,31.8,24.5,Silty,Cotton,Maturity,4.6,42.7,0,0.0,0.0,Medium
57.51,15.17,39.26,0.26,94.6,17.0,Clay,Groundnut,Flowering,5.0,11.2,0,0.0,0.0,Low
68.94,32.99,81.41,0.92,7.7,28.8,Silty,Tomato,Fruiting,15.1,59.1,1,5.5,3.1,Medium
31.09,27.11,77.9,1.17,37.3,20.6,Sandy,Cotton,Vegetative,7.8,25.6,1,6.0,3.3,Medium
82.44,25.12,64.28,0.98,89.3,39.1,Loamy,Tomato,Flowering,29.1,20.7,0,0.0,0.0,Low
77.75,16.36,41.37,6.48,25.8,18.9,Peaty,Rice,Vegetative,29.6,30.7,0,0.0,0.0,Low
36.91,43.04,31.22,2.37,2.5,7.9,Peaty,Tomato,Maturity,14.2,59.1,1,12.6,6.2,High
66.92,40.97,32.69,0.03,43.0,3.6,Clay,Cotton,Flowering,8.5,16.1,0,0.0,0.0,Medium
74.17,28.18,50.21,4.41,19.1,17.4,Clay,Sugarcane,Flowering,18.1,39.2,0,0.0,0.0,Low
10.07,23.72,47.26,1.14,3.0,2.9,Silty,Cotton,Fruiting,20.4,47.8,1,34.3,20.4,High
79.13,34.33,58.51,2.25,89.1,2.4,Loamy,Rice,Vegetative,25.2,2.7,0,0.0,0.0,Medium
56.86,15.41,30.51,2.65,63.5,34.6,Clay,Maize,Maturity,28.6,37.6,0,0.0,0.0,Low
76.9,27.93,24.29,1.03,86.1,31.8,Silty,Cotton,Fruiting,2.6,63.6,0,0.0,0.0,Low
44.7,30.35,75.58,1.48,40.8,2.5,Loamy,Sugarcane,Germination,26.4,58.9,1,9.7,4.9,Medium
63.88,40.42,74.07,0.91,1.4,3.1,Loamy,Groundnut,Flowering,24.2,27.3,0,0.0,0.0,Medium
73.54,27.3,33.37,3.82,88.2,10.7,Clay,Wheat,Fruiting,7.4,59.2,0,0.0,0.0,Low
59.86,20.6,56.64,2.41,89.1,21.1,Sandy,Maize,Fruiting,3.0,66.5,0,0.0,0.0,Low
60.35,20.38,92.88,3.05,65.9,35.6,Silty,Wheat,Fruiting,12.5,70.9,0,0.0,0.0,Low
62.6,28.65,27.64,6.77,54.5,19.3,Sandy,Cotton,Flowering,9.8,41.1,0,0.0,0.0,Low
78.66,45.0,40.16,1.95,82.2,4.7,Silty,Rice,Fruiting,4.8,4.5,0,0.0,0.0,Medium
91.0,19.44,26.1,6.84,89.9,23.4,Clay,Tomato,Maturity,27.9,40.0,0,0.0,0.0,Low
89.13,21.36,87.91,4.6,6.8,13.8,Peaty,Sugarcane,Vegetative,11.7,47.8,0,0.0,0.0,Low
65.5,39.14,20.5,3.29,30.0,34.4,Sandy,Groundnut,Vegetative,20.6,10.5,0,0.0,0.0,Medium
54.12,33.91,23.84,3.04,9.7,28.6,Clay,Tomato,Vegetative,9.0,26.7,1,5.0,3.0,Medium
66.01,28.72,56.87,3.18,67.8,7.6,Sandy,Sugarcane,Maturity,23.8,70.7,0,0.0,0.0,Low
60.54,35.93,55.28,4.61,78.3,37.4,Peaty,Maize,Flowering,15.6,56.6,0,0.0,0.0,Medium
64.34,26.7,33.19,5.22,79.6,29.7,Peaty,Cotton,Vegetative,17.5,8.9,0,0.0,0.0,Low
85.54,30.58,59.04,5.39,60.9,36.7,Clay,Rice,Maturity,0.8,27.5,0,0.0,0.0,Low
31.38,39.9,88.79,0.73,46.3,18.2,Sandy,Tomato,Maturity,25.6,37.6,1,5.9,4.0,High
47.0,15.25,69.97,1.28,9.8,39.2,Loamy,Sugarcane,Germination,10.5,14.9,1,8.4,6.2,Medium
58.52,29.46,21.1,0.36,87.5,15.7,Sandy,Groundnut,Germination,26.7,11.1,0,0.0,0.0,Low
47.09,38.28,79.02,2.59,36.9,0.6,Silty,Rice,Maturity,2.4,0.7,1,12.4,7.9,High
39.02,22.94,81.09,4.05,25.4,36.2,Peaty,Tomato,Germination,14.4,43.9,1,7.3,3.2,Medium
23.26,19.96,65.38,0.31,29.4,23.9,Silty,Tomato,Vegetative,26.7,59.7,1,21.1,11.7,High
42.04,21.15,35.75,0.99,36.3,4.1,Sandy,Wheat,Maturity,12.0,45.0,1,5.0,3.7,Medium
67.94,27.02,31.48,1.46,81.0,18.1,Clay,Sugarcane,Germination,1.2,24.0,0,0.0,0.0,Low
77.41,33.37,49.92,2.83,29.5,5.7,Loamy,Tomato,Germination,16.9,0.5,0,0.0,0.0,Medium
44.43,24.69,74.23,10.43,13.4,14.1,Loamy,Sugarcane,Vegetative,22.8,66.2,0,0.0,0.0,High
34.03,27.97,46.96,2.02,23.7,26.7,Sandy,Tomato,Fruiting,18.1,25.8,1,12.9,6.7,Medium
79.2,43.53,69.76,13.08,49.6,31.8,Silty,Maize,Germination,21.3,68.9,0,0.0,0.0,Medium
53.17,41.69,86.29,3.22,23.2,9.6,Silty,Wheat,Fruiting,15.1,18.6,0,0.0,0.0,Medium
75.1,25.78,94.33,3.34,83.6,29.4,Silty,Cotton,Fruiting,21.5,43.0,0,0.0,0.0,Low
10.34,32.37,65.87,5.63,52.5,8.7,Peaty,Groundnut,Vegetative,4.8,2.2,1,20.1,10.8,High
15.64,18.64,91.45,3.63,37.6,15.6,Peaty,Groundnut,Germination,13.7,48.5,1,12.2,7.5,High
47.18,42.33,50.1,12.53,40.6,26.7,Loamy,Maize,Flowering,7.0,67.0,0,0.0,0.0,High
38.4,19.26,60.11,5.08,36.4,17.4,Loamy,Cotton,Flowering,0.5,12.7,1,8.5,3.3,Medium
85.69,17.69,94.42,3.09,70.9,30.3,Silty,Rice,Vegetative,14.1,70.9,0,0.0,0.0,Low
59.74,25.46,69.65,2.52,11.1,21.2,Clay,Sugarcane,Vegetative,23.3,36.2,1,5.0,4.8,Medium
71.07,38.54,75.26,0.38,98.8,37.7,Loamy,Tomato,Flowering,17.3,64.0,0,0.0,0.0,Medium
87.01,30.66,85.65,5.99,77.3,16.6,Loamy,Tomato,Maturity,11.6,47.8,0,0.0,0.0,Low
93.34,42.48,35.9,1.83,43.4,19.6,Silty,Rice,Vegetative,15.6,59.8,0,0.0,0.0,Medium
70.01,27.79,53.39,0.37,84.5,0.2,Silty,Sugarcane,Maturity,16.0,13.6,0,0.0,0.0,Low
71.7,22.26,83.42,2.62,54.1,3.5,Sandy,Sugarcane,Germination,4.7,37.6,0,0.0,0.0,Low
47.65,39.23,47.37,0.5,16.2,39.3,Loamy,Groundnut,Fruiting,5.2,19.3,0,0.0,0.0,Medium
53.88,27.84,40.14,0.91,50.1,37.3,Loamy,Cotton,Maturity,19.9,63.0,0,0.0,0.0,Low
76.59,23.01,71.33,4.88,84.8,21.8,Clay,Tomato,Maturity,20.5,56.0,0,0.0,0.0,Low
57.0,32.57,26.31,7.33,62.1,39.6,Loamy,Wheat,Germination,20.4,69.4,0,0.0,0.0,Low
39.57,37.68,56.24,0.15,19.2,12.0,Loamy,Cotton,Flowering,14.9,1.8,1,8.9,5.4,Medium
52.78,25.56,31.11,0.29,7.2,32.4,Peaty,Groundnut,Flowering,29.3,22.3,0,0.0,0.0,Low
90.69,24.53,46.99,0.63,82.4,4.3,Peaty,Tomato,Flowering,18.0,42.4,0,0.0,0.0,Low
78.69,44.26,48.93,1.13,56.6,29.2,Clay,Maize,Vegetative,2.1,30.2,0,0.0,0.0,Medium
71.0,24.08,38.06,0.37,99.6,18.9,Sandy,Rice,Maturity,2.3,9.2,0,0.0,0.0,Low
38.53,16.59,33.4,0.63,48.1,9.9,Sandy,Cotton,Vegetative,15.6,52.6,0,0.0,0.0,Medium
44.64,44.63,81.0,0.4,58.4,29.3,Loamy,Rice,Fruiting,26.8,61.3,1,20.9,12.6,High
64.66,25.03,25.71,1.78,39.3,26.5,Silty,Rice,Germination,0.1,34.9,1,5.0,3.0,Medium
19.71,30.97,75.63,6.48,13.3,13.7,Clay,Wheat,Vegetative,25.0,61.7,1,19.8,11.5,High
68.4,43.89,79.82,0.25,70.4,4.3,Sandy,Tomato,Vegetative,16.7,35.7,0,0.0,0.0,Medium
32.24,24.64,52.67,10.08,6.8,6.8,Peaty,Tomato,Flowering,12.7,4.4,0,0.0,0.0,Medium
60.03,21.62,46.81,1.29,63.0,27.2,Loamy,Maize,Vegetative,14.7,64.0,0,0.0,0.0,Low
50.64,16.71,80.71,6.95,28.5,21.9,Sandy,Rice,Vegetative,2.7,55.5,1,5.5,4.6,Medium
52.21,42.47,76.75,2.68,23.1,11.0,Sandy,Sugarcane,Vegetative,23.3,18.2,1,5.0,3.7,High
79.98,35.44,81.38,1.7,83.9,39.7,Loamy,Sugarcane,Maturity,12.1,58.0,0,0.0,0.0,Medium
68.68,30.35,22.29,0.74,80.8,32.4,Peaty,Maize,Germination,13.8,13.2,0,0.0,0.0,Low
49.12,43.15,52.84,1.98,40.0,11.9,Silty,Groundnut,Vegetative,24.8,11.4,0,0.0,0.0,Medium
66.93,39.42,59.08,7.56,32.6,2.0,Sandy,Wheat,Germination,4.5,24.2,0,0.0,0.0,Medium
63.76,33.85,68.29,10.01,77.0,15.9,Loamy,Groundnut,Germination,4.3,21.9,0,0.0,0.0,Medium
63.15,15.72,32.46,12.72,15.5,8.5,Clay,Wheat,Germination,11.8,8.4,0,0.0,0.0,Low
20.08,21.01,24.87,4.87,42.2,5.7,Loamy,Wheat,Germination,19.2,42.0,1,12.9,7.0,High
62.55,26.4,81.25,0.24,0.8,34.6,Peaty,Groundnut,Fruiting,4.3,21.4,0,0.0,0.0,Low
61.37,22.99,63.45,1.54,54.1,10.1,Sandy,Sugarcane,Vegetative,4.3,2.8,0,0.0,0.0,Medium
66.85,38.35,45.73,0.74,6.7,5.9,Peaty,Rice,Germination,6.1,22.5,1,5.0,3.0,High
32.51,21.34,24.99,11.72,24.4,25.4,Sandy,Groundnut,Maturity,19.2,42.9,0,0.0,0.0,Medium
22.35,38.76,43.61,4.58,43.7,34.8,Sandy,Tomato,Germination,10.7,30.9,1,8.7,5.8,High
63.36,40.24,28.64,1.46,5.0,28.4,Silty,Sugarcane,Flowering,27.2,10.0,1,6.0,3.6,High
78.27,24.09,94.77,4.37,68.8,0.5,Loamy,Sugarcane,Vegetative,15.1,27.1,0,0.0,0.0,Low
73.7,29.09,22.19,0.31,28.7,13.3,Loamy,Sugarcane,Flowering,5.1,57.3,0,0.0,0.0,Low
41.97,17.09,69.54,2.58,1.6,8.1,Loamy,Wheat,Vegetative,27.0,71.3,1,5.0,3.8,Medium
32.57,30.36,89.66,1.86,47.1,3.2,Silty,Maize,Germination,4.7,40.7,1,10.7,5.9,Medium
48.23,35.89,43.28,0.13,82.9,29.6,Peaty,Wheat,Germination,4.4,72.0,0,0.0,0.0,Medium
80.63,25.31,70.53,4.48,80.5,20.0,Peaty,Rice,Vegetative,3.1,35.8,0,0.0,0.0,Low
47.95,40.74,83.67,4.47,67.8,15.9,Clay,Groundnut,Vegetative,8.7,25.0,0,0.0,0.0,Medium
72.04,19.56,52.66,0.48,96.0,26.8,Clay,Tomato,Fruiting,3.4,27.7,0,0.0,0.0,Low
70.66,30.35,76.84,0.4,53.3,12.6,Loamy,Maize,Fruiting,3.0,61.0,0,0.0,0.0,Low
22.72,36.9,60.54,1.73,47.8,29.7,Clay,Maize,Fruiting,13.3,41.2,1,37.9,24.5,High
82.72,37.91,22.31,2.44,69.1,23.2,Clay,Tomato,Flowering,3.5,12.2,0,0.0,0.0,Medium
61.03,36.31,51.39,1.41,16.0,32.1,Loamy,Rice,Flowering,20.8,21.6,1,7.7,4.4,Medium
69.84,45.04,61.39,2.27,65.5,22.7,Clay,Sugarcane,Flowering,8.1,14.5,0,0.0,0.0,Medium
89.41,40.72,53.18,2.3,96.5,33.5,Silty,Rice,Flowering,4.3,1.6,0,0.0,0.0,Medium
71.79,44.64,74.44,4.71,71.5,24.8,Sandy,Cotton,Vegetative,29.1,67.4,0,0.0,0.0,Medium
46.89,24.07,52.77,9.46,21.5,39.5,Peaty,Sugarcane,Maturity,9.6,6.3,0,0.0,0.0,Medium
38.03,19.12,21.94,0.55,38.4,2.9,Peaty,Cotton,Vegetative,8.6,26.2,1,5.1,3.3,Medium
16.39,17.67,21.39,0.04,2.4,27.3,Peaty,Cotton,Fruiting,6.1,30.2,1,28.7,18.0,High
38.23,15.94,52.77,1.1,57.7,37.2,Loamy,Tomato,Fruiting,29.9,6.2,1,15.1,8.6,Medium
92.09,17.24,32.73,4.57,84.3,36.3,Silty,Rice,Vegetative,27.2,6.8,0,0.0,0.0,Low
71.07,16.28,44.33,9.67,79.4,7.5,Clay,Rice,Flowering,20.1,41.7,0,0.0,0.0,Low
68.61,19.88,25.53,0.78,27.8,18.7,Sandy,Cotton,Maturity,28.3,54.3,0,0.0,0.0,Low
55.34,31.51,81.38,2.93,80.9,6.1,Silty,Wheat,Maturity,22.2,25.1,0,0.0,0.0,Low
79.76,35.28,22.15,4.48,69.8,2.2,Clay,Sugarcane,Germination,12.1,11.4,0,0.0,0.0,Medium
56.79,17.17,92.46,0.12,66.4,37.4,Sandy,Maize,Maturity,29.0,36.2,0,0.0,0.0,Low
74.92,41.46,77.98,5.89,86.8,37.8,Clay,Rice,Germination,27.0,37.8,0,0.0,0.0,Medium
39.27,17.85,50.7,5.25,31.1,30.6,Silty,Sugarcane,Flowering,11.8,9.2,1,31.5,18.8,High
73.21,37.89,79.1,2.94,34.1,0.9,Silty,Maize,Vegetative,12.9,43.3,0,0.0,0.0,Medium
31.73,34.48,65.93,7.55,15.9,6.8,Loamy,Maize,Fruiting,12.7,62.9,1,21.3,13.7,Medium
37.43,34.0,39.71,1.53,47.1,5.8,Sandy,Groundnut,Germination,4.8,36.0,0,0.0,0.0,Medium
75.02,35.68,27.99,2.97,0.2,18.6,Sandy,Sugarcane,Vegetative,27.8,35.5,1,5.0,3.5,Medium
58.68,40.5,71.75,1.88,2.0,12.3,Peaty,Wheat,Fruiting,1.8,54.5,1,5.5,4.4,Medium
92.71,21.09,45.68,7.04,77.4,14.6,Loamy,Maize,Maturity,23.4,47.2,0,0.0,0.0,Low
52.54,33.1,80.4,1.28,39.2,37.5,Loamy,Wheat,Fruiting,9.5,5.9,0,0.0,0.0,Low
10.82,31.55,51.59,0.83,18.9,5.6,Loamy,Groundnut,Fruiting,8.4,12.3,1,25.2,15.0,High
71.81,22.06,29.67,1.1,79.4,35.3,Clay,Tomato,Flowering,23.4,23.9,0,0.0,0.0,Low
84.12,17.61,46.47,1.98,77.4,32.9,Clay,Maize,Flowering,6.5,25.7,0,0.0,0.0,Low
52.88,35.68,33.49,6.91,38.7,27.9,Sandy,Maize,Flowering,1.6,51.1,1,6.0,3.7,Medium
55.34,41.5,54.42,1.24,96.7,33.2,Silty,Cotton,Vegetative,14.7,8.2,0,0.0,0.0,Medium
11.36,42.36,94.8,2.89,51.7,17.6,Silty,Cotton,Flowering,24.0,48.4,1,34.9,22.0,High
72.36,37.24,90.87,1.74,6.5,29.6,Loamy,Tomato,Flowering,9.7,16.0,0,0.0,0.0,Medium
71.53,34.28,33.91,1.44,79.5,5.0,Silty,Rice,Flowering,16.2,50.3,0,0.0,0.0,Medium
36.88,40.17,80.3,3.28,50.6,0.7,Peaty,Tomato,Flowering,4.8,3.7,1,14.6,9.1,High
66.26,23.66,80.9,0.95,69.3,5.0,Silty,Cotton,Flowering,15.6,52.2,0,0.0,0.0,Low
69.74,19.02,55.69,2.23,2.7,2.8,Peaty,Maize,Flowering,8.6,24.9,0,0.0,0.0,Low
32.98,43.21,53.45,0.7,47.1,4.0,Clay,Groundnut,Vegetative,2.2,50.8,1,5.0,3.2,High
68.54,36.23,83.4,3.79,52.5,39.4,Peaty,Tomato,Germination,14.0,42.0,0,0.0,0.0,Medium
69.58,38.15,63.85,0.79,94.9,16.1,Loamy,Sugarcane,Maturity,0.6,68.4,0,0.0,0.0,Medium
24.14,30.28,62.11,3.5,11.7,26.3,Clay,Wheat,Fruiting,2.0,33.8,1,25.4,15.3,High
71.0,18.26,45.8,4.45,83.1,13.8,Loamy,Sugarcane,Flowering,28.7,54.8,0,0.0,0.0,Low
51.97,43.38,76.37,5.39,20.9,25.8,Loamy,Rice,Vegetative,0.3,11.3,1,13.2,8.0,High
80.34,21.22,54.99,0.43,74.8,23.1,Clay,Sugarcane,Flowering,26.2,52.7,0,0.0,0.0,Low
37.22,36.95,55.43,5.21,41.0,32.1,Clay,Sugarcane,Vegetative,4.0,54.4,1,27.0,15.5,High
93.85,38.87,92.69,1.56,98.0,9.8,Clay,Maize,Maturity,25.9,14.3,0,0.0,0.0,Medium
58.36,38.43,31.01,1.89,2.8,17.2,Sandy,Wheat,Fruiting,7.0,58.3,1,5.5,3.2,Medium
82.28,38.37,84.25,6.67,81.9,34.1,Loamy,Rice,Vegetative,21.2,24.0,0,0.0,0.0,Medium
33.29,27.55,66.06,1.26,30.9,3.8,Clay,Cotton,Germination,14.1,28.7,1,6.1,4.7,Medium
63.61,37.61,37.98,0.49,4.9,7.6,Silty,Tomato,Germination,18.9,69.7,1,5.0,4.1,Medium
89.54,44.39,81.08,1.31,82.6,38.3,Sandy,Cotton,Germination,16.7,41.6,0,0.0,0.0,Medium
45.86,22.55,90.85,0.12,43.6,20.4,Sandy,Tomato,Maturity,19.7,1.8,0,0.0,0.0,Medium
17.31,20.9,57.58,1.64,46.8,0.6,Loamy,Groundnut,Germination,22.9,30.2,1,9.8,6.4,High
81.63,37.62,21.5,5.3,33.2,23.9,Loamy,Rice,Flowering,19.1,48.4,1,6.0,3.3,Medium
61.67,39.25,57.35,8.56,89.7,35.7,Clay,Wheat,Vegetative,4.0,48.8,0,0.0,0.0,Medium
78.26,42.34,22.14,1.33,83.5,8.4,Silty,Sugarcane,Germination,0.3,21.7,0,0.0,0.0,Medium
68.51,32.36,59.57,9.94,13.0,29.6,Peaty,Tomato,Germination,14.7,0.5,0,0.0,0.0,Low
46.81,35.13,40.41,10.5,8.1,33.5,Peaty,Sugarcane,Fruiting,11.8,30.8,0,0.0,0.0,Medium
49.41,43.63,63.25,0.3,36.7,9.8,Sandy,Sugarcane,Fruiting,15.2,22.8,1,5.5,3.8,High
73.59,33.45,73.82,2.36,32.2,12.4,Peaty,Sugarcane,Vegetative,19.9,30.4,0,0.0,0.0,Medium
81.14,32.81,64.33,0.44,61.0,11.8,Peaty,Rice,Germination,16.1,34.4,0,0.0,0.0,Low
57.31,44.79,31.8,3.21,40.0,29.3,Silty,Sugarcane,Vegetative,11.5,65.1,1,6.3,5.5,High
57.25,39.12,79.49,3.51,38.5,25.2,Sandy,Tomato,Fruiting,10.0,63.4,1,5.5,4.7,Medium
94.71,36.77,40.89,0.58,83.6,32.5,Loamy,Groundnut,Flowering,0.6,38.9,0,0.0,0.0,Medium
83.35,40.67,89.91,2.86,56.2,30.0,Loamy,Rice,Maturity,6.5,34.8,0,0.0,0.0,Medium
89.75,29.86,92.22,2.67,66.2,34.4,Sandy,Tomato,Germination,0.8,20.4,0,0.0,0.0,Low
87.25,44.85,82.26,2.54,77.2,31.1,Peaty,Rice,Fruiting,5.2,51.9,0,0.0,0.0,Medium
34.52,40.44,48.31,1.14,50.3,23.4,Peaty,Maize,Vegetative,20.5,57.8,1,14.2,9.3,High
55.38,20.74,56.03,0.76,89.7,0.1,Sandy,Wheat,Vegetative,12.3,15.9,0,0.0,0.0,Low
59.8,44.14,92.58,12.0,38.7,36.6,Peaty,Sugarcane,Vegetative,15.3,37.4,0,0.0,0.0,High
84.32,24.41,77.98,1.99,34.8,6.3,Silty,Rice,Maturity,0.6,24.3,0,0.0,0.0,Low
16.64,42.15,28.68,0.26,32.0,21.9,Silty,Groundnut,Flowering,21.5,40.0,1,22.2,12.6,High
47.09,43.85,54.79,3.96,15.9,16.7,Sandy,Sugarcane,Fruiting,10.4,34.5,1,10.7,5.9,High
63.56,39.21,93.79,3.4,92.6,11.8,Peaty,Groundnut,Vegetative,12.7,8.1,0,0.0,0.0,Medium
11.67,37.89,31.46,7.21,0.9,17.4,Clay,Groundnut,Vegetative,15.7,29.7,1,29.3,18.2,High
73.68,35.03,35.75,1.18,95.6,33.9,Sandy,Rice,Maturity,16.3,35.3,0,0.0,0.0,Medium
51.11,40.71,85.86,3.65,1.8,17.6,Clay,Tomato,Flowering,25.3,66.4,1,6.0,3.2,High
87.53,30.08,84.77,1.31,83.7,17.0,Clay,Wheat,Flowering,8.3,34.0,0,0.0,0.0,Low
59.09,29.79,30.86,2.94,95.4,2.3,Peaty,Cotton,Flowering,30.0,0.4,0,0.0,0.0,Low
67.64,29.25,75.08,2.73,36.7,33.5,Clay,Tomato,Vegetative,5.2,1.8,0,0.0,0.0,Low
71.04,15.55,56.23,0.3,89.2,26.0,Clay,Rice,Germination,24.8,26.0,0,0.0,0.0,Low
72.3,44.5,56.06,1.6,94.7,9.6,Loamy,Sugarcane,Flowering,27.2,46.6,0,0.0,0.0,Medium
72.11,41.42,69.11,2.28,32.7,11.7,Sandy,Rice,Vegetative,15.0,19.9,0,0.0,0.0,Medium
61.69,33.07,93.61,0.79,39.5,18.4,Loamy,Groundnut,Flowering,12.4,55.6,0,0.0,0.0,Medium
76.32,32.94,59.11,0.54,33.9,37.6,Silty,Rice,Vegetative,25.9,60.4,1,5.0,3.0,Low
40.11,42.75,78.3,1.75,54.7,1.3,Peaty,Cotton,Maturity,12.8,27.0,1,5.0,3.0,High
67.75,28.06,50.86,3.75,7.7,2.3,Loamy,Rice,Flowering,2.7,67.6,1,6.0,4.4,Medium
71.42,42.59,95.13,0.01,75.9,4.6,Peaty,Groundnut,Vegetative,6.9,69.5,0,0.0,0.0,Medium
29.61,18.07,88.57,0.11,42.6,34.5,Peaty,Wheat,Flowering,3.2,9.1,1,9.4,3.7,Medium
92.29,31.72,39.96,7.39,84.4,3.4,Peaty,Wheat,Maturity,11.0,23.2,0,0.0,0.0,Low
78.85,28.05,51.35,4.01,0.3,37.9,Loamy,Rice,Maturity,21.2,30.4,0,0.0,0.0,Low
76.0,19.56,79.43,0.09,61.9,13.7,Loamy,Cotton,Flowering,23.7,59.7,0,0.0,0.0,Low
62.37,27.74,32.59,8.36,79.1,5.5,Clay,Groundnut,Vegetative,2.4,53.8,0,0.0,0.0,Low
54.92,36.54,64.63,5.3,5.8,9.4,Loamy,Tomato,Vegetative,26.4,58.6,1,5.0,3.7,Medium
14.03,35.68,66.32,0.25,14.3,36.3,Peaty,Groundnut,Vegetative,6.0,22.9,1,15.3,8.2,High
85.16,28.7,49.86,0.03,73.3,6.6,Loamy,Sugarcane,Germination,10.5,3.2,0,0.0,0.0,Low
29.82,36.4,37.32,10.08,22.7,6.8,Sandy,Wheat,Germination,29.2,4.7,0,0.0,0.0,Medium
44.07,24.84,53.99,0.06,18.1,6.8,Sandy,Wheat,Maturity,4.0,70.4,1,5.0,3.0,Medium
55.1,31.23,31.72,1.93,82.4,20.4,Sandy,Wheat,Flowering,12.4,54.3,0,0.0,0.0,Low
62.29,20.53,23.58,0.56,85.5,29.4,Loamy,Cotton,Maturity,26.9,47.9,0,0.0,0.0,Low
70.23,42.72,88.44,4.69,83.0,11.6,Clay,Maize,Fruiting,7.2,25.5,0,0.0,0.0,Medium
88.62,32.08,78.63,19.64,86.0,20.2,Clay,Wheat,Germination,19.8,52.6,0,0.0,0.0,Low
66.27,28.41,60.69,1.38,1.8,25.7,Clay,Sugarcane,Vegetative,29.3,36.6,1,5.0,3.3,Low
67.45,36.19,87.46,1.0,90.2,26.5,Sandy,Sugarcane,Fruiting,11.4,34.3,0,0.0,0.0,Medium
60.87,44.41,72.98,10.21,2.0,14.2,Peaty,Sugarcane,Maturity,23.5,47.1,0,0.0,0.0,High
89.35,45.7,87.0,2.5,64.2,6.4,Clay,Groundnut,Maturity,13.8,37.5,0,0.0,0.0,Medium
91.13,32.66,62.88,0.43,64.7,12.6,Peaty,Rice,Fruiting,17.6,31.2,0,0.0,0.0,Low
85.61,42.53,60.74,0.67,67.1,32.1,Loamy,Maize,Vegetative,18.0,37.4,0,0.0,0.0,Medium
70.67,36.91,35.83,0.56,82.2,38.1,Loamy,Sugarcane,Fruiting,28.6,30.9,0,0.0,0.0,Medium
59.97,37.01,34.57,8.39,22.7,14.9,Clay,Cotton,Flowering,6.3,46.0,0,0.0,0.0,Medium
22.97,16.83,92.33,2.64,17.3,25.1,Peaty,Maize,Fruiting,5.6,45.5,1,22.0,12.3,High
39.04,41.55,44.98,1.77,12.2,18.0,Sandy,Wheat,Maturity,26.5,2.6,1,5.0,3.1,High
59.33,41.07,89.93,5.46,4.1,26.1,Sandy,Sugarcane,Fruiting,24.2,11.4,1,5.5,3.9,High
92.07,38.6,74.86,4.97,74.0,17.8,Silty,Rice,Vegetative,27.4,31.5,0,0.0,0.0,Medium
68.08,25.48,47.29,0.25,87.1,9.7,Peaty,Sugarcane,Maturity,23.4,34.9,0,0.0,0.0,Low
77.97,32.32,43.86,4.56,37.3,4.6,Peaty,Sugarcane,Maturity,20.9,18.2,0,0.0,0.0,Low
28.49,18.33,69.6,2.8,37.6,32.7,Clay,Cotton,Flowering,11.3,50.2,1,18.9,12.3,Medium
46.02,32.73,33.97,5.72,59.6,34.6,Sandy,Tomato,Maturity,17.9,37.8,0,0.0,0.0,Medium
23.58,36.44,85.67,4.31,13.4,13.9,Loamy,Wheat,Maturity,22.7,19.2,1,11.4,6.4,High
48.09,19.92,42.88,12.6,22.7,30.1,Silty,Sugarcane,Fruiting,12.0,63.4,0,0.0,0.0,Medium
78.3,24.78,22.46,1.32,93.2,11.0,Silty,Maize,Germination,8.9,7.7,0,0.0,0.0,Low
71.51,42.72,39.1,0.33,28.2,31.9,Peaty,Maize,Fruiting,15.0,38.9,0,0.0,0.0,Medium
50.71,39.0,76.13,6.92,81.4,11.5,Loamy,Wheat,Maturity,12.9,25.1,0,0.0,0.0,Medium
46.61,36.04,74.48,0.8,0.6,26.6,Silty,Cotton,Germination,19.5,11.3,0,0.0,0.0,Medium
33.89,24.83,78.75,1.62,52.2,5.8,Clay,Tomato,Fruiting,21.8,70.3,1,23.5,14.2,Medium
86.68,37.88,61.98,2.77,24.9,28.8,Loamy,Rice,Vegetative,26.1,2.1,0,0.0,0.0,Medium
56.61,16.69,52.72,0.32,11.5,18.5,Clay,Maize,Vegetative,27.2,50.8,0,0.0,0.0,Low
66.3,34.36,49.94,1.6,9.9,16.6,Sandy,Maize,Germination,2.0,12.6,0,0.0,0.0,Medium
42.94,29.07,77.37,6.26,97.4,34.0,Sandy,Groundnut,Germination,10.3,53.9,0,0.0,0.0,Low
13.36,25.67,71.65,1.36,5.5,32.0,Silty,Cotton,Maturity,29.9,62.0,1,19.8,11.7,High
67.78,16.74,34.84,3.09,90.8,30.9,Sandy,Maize,Fruiting,24.7,69.6,0,0.0,0.0,Low
39.62,21.27,29.98,9.71,7.1,30.6,Peaty,Tomato,Maturity,2.4,31.2,0,0.0,0.0,Medium
63.7,27.04,45.44,4.98,62.5,31.1,Loamy,Cotton,Vegetative,20.8,4.7,0,0.0,0.0,Low
62.48,23.29,76.49,1.59,81.5,34.1,Sandy,Wheat,Germination,10.3,65.8,0,0.0,0.0,Low
84.32,20.02,83.23,12.25,76.6,14.4,Clay,Rice,Vegetative,20.1,13.9,0,0.0,0.0,Low
31.8,20.35,39.4,5.83,5.7,6.3,Clay,Maize,Fruiting,2.1,49.4,1,25.3,14.7,Medium
60.37,38.04,59.03,1.13,99.3,24.8,Clay,Wheat,Maturity,25.4,10.8,0,0.0,0.0,Medium
63.15,42.62,69.74,2.77,30.9,24.3,Loamy,Groundnut,Maturity,11.3,17.4,0,0.0,0.0,Medium
66.99,38.63,39.7,3.87,74.9,16.3,Clay,Sugarcane,Flowering,0.3,35.5,0,0.0,0.0,Medium
70.48,33.02,82.64,0.56,58.5,5.8,Silty,Rice,Flowering,0.5,40.2,0,0.0,0.0,Medium
71.53,33.78,59.95,3.84,52.5,36.9,Peaty,Wheat,Flowering,21.8,65.6,0,0.0,0.0,Medium
58.9,31.09,46.37,5.19,16.0,17.4,Peaty,Tomato,Flowering,24.6,46.8,1,6.0,3.7,Low
74.13,41.13,65.05,1.31,47.0,25.4,Sandy,Sugarcane,Vegetative,19.3,69.3,1,5.0,3.8,Medium
72.81,25.54,81.69,0.12,51.4,36.8,Silty,Maize,Flowering,24.1,1.6,0,0.0,0.0,Low
69.96,39.5,46.11,1.18,73.6,27.5,Sandy,Wheat,Flowering,12.6,47.3,0,0.0,0.0,Medium
42.0,28.94,51.94,0.3,14.5,20.7,Sandy,Cotton,Maturity,14.0,0.9,1,5.0,3.0,Medium
77.08,22.22,34.61,0.75,33.3,34.0,Loamy,Sugarcane,Flowering,13.1,13.5,0,0.0,0.0,Low
39.32,24.67,50.55,3.4,30.7,12.9,Sandy,Wheat,Maturity,28.7,31.5,1,5.0,3.0,Medium
77.82,37.8,54.93,1.24,60.1,11.8,Loamy,Rice,Maturity,24.2,28.2,0,0.0,0.0,Medium
42.7,27.65,50.22,0.21,12.2,2.5,Clay,Rice,Flowering,2.6,50.2,1,28.5,16.8,High
40.2,23.83,91.65,3.39,47.0,17.7,Sandy,Sugarcane,Maturity,23.4,6.0,1,7.7,4.2,High
67.58,17.6,24.4,0.17,41.8,37.9,Silty,Wheat,Fruiting,23.5,29.1,0,0.0,0.0,Low
51.71,17.62,84.51,3.9,53.3,2.5,Sandy,Cotton,Fruiting,13.4,53.0,0,0.0,0.0,Low
74.8,40.19,24.85,1.05,87.1,16.2,Sandy,Tomato,Flowering,5.5,39.8,0,0.0,0.0,Medium
72.99,43.14,32.69,0.06,42.2,29.9,Loamy,Wheat,Maturity,1.5,56.6,0,0.0,0.0,Medium
70.73,34.69,95.69,1.88,81.1,36.6,Peaty,Rice,Germination,8.7,7.2,0,0.0,0.0,Medium
90.58,37.78,50.54,1.46,12.5,12.0,Loamy,Rice,Vegetative,14.7,14.7,0,0.0,0.0,Medium
86.66,37.05,92.81,2.92,81.2,22.9,Silty,Tomato,Germination,28.2,51.2,0,0.0,0.0,Medium
53.15,39.04,50.01,4.0,89.9,10.5,Sandy,Groundnut,Maturity,10.8,30.1,0,0.0,0.0,Medium
71.8,25.14,77.03,2.72,68.4,12.9,Silty,Sugarcane,Vegetative,7.6,6.0,0,0.0,0.0,Low
68.39,25.9,50.0,4.81,1.0,27.0,Loamy,Cotton,Fruiting,12.0,34.9,0,0.0,0.0,Low
54.8,25.78,43.55,0.95,30.9,30.2,Silty,Rice,Fruiting,24.0,6.6,1,16.3,10.8,Medium
75.59,36.27,56.42,1.87,93.3,22.0,Silty,Tomato,Vegetative,23.2,42.7,0,0.0,0.0,Medium
87.52,38.79,50.11,3.29,95.6,35.5,Silty,Rice,Flowering,28.3,63.1,0,0.0,0.0,Medium
76.65,40.93,89.07,2.57,36.8,13.7,Silty,Tomato,Vegetative,28.8,31.7,0,0.0,0.0,Medium
76.83,25.29,31.06,0.81,68.4,19.1,Clay,Tomato,Vegetative,9.7,60.2,0,0.0,0.0,Low
80.71,30.03,30.65,0.12,21.2,18.6,Silty,Rice,Germination,8.0,49.3,0,0.0,0.0,Low
56.6,35.68,73.51,6.78,82.5,24.3,Sandy,Maize,Flowering,22.5,70.2,0,0.0,0.0,Medium
30.38,43.26,55.78,2.28,3.8,36.0,Silty,Wheat,Germination,29.4,14.6,1,7.4,3.0,High
70.92,24.5,70.72,3.84,65.3,4.5,Peaty,Cotton,Maturity,22.9,14.5,0,0.0,0.0,Low
63.11,37.61,46.72,3.48,49.3,18.9,Silty,Groundnut,Maturity,19.1,17.0,0,0.0,0.0,Medium
36.48,18.29,25.14,5.69,50.1,27.0,Silty,Groundnut,Germination,12.4,21.6,0,0.0,0.0,Medium
64.15,26.46,50.7,1.03,36.3,10.6,Loamy,Maize,Flowering,29.5,52.9,0,0.0,0.0,Low
50.42,15.97,94.36,11.93,52.4,8.3,Peaty,Rice,Vegetative,1.7,44.1,0,0.0,0.0,Medium
57.52,37.15,73.51,1.14,93.4,20.3,Sandy,Wheat,Fruiting,20.2,54.1,0,0.0,0.0,Medium
83.97,33.65,50.92,1.49,83.7,12.6,Clay,Sugarcane,Germination,26.2,44.8,0,0.0,0.0,Medium
51.8,17.88,22.59,0.56,7.2,7.8,Loamy,Maize,Vegetative,20.1,66.1,1,5.5,3.0,Medium
15.29,27.77,75.16,2.12,8.4,39.3,Loamy,Cotton,Fruiting,4.8,30.3,1,26.7,15.9,High
79.51,30.04,63.71,0.71,92.7,4.4,Sandy,Cotton,Fruiting,26.6,6.0,0,0.0,0.0,Low
61.98,33.24,66.03,2.92,45.6,37.4,Peaty,Tomato,Flowering,2.2,56.5,0,0.0,0.0,Low
38.73,43.3,46.67,0.44,30.5,31.7,Sandy,Maize,Fruiting,11.5,56.8,1,8.2,3.2,High
84.81,39.16,36.0,5.82,31.1,34.8,Clay,Sugarcane,Germination,20.9,64.4,0,0.0,0.0,Medium
83.28,29.74,48.91,1.28,78.4,11.6,Peaty,Rice,Fruiting,10.1,64.3,0,0.0,0.0,Low
46.61,28.63,36.99,1.65,49.7,29.8,Sandy,Rice,Germination,17.1,47.7,1,5.9,4.4,High
81.11,21.08,71.32,1.02,92.7,24.2,Peaty,Sugarcane,Germination,8.9,36.6,0,0.0,0.0,Low
56.48,28.38,27.4,0.89,16.7,30.0,Peaty,Wheat,Flowering,23.8,50.3,0,0.0,0.0,Low
93.81,20.29,86.24,1.21,66.6,34.3,Clay,Sugarcane,Vegetative,6.3,8.9,0,0.0,0.0,Low
16.62,40.23,40.91,2.43,33.7,12.7,Loamy,Wheat,Maturity,18.0,70.0,1,19.5,10.9,High
82.61,31.14,72.28,4.96,99.0,15.7,Peaty,Sugarcane,Flowering,11.3,17.1,0,0.0,0.0,Low
73.54,22.36,24.67,5.84,41.7,31.9,Silty,Sugarcane,Germination,27.8,1.7,0,0.0,0.0,Low
65.66,32.07,63.33,8.09,92.1,1.5,Sandy,Cotton,Maturity,15.3,25.8,0,0.0,0.0,Low
56.49,37.48,28.26,1.13,48.5,10.5,Silty,Sugarcane,Germination,8.5,45.8,1,5.0,3.0,Medium
39.25,40.36,51.45,0.58,51.1,17.8,Peaty,Sugarcane,Fruiting,19.9,58.5,1,22.5,12.8,High
57.69,16.77,85.72,3.35,11.7,30.6,Loamy,Maize,Germination,29.6,36.8,0,0.0,0.0,Low
90.31,23.74,21.61,1.05,68.5,30.4,Sandy,Rice,Fruiting,27.3,26.3,0,0.0,0.0,Low
36.21,36.28,29.58,0.32,5.5,32.4,Silty,Maize,Vegetative,18.1,10.4,1,15.0,8.6,Medium
48.77,19.94,74.11,0.17,34.2,36.7,Loamy,Wheat,Vegetative,27.3,22.3,0,0.0,0.0,Low
67.9,29.81,78.22,4.17,19.8,37.7,Loamy,Maize,Fruiting,16.0,40.3,0,0.0,0.0,Low
56.41,17.89,63.68,0.76,11.7,32.6,Sandy,Sugarcane,Fruiting,15.1,21.1,1,5.5,3.0,Medium
77.14,43.01,55.13,0.36,2.5,24.5,Silty,Rice,Flowering,0.5,68.3,1,6.0,5.8,Medium
52.85,16.08,48.33,10.36,36.9,15.9,Peaty,Wheat,Maturity,27.2,21.2,0,0.0,0.0,Low
57.28,28.83,49.54,1.69,61.2,10.5,Clay,Cotton,Fruiting,14.5,2.6,0,0.0,0.0,Low
67.53,35.78,61.6,0.2,25.7,9.5,Silty,Tomato,Fruiting,10.4,36.0,0,0.0,0.0,Medium
74.83,27.19,75.89,0.72,75.5,26.8,Peaty,Tomato,Fruiting,29.1,63.6,0,0.0,0.0,Low
63.09,42.23,77.25,0.41,70.4,10.1,Clay,Maize,Vegetative,22.8,69.1,0,0.0,0.0,Medium
69.65,38.22,54.36,0.89,63.3,8.4,Sandy,Cotton,Maturity,5.7,54.7,0,0.0,0.0,Medium
71.31,26.66,26.01,7.64,0.8,29.4,Loamy,Wheat,Flowering,9.2,5.4,0,0.0,0.0,Low
32.88,30.99,63.5,9.21,42.2,35.7,Peaty,Wheat,Fruiting,13.6,48.6,0,0.0,0.0,Medium
91.53,28.07,85.45,13.64,87.9,1.9,Clay,Groundnut,Germination,3.1,32.2,0,0.0,0.0,Low
51.06,37.36,71.77,3.69,54.7,27.1,Peaty,Maize,Flowering,6.2,15.7,0,0.0,0.0,Medium
89.48,37.44,70.28,5.99,0.5,24.2,Silty,Sugarcane,Fruiting,23.7,24.8,0,0.0,0.0,Medium
24.67,23.36,75.38,2.61,46.4,4.7,Silty,Maize,Maturity,21.1,9.0,1,16.3,11.4,High
39.67,41.7,27.13,0.12,43.0,33.1,Sandy,Wheat,Germination,26.5,16.9,1,5.0,5.0,High
39.92,35.74,70.81,0.67,26.5,12.4,Silty,Maize,Flowering,25.6,54.5,1,14.8,10.1,Medium
43.63,20.63,24.88,4.19,55.7,2.3,Sandy,Wheat,Vegetative,1.2,25.5,0,0.0,0.0,Medium
42.67,20.86,70.81,2.65,55.6,25.6,Loamy,Tomato,Germination,5.8,58.1,0,0.0,0.0,Medium
70.98,25.25,48.08,0.1,81.7,27.6,Loamy,Wheat,Germination,12.2,64.5,0,0.0,0.0,Low
80.04,15.27,45.47,0.27,5.1,38.6,Loamy,Rice,Fruiting,15.2,7.8,0,0.0,0.0,Low
89.86,38.32,53.37,2.04,65.1,5.0,Peaty,Sugarcane,Flowering,25.1,39.0,0,0.0,0.0,Medium
46.47,43.49,52.08,4.68,63.7,12.6,Loamy,Groundnut,Vegetative,23.9,54.9,1,5.0,3.0,Medium
66.61,26.84,39.53,2.13,99.4,36.1,Sandy,Maize,Flowering,5.9,34.3,0,0.0,0.0,Low
49.99,21.37,42.56,4.8,15.1,4.9,Peaty,Tomato,Maturity,25.9,16.1,1,5.0,3.0,Medium
64.51,42.18,36.48,2.86,90.7,19.5,Peaty,Groundnut,Fruiting,4.2,70.6,0,0.0,0.0,Medium
82.73,15.38,91.52,4.6,99.8,30.5,Silty,Wheat,Vegetative,21.0,30.5,0,0.0,0.0,Low
74.55,45.32,64.86,5.82,17.2,33.0,Clay,Tomato,Vegetative,25.2,45.2,0,0.0,0.0,Medium
69.16,41.13,72.23,4.54,68.9,27.9,Silty,Tomato,Germination,29.0,46.0,0,0.0,0.0,Medium
67.46,24.13,91.88,4.53,96.6,14.9,Loamy,Tomato,Fruiting,12.2,37.6,0,0.0,0.0,Low
68.28,39.92,90.4,0.49,34.1,39.4,Loamy,Sugarcane,Germination,20.1,63.7,1,5.0,4.1,Medium
67.74,17.02,54.74,0.56,25.8,20.3,Sandy,Groundnut,Fruiting,20.5,20.1,0,0.0,0.0,Low
42.52,25.71,80.55,0.56,14.5,4.1,Peaty,Groundnut,Fruiting,3.7,3.0,0,0.0,0.0,Low
56.96,22.73,93.76,1.09,97.8,13.2,Sandy,Cotton,Fruiting,5.5,29.7,0,0.0,0.0,Low
56.93,37.51,83.75,2.68,36.6,17.6,Loamy,Cotton,Germination,8.8,24.1,0,0.0,0.0,Medium
28.33,22.65,92.32,3.67,46.5,2.7,Silty,Tomato,Fruiting,5.9,65.0,1,29.0,17.4,High
21.34,36.71,58.16,1.63,52.6,17.4,Silty,Maize,Maturity,20.4,69.3,1,20.6,10.6,High
43.16,37.14,79.26,6.07,47.6,31.2,Loamy,Rice,Germination,13.3,2.2,1,12.7,6.8,High
30.49,31.85,52.03,1.36,22.2,10.1,Loamy,Maize,Maturity,25.6,39.5,1,13.5,6.1,Medium
46.27,22.17,72.48,5.76,30.6,17.4,Clay,Rice,Vegetative,25.7,7.0,1,21.0,13.2,High
83.32,27.88,76.06,1.81,8.0,20.7,Clay,Sugarcane,Fruiting,25.7,41.4,0,0.0,0.0,Low
40.55,27.77,86.5,5.35,1.2,4.8,Clay,Groundnut,Vegetative,3.4,19.8,0,0.0,0.0,Low
38.65,16.15,44.74,5.7,25.0,39.0,Peaty,Groundnut,Vegetative,28.1,30.9,1,5.0,3.0,Medium
92.08,24.37,55.67,0.48,82.8,2.6,Sandy,Cotton,Fruiting,2.2,64.4,0,0.0,0.0,Low
62.68,22.94,39.71,3.78,50.6,6.4,Peaty,Wheat,Maturity,18.3,19.3,0,0.0,0.0,Low
71.19,37.81,59.95,5.02,75.2,7.8,Clay,Maize,Maturity,4.3,9.6,0,0.0,0.0,Medium
60.15,21.49,91.49,1.27,7.9,9.6,Clay,Cotton,Flowering,6.1,28.4,0,0.0,0.0,Low
39.67,19.75,69.29,6.62,12.0,7.3,Clay,Tomato,Vegetative,19.5,37.7,1,14.3,8.0,Medium
63.95,26.94,44.24,4.57,2.2,12.1,Clay,Rice,Maturity,18.0,11.2,1,5.0,4.8,Medium
90.81,17.15,24.19,5.87,67.7,30.6,Silty,Wheat,Vegetative,22.5,49.8,0,0.0,0.0,Low
36.34,25.04,47.68,0.04,0.2,36.3,Silty,Sugarcane,Fruiting,1.0,14.8,1,29.6,18.6,High
63.99,32.44,35.67,3.92,30.9,26.4,Loamy,Sugarcane,Flowering,17.8,29.7,1,6.0,3.4,Medium
16.87,41.89,46.25,0.97,18.2,34.9,Silty,Groundnut,Germination,19.3,23.9,1,11.1,6.2,High
70.06,31.01,85.79,1.48,17.8,23.1,Silty,Tomato,Fruiting,3.6,3.0,0,0.0,0.0,Low
74.71,23.05,68.76,1.15,68.2,31.1,Peaty,Sugarcane,Maturity,11.0,3.6,0,0.0,0.0,Low
36.08,44.16,73.65,0.66,46.3,28.0,Clay,Sugarcane,Flowering,23.4,68.2,1,39.4,20.7,High
93.24,38.18,44.28,10.54,64.1,3.8,Clay,Maize,Germination,22.3,50.1,0,0.0,0.0,Medium
49.67,29.42,69.19,3.52,2.2,11.5,Sandy,Groundnut,Flowering,26.7,48.2,0,0.0,0.0,Low
77.99,25.78,31.21,1.37,60.9,19.5,Peaty,Maize,Maturity,17.2,17.6,0,0.0,0.0,Low
81.14,31.82,80.45,1.87,47.5,6.5,Sandy,Rice,Germination,0.1,30.6,0,0.0,0.0,Low
81.79,16.16,58.22,3.83,36.8,29.9,Silty,Rice,Germination,29.5,39.3,0,0.0,0.0,Low
46.16,34.33,88.28,6.68,8.4,11.5,Silty,Wheat,Maturity,0.8,38.1,1,5.0,3.0,Medium
58.19,44.2,84.76,3.06,46.2,17.0,Loamy,Cotton,Fruiting,6.5,42.3,0,0.0,0.0,Medium
79.61,40.29,30.36,2.72,98.4,24.0,Loamy,Cotton,Flowering,25.8,62.4,0,0.0,0.0,Medium
71.72,16.67,78.1,0.67,2.6,19.7,Silty,Wheat,Maturity,26.6,70.7,0,0.0,0.0,Low
68.59,39.71,88.63,4.15,74.4,23.5,Sandy,Cotton,Fruiting,29.2,46.4,0,0.0,0.0,Medium
21.96,43.61,30.64,0.09,13.3,16.9,Loamy,Groundnut,Flowering,6.5,62.6,1,18.1,10.0,High
66.39,21.82,55.06,0.73,25.0,34.9,Loamy,Maize,Maturity,1.7,23.1,0,0.0,0.0,Low
80.46,25.01,84.33,0.82,65.1,33.4,Peaty,Rice,Fruiting,1.8,54.6,0,0.0,0.0,Low
65.79,38.2,25.53,8.0,46.7,6.0,Loamy,Maize,Flowering,15.5,48.4,0,0.0,0.0,Medium
61.11,28.66,25.89,1.78,0.4,17.7,Loamy,Tomato,Flowering,5.5,39.8,1,6.0,3.0,Low
86.46,41.97,61.73,0.98,86.4,11.2,Peaty,Rice,Germination,5.7,45.3,0,0.0,0.0,Medium
87.15,16.72,59.81,0.39,66.1,12.0,Silty,Sugarcane,Maturity,23.3,21.6,0,0.0,0.0,Low
63.32,37.87,50.99,3.22,2.2,11.6,Silty,Cotton,Fruiting,7.0,65.2,0,0.0,0.0,Medium
49.57,24.96,64.01,5.27,22.9,1.8,Sandy,Maize,Germination,20.5,51.8,1,5.0,3.0,Medium
84.03,29.42,69.93,1.44,75.1,27.3,Clay,Sugarcane,Maturity,0.8,61.8,0,0.0,0.0,Low
81.33,22.85,86.37,10.67,92.4,4.4,Clay,Groundnut,Flowering,16.7,56.8,0,0.0,0.0,Low
69.24,24.69,31.95,1.37,1.9,16.4,Loamy,Wheat,Vegetative,5.8,34.4,0,0.0,0.0,Low
67.15,40.99,48.19,0.62,48.9,5.4,Peaty,Sugarcane,Maturity,17.3,35.3,0,0.0,0.0,Medium
22.76,36.39,63.81,4.97,11.1,10.5,Clay,Wheat,Maturity,26.9,7.1,1,17.9,12.0,High
72.2,33.58,38.12,3.91,77.3,30.5,Silty,Maize,Germination,4.7,42.1,0,0.0,0.0,Medium
65.3,35.05,31.63,0.02,96.8,32.4,Loamy,Cotton,Flowering,13.7,66.9,0,0.0,0.0,Medium
49.13,20.56,51.64,2.89,14.5,15.2,Silty,Sugarcane,Vegetative,19.4,66.2,1,16.9,9.7,Medium
83.29,26.44,41.04,3.92,79.6,13.2,Sandy,Sugarcane,Vegetative,5.4,56.9,0,0.0,0.0,Low
77.22,41.84,60.71,0.57,7.5,35.6,Peaty,Rice,Fruiting,6.6,52.2,1,5.5,4.2,Medium
61.47,38.5,95.48,8.13,30.0,15.9,Clay,Wheat,Vegetative,11.6,50.3,0,0.0,0.0,Medium
79.84,26.61,58.02,6.86,67.3,34.9,Peaty,Tomato,Fruiting,22.2,0.9,0,0.0,0.0,Low
79.73,43.51,60.78,0.64,47.2,20.7,Clay,Tomato,Germination,21.5,37.4,0,0.0,0.0,Medium
47.68,35.62,49.29,0.61,17.7,19.1,Loamy,Maize,Fruiting,12.5,61.3,1,9.1,6.5,Medium
58.12,15.2,90.09,1.69,8.3,6.6,Silty,Rice,Fruiting,16.6,50.7,1,12.2,7.3,Medium
94.13,35.76,76.66,3.67,66.6,5.5,Loamy,Tomato,Fruiting,19.7,64.6,0,0.0,0.0,Medium
29.59,25.82,31.26,1.51,30.4,16.4,Silty,Maize,Germination,18.3,3.2,1,14.0,8.2,Medium
58.1,32.33,27.65,9.0,46.8,4.6,Clay,Rice,Fruiting,11.2,24.9,0,0.0,0.0,Medium
66.74,30.63,33.9,0.74,61.7,4.1,Silty,Sugarcane,Flowering,3.1,28.2,0,0.0,0.0,Low
43.17,25.85,46.46,0.97,40.9,4.8,Clay,Rice,Vegetative,16.2,32.7,1,22.2,12.9,High
52.03,42.9,26.69,7.56,81.6,23.5,Silty,Cotton,Fruiting,24.4,49.7,0,0.0,0.0,Medium
93.65,26.75,74.87,3.09,71.4,13.7,Silty,Sugarcane,Vegetative,16.8,5.6,0,0.0,0.0,Low
54.77,35.3,54.64,1.4,14.3,40.0,Sandy,Wheat,Vegetative,8.3,5.4,0,0.0,0.0,Medium
91.61,41.88,63.2,7.59,96.4,18.7,Sandy,Tomato,Germination,11.0,18.7,0,0.0,0.0,Medium
78.98,16.14,83.97,0.66,77.1,1.3,Peaty,Rice,Flowering,10.8,23.7,0,0.0,0.0,Low
25.05,40.18,65.32,0.26,38.7,22.3,Clay,Cotton,Vegetative,1.2,27.4,1,17.9,11.6,High
70.32,22.58,76.24,8.47,13.3,15.1,Sandy,Maize,Maturity,14.8,60.7,0,0.0,0.0,Low
74.08,36.17,51.47,10.44,0.0,27.0,Clay,Maize,Flowering,25.7,40.7,0,0.0,0.0,Medium
92.34,26.14,82.93,0.71,94.7,1.7,Clay,Rice,Maturity,13.5,37.9,0,0.0,0.0,Low
44.38,18.23,70.01,0.31,9.5,1.7,Sandy,Cotton,Flowering,13.1,22.1,1,6.0,3.8,Medium
39.21,34.35,35.11,7.0,32.6,6.7,Clay,Maize,Fruiting,28.8,54.2,1,17.6,11.1,Medium
85.11,15.64,55.31,0.39,92.2,36.9,Sandy,Cotton,Fruiting,4.7,10.6,0,0.0,0.0,Low
94.88,34.28,94.01,5.95,73.3,33.3,Silty,Cotton,Fruiting,15.2,50.8,0,0.0,0.0,Medium
71.04,34.48,93.81,0.74,82.9,6.8,Clay,Cotton,Flowering,19.9,47.5,0,0.0,0.0,Medium
50.85,41.45,75.33,4.63,66.9,4.7,Silty,Wheat,Flowering,16.1,42.9,0,0.0,0.0,Medium
75.38,20.67,29.69,0.22,32.6,27.6,Clay,Tomato,Vegetative,9.6,38.2,0,0.0,0.0,Low
17.53,34.1,28.66,3.87,34.9,18.3,Loamy,Cotton,Maturity,21.3,27.1,1,13.9,10.3,High
90.37,23.02,52.13,0.17,77.7,3.6,Clay,Cotton,Vegetative,26.0,69.9,0,0.0,0.0,Low
42.31,44.42,39.57,2.62,46.4,21.9,Sandy,Groundnut,Maturity,27.4,64.5,1,5.0,3.0,Medium
62.13,34.55,31.88,0.85,37.7,18.6,Clay,Sugarcane,Flowering,27.1,7.7,1,6.0,3.0,Medium
62.97,41.08,68.27,0.71,46.6,3.5,Peaty,Sugarcane,Flowering,27.0,2.8,0,0.0,0.0,High
31.75,34.11,52.41,1.65,8.3,39.7,Clay,Wheat,Maturity,3.3,49.1,1,10.4,5.4,Medium
80.55,23.87,90.11,5.29,81.1,0.2,Clay,Wheat,Fruiting,6.9,69.7,0,0.0,0.0,Low
22.75,27.26,29.87,11.14,51.3,19.0,Loamy,Tomato,Fruiting,17.1,46.4,0,0.0,0.0,High
67.14,30.19,91.24,4.26,79.6,5.0,Clay,Tomato,Fruiting,3.2,69.7,0,0.0,0.0,Low
13.79,24.05,73.75,1.93,29.1,22.8,Clay,Cotton,Germination,19.9,10.6,1,19.4,10.7,High
23.99,16.26,91.26,0.73,43.8,12.3,Silty,Wheat,Maturity,10.6,38.8,1,13.6,8.7,High
85.99,26.02,62.09,0.63,80.8,1.6,Silty,Sugarcane,Vegetative,11.7,41.6,0,0.0,0.0,Low
59.23,27.37,41.19,2.05,95.2,38.0,Loamy,Cotton,Maturity,26.5,63.1,0,0.0,0.0,Low
64.34,22.89,63.2,0.11,7.7,38.6,Sandy,Cotton,Flowering,2.4,59.2,0,0.0,0.0,Low
63.94,30.35,83.7,8.58,35.3,4.6,Peaty,Wheat,Germination,3.3,56.1,0,0.0,0.0,Low
48.39,27.09,51.82,1.36,76.6,33.6,Loamy,Groundnut,Flowering,5.0,30.3,0,0.0,0.0,Low
52.79,37.55,65.71,3.1,26.4,3.9,Loamy,Tomato,Germination,18.4,69.3,1,5.0,4.9,Medium
38.84,31.59,46.28,0.3,35.8,12.9,Clay,Sugarcane,Maturity,23.5,29.9,1,18.4,9.9,High
49.42,24.25,38.48,0.72,55.4,29.2,Loamy,Sugarcane,Maturity,10.0,51.9,1,7.8,5.3,Medium
49.91,30.98,74.36,0.29,83.3,24.2,Silty,Groundnut,Fruiting,11.4,6.0,0,0.0,0.0,Low
65.17,32.37,58.69,7.2,83.0,16.8,Peaty,Sugarcane,Vegetative,21.3,3.4,0,0.0,0.0,Low
64.71,34.9,50.11,0.76,17.7,29.0,Loamy,Maize,Germination,5.9,23.0,0,0.0,0.0,Medium
77.84,23.02,47.61,8.81,91.2,25.0,Sandy,Maize,Flowering,6.3,68.6,0,0.0,0.0,Low
66.33,39.89,53.39,2.52,7.0,5.9,Peaty,Tomato,Fruiting,7.5,6.8,0,0.0,0.0,Medium
87.01,27.91,94.16,0.62,78.0,7.1,Peaty,Groundnut,Fruiting,14.6,70.0,0,0.0,0.0,Low
32.53,21.7,63.77,10.39,25.7,32.7,Loamy,Cotton,Maturity,10.6,71.7,0,0.0,0.0,Medium
40.41,29.59,45.06,1.44,43.1,39.6,Sandy,Rice,Maturity,12.8,4.7,1,9.5,5.8,High
55.78,25.22,57.37,0.43,69.0,23.8,Peaty,Cotton,Vegetative,29.5,0.4,0,0.0,0.0,Low
55.67,31.51,35.65,7.85,70.4,10.3,Peaty,Groundnut,Germination,26.4,27.4,0,0.0,0.0,Low
85.01,43.67,36.12,4.53,36.5,33.3,Clay,Sugarcane,Germination,5.6,35.4,0,0.0,0.0,Medium
94.18,21.91,39.74,2.07,96.3,4.3,Loamy,Maize,Flowering,4.8,35.0,0,0.0,0.0,Low
78.61,42.71,86.71,0.3,45.5,28.1,Sandy,Maize,Vegetative,2.6,26.5,0,0.0,0.0,Medium
38.28,14.55,39.29,3.29,17.2,8.0,Peaty,Sugarcane,Maturity,22.4,32.3,1,13.0,8.6,High
67.98,44.66,91.82,7.62,8.9,30.3,Peaty,Wheat,Fruiting,10.0,15.8,0,0.0,0.0,Medium
79.49,38.9,94.54,1.88,22.7,9.2,Silty,Sugarcane,Germination,18.2,45.6,1,5.0,3.0,Medium
86.15,30.64,66.53,5.61,3.2,6.6,Sandy,Sugarcane,Maturity,29.0,4.0,0,0.0,0.0,Low
47.65,37.52,78.57,5.78,95.4,29.9,Silty,Wheat,Vegetative,0.6,53.3,0,0.0,0.0,Medium
91.12,27.71,32.0,1.42,97.9,17.9,Silty,Cotton,Fruiting,21.1,53.1,0,0.0,0.0,Low
69.07,21.72,76.63,0.12,30.0,25.2,Sandy,Cotton,Maturity,29.7,31.6,0,0.0,0.0,Low
38.02,32.7,27.46,13.59,30.4,38.6,Silty,Maize,Vegetative,25.6,49.7,0,0.0,0.0,Medium
84.67,32.93,43.92,0.31,78.2,16.8,Sandy,Sugarcane,Fruiting,19.5,39.4,0,0.0,0.0,Medium
33.35,28.25,75.27,3.83,33.7,20.4,Clay,Maize,Fruiting,23.1,14.2,1,22.8,13.3,Medium
66.12,29.25,68.52,1.54,82.9,37.1,Sandy,Cotton,Maturity,2.5,11.8,0,0.0,0.0,Low
88.23,37.41,67.49,0.01,51.6,23.8,Silty,Sugarcane,Germination,19.5,41.4,0,0.0,0.0,Medium
43.43,38.17,46.68,1.61,43.8,37.9,Clay,Cotton,Flowering,6.5,44.0,1,6.0,3.9,High
34.09,19.35,43.88,0.32,23.6,3.5,Loamy,Groundnut,Vegetative,21.3,20.6,1,5.0,3.0,Medium
89.15,17.73,68.34,3.96,70.5,13.1,Silty,Tomato,Germination,28.4,21.4,0,0.0,0.0,Low
20.1,27.06,43.15,7.01,20.0,10.0,Loamy,Groundnut,Flowering,25.8,14.5,1,23.0,15.1,Medium
41.09,42.12,50.42,4.38,16.6,18.8,Silty,Cotton,Maturity,23.1,44.7,1,5.0,3.0,High
32.77,28.72,22.51,2.23,5.5,38.7,Loamy,Cotton,Germination,15.1,9.3,1,5.5,3.3,Medium
29.28,23.08,87.09,1.97,59.9,30.0,Peaty,Maize,Vegetative,6.5,71.9,1,17.3,8.8,High
73.61,35.82,61.38,1.07,98.6,33.5,Clay,Rice,Maturity,24.2,8.7,0,0.0,0.0,Medium
47.42,32.1,25.26,0.65,23.7,39.8,Sandy,Sugarcane,Fruiting,26.1,5.6,1,9.8,5.7,Medium
42.88,44.71,37.73,1.92,34.3,12.3,Silty,Maize,Vegetative,1.0,38.3,1,5.7,4.0,High
75.72,42.79,90.44,2.45,66.3,14.0,Loamy,Wheat,Flowering,9.1,53.7,0,0.0,0.0,Medium
60.06,16.0,31.01,10.32,94.1,4.8,Loamy,Groundnut,Flowering,14.0,34.4,0,0.0,0.0,Low
73.44,34.08,25.63,2.73,86.7,26.0,Silty,Maize,Maturity,28.7,53.8,0,0.0,0.0,Medium
74.84,40.41,90.78,0.3,42.3,23.0,Peaty,Maize,Maturity,8.0,5.2,0,0.0,0.0,Medium
79.25,28.77,78.89,3.03,65.0,17.6,Clay,Rice,Vegetative,4.9,5.1,0,0.0,0.0,Low
90.15,25.4,55.07,2.05,74.3,20.0,Peaty,Sugarcane,Fruiting,14.5,2.3,0,0.0,0.0,Low
11.8,44.05,62.68,0.37,43.4,22.5,Loamy,Cotton,Flowering,10.9,69.7,1,29.8,19.2,High
34.37,29.12,91.35,1.07,26.0,4.3,Peaty,Tomato,Germination,23.2,29.1,1,10.2,9.2,Medium
84.72,34.93,33.34,4.88,65.7,21.5,Sandy,Sugarcane,Flowering,3.0,39.5,0,0.0,0.0,Medium
58.56,16.31,38.86,1.82,53.3,17.1,Clay,Cotton,Fruiting,27.5,35.0,0,0.0,0.0,Low
92.39,39.71,60.52,5.29,98.6,21.8,Peaty,Maize,Germination,20.5,7.3,0,0.0,0.0,Medium
34.93,19.02,44.8,1.04,22.2,24.7,Clay,Cotton,Maturity,20.5,27.9,1,7.3,4.8,Medium
61.1,27.2,66.69,7.44,92.7,22.5,Silty,Wheat,Fruiting,8.4,26.2,0,0.0,0.0,Low
53.69,22.86,60.68,1.89,45.0,12.6,Sandy,Groundnut,Flowering,14.4,14.6,0,0.0,0.0,Low
33.67,40.8,25.16,3.05,6.2,35.2,Loamy,Groundnut,Flowering,22.2,12.4,1,6.0,4.7,High
66.91,39.14,60.2,1.32,92.9,31.9,Sandy,Maize,Fruiting,3.3,13.3,0,0.0,0.0,Medium
66.67,35.63,86.99,6.3,97.7,10.2,Sandy,Maize,Flowering,11.9,38.7,0,0.0,0.0,Medium
79.79,24.03,67.61,6.13,81.8,34.9,Clay,Groundnut,Maturity,5.8,26.4,0,0.0,0.0,Low
61.62,39.1,47.1,4.22,61.4,15.0,Sandy,Cotton,Maturity,23.7,43.0,0,0.0,0.0,Medium
63.47,26.89,38.85,5.39,69.8,29.6,Peaty,Cotton,Vegetative,0.1,15.8,0,0.0,0.0,Low
37.99,16.1,51.66,2.14,49.3,9.3,Clay,Groundnut,Vegetative,21.5,22.4,0,0.0,0.0,Medium
59.36,28.13,65.74,6.93,55.1,24.2,Sandy,Rice,Germination,17.9,45.2,1,5.0,3.4,Medium
60.71,17.31,67.21,13.39,8.8,8.8,Loamy,Wheat,Maturity,2.9,60.0,0,0.0,0.0,Low
65.68,26.1,72.74,0.85,18.5,10.0,Silty,Groundnut,Fruiting,25.5,59.7,0,0.0,0.0,Low
52.66,44.4,85.38,0.2,81.1,31.4,Peaty,Groundnut,Germination,20.1,69.9,0,0.0,0.0,Medium
59.45,31.38,76.51,2.37,93.2,27.8,Clay,Maize,Flowering,28.0,11.0,0,0.0,0.0,Low
68.51,28.99,27.83,2.04,15.0,32.1,Loamy,Cotton,Vegetative,24.2,31.0,0,0.0,0.0,Low
51.2,21.37,45.88,3.45,60.2,14.8,Silty,Cotton,Germination,10.3,3.2,0,0.0,0.0,Low
66.35,32.41,63.31,2.03,48.8,32.8,Peaty,Rice,Fruiting,16.1,71.2,1,5.5,3.0,Medium
65.26,17.32,73.13,0.11,18.2,23.7,Sandy,Rice,Germination,25.2,43.8,1,5.0,4.0,Medium
25.53,21.35,55.88,1.94,45.4,27.8,Loamy,Cotton,Vegetative,7.8,1.6,1,11.4,6.4,Medium
14.23,25.93,73.85,7.39,5.1,32.4,Loamy,Groundnut,Vegetative,9.9,1.6,1,19.8,12.1,High
66.77,37.62,79.58,4.34,91.4,23.7,Clay,Cotton,Flowering,27.8,25.7,0,0.0,0.0,Medium
72.99,39.9,31.94,0.09,64.8,4.2,Loamy,Cotton,Maturity,21.6,29.3,0,0.0,0.0,Medium
28.77,21.49,44.86,4.36,19.7,27.1,Loamy,Tomato,Fruiting,5.7,1.7,1,25.3,15.4,High
89.0,31.83,57.01,1.26,69.8,14.4,Clay,Sugarcane,Flowering,24.3,46.4,0,0.0,0.0,Low
74.59,22.65,94.27,1.38,73.0,33.6,Loamy,Sugarcane,Fruiting,10.7,55.7,0,0.0,0.0,Low
46.02,44.08,50.22,8.11,76.0,11.5,Silty,Cotton,Flowering,21.8,35.7,0,0.0,0.0,Medium
58.78,36.42,83.28,0.62,21.4,31.4,Silty,Rice,Germination,12.0,27.2,1,5.1,3.8,Medium
40.92,36.07,67.04,4.67,24.6,38.7,Loamy,Rice,Vegetative,19.5,5.6,1,21.6,14.0,High
83.64,19.14,79.71,4.04,18.2,30.3,Silty,Rice,Maturity,27.8,52.2,0,0.0,0.0,Low
34.21,24.13,91.89,0.26,52.8,10.2,Peaty,Cotton,Germination,13.5,65.8,1,5.8,5.3,Medium
91.59,39.79,89.79,1.52,69.6,10.0,Clay,Rice,Fruiting,28.0,19.3,0,0.0,0.0,Medium
61.87,42.27,53.78,2.07,34.8,2.9,Sandy,Sugarcane,Fruiting,23.2,68.6,1,5.5,4.1,High
44.44,23.1,47.97,1.52,7.2,31.0,Sandy,Sugarcane,Fruiting,1.2,42.5,1,13.5,8.9,High
86.08,28.23,35.38,7.54,92.6,8.5,Loamy,Rice,Maturity,6.1,62.0,0,0.0,0.0,Low
80.74,39.16,60.1,3.36,80.6,2.7,Silty,Rice,Vegetative,4.3,6.5,0,0.0,0.0,Medium
53.47,38.72,45.41,1.57,28.0,38.3,Loamy,Cotton,Maturity,10.2,9.8,0,0.0,0.0,Medium
28.32,36.21,33.44,1.11,54.4,33.6,Loamy,Wheat,Germination,26.2,52.9,1,6.6,4.4,Medium
87.11,33.21,60.62,3.86,80.4,11.8,Silty,Rice,Flowering,4.1,31.0,0,0.0,0.0,Medium
88.3,21.35,52.06,3.81,88.8,4.4,Sandy,Sugarcane,Germination,3.1,27.3,0,0.0,0.0,Low
86.76,33.31,47.37,2.49,99.3,18.9,Peaty,Wheat,Fruiting,4.2,4.1,0,0.0,0.0,Medium
73.88,24.01,78.07,2.21,25.1,26.3,Peaty,Tomato,Fruiting,10.7,42.9,0,0.0,0.0,Low
78.7,39.42,44.37,3.05,75.0,23.0,Silty,Maize,Fruiting,22.7,55.2,0,0.0,0.0,Medium
88.39,41.87,50.18,1.99,63.6,12.4,Silty,Groundnut,Germination,28.9,46.8,0,0.0,0.0,Medium
47.4,27.41,28.96,0.11,15.3,11.9,Peaty,Groundnut,Flowering,29.1,19.6,0,0.0,0.0,Low
48.33,21.14,79.34,1.7,9.9,3.4,Clay,Sugarcane,Flowering,16.6,10.7,1,21.1,11.2,Medium
74.41,28.88,89.89,6.91,40.2,22.5,Silty,Maize,Flowering,9.6,29.3,0,0.0,0.0,Low
83.87,15.33,79.87,6.64,99.6,13.8,Silty,Rice,Maturity,25.9,33.3,0,0.0,0.0,Low
30.86,31.11,25.6,0.21,49.2,22.5,Sandy,Wheat,Flowering,9.8,57.4,1,7.9,4.4,Medium
16.65,29.09,39.66,3.44,46.3,10.7,Sandy,Cotton,Flowering,26.0,63.3,1,17.0,9.6,High
42.8,36.1,81.04,1.07,26.4,30.0,Peaty,Wheat,Germination,12.2,11.6,1,5.0,4.7,Medium
77.74,34.11,69.72,0.97,94.2,13.2,Sandy,Sugarcane,Fruiting,29.3,34.5,0,0.0,0.0,Medium
50.64,20.4,39.78,2.6,98.1,27.7,Clay,Wheat,Flowering,22.4,30.7,0,0.0,0.0,Low
69.18,43.25,78.07,0.21,63.4,22.3,Sandy,Maize,Maturity,25.3,57.0,0,0.0,0.0,Medium
46.46,18.5,44.6,2.56,64.6,0.7,Sandy,Wheat,Maturity,3.3,55.3,0,0.0,0.0,Low
62.93,20.56,73.82,3.11,44.5,0.8,Clay,Rice,Germination,7.4,50.2,0,0.0,0.0,Medium
88.45,35.38,70.08,1.6,96.6,37.6,Loamy,Cotton,Vegetative,13.1,53.8,0,0.0,0.0,Medium
76.85,43.69,93.43,3.55,31.5,34.6,Silty,Tomato,Vegetative,15.2,22.4,0,0.0,0.0,Medium
48.32,17.52,31.44,4.72,6.5,9.0,Silty,Sugarcane,Flowering,19.4,28.9,1,19.5,11.5,Medium
24.75,42.64,23.75,0.01,35.8,24.7,Silty,Groundnut,Fruiting,16.5,43.6,1,15.8,8.9,High
34.21,38.7,77.7,2.22,39.6,38.7,Clay,Groundnut,Maturity,22.9,29.7,1,6.1,4.7,High
93.03,28.59,80.48,0.93,64.0,22.1,Peaty,Sugarcane,Fruiting,22.4,26.0,0,0.0,0.0,Low
71.58,16.75,86.33,11.48,56.8,22.2,Clay,Wheat,Germination,11.8,44.7,0,0.0,0.0,Low
70.2,31.8,82.58,1.4,54.9,11.2,Sandy,Maize,Fruiting,23.6,59.0,0,0.0,0.0,Low
22.09,18.68,62.22,2.8,46.2,11.2,Loamy,Maize,Vegetative,19.9,62.7,1,22.3,13.9,High
81.47,41.1,45.63,12.69,60.8,32.6,Peaty,Rice,Fruiting,19.6,71.2,0,0.0,0.0,Medium
46.54,44.23,45.4,0.89,4.8,7.0,Loamy,Maize,Flowering,10.3,30.6,1,9.3,6.5,High
54.61,26.83,67.23,0.19,2.0,37.9,Loamy,Cotton,Fruiting,4.6,32.0,0,0.0,0.0,Low
91.35,19.44,41.29,2.59,12.3,25.0,Loamy,Rice,Vegetative,20.7,58.5,0,0.0,0.0,Low
83.4,37.36,36.96,2.86,83.4,10.9,Sandy,Groundnut,Fruiting,2.8,8.4,0,0.0,0.0,Medium
33.95,16.62,24.47,10.77,16.5,34.6,Loamy,Wheat,Flowering,1.2,17.4,0,0.0,0.0,Medium
13.27,19.28,21.2,1.73,32.2,2.6,Peaty,Cotton,Fruiting,27.4,67.7,1,27.9,16.7,High
40.53,44.84,28.53,1.01,21.1,21.8,Sandy,Rice,Germination,27.6,38.2,1,8.7,4.9,High
70.46,38.72,78.95,3.63,89.6,22.0,Peaty,Wheat,Vegetative,15.9,13.1,0,0.0,0.0,Medium
72.76,16.04,27.31,0.14,81.5,39.7,Sandy,Wheat,Maturity,21.0,25.4,0,0.0,0.0,Low
82.36,18.4,89.32,6.88,90.0,14.4,Silty,Rice,Maturity,3.4,3.7,0,0.0,0.0,Low
46.46,15.18,88.38,12.31,66.1,29.1,Loamy,Groundnut,Maturity,23.0,7.1,0,0.0,0.0,Low
44.15,28.26,93.69,1.58,38.6,11.8,Loamy,Wheat,Maturity,21.9,3.4,1,5.0,3.0,Medium
59.55,38.78,31.16,0.51,20.2,2.1,Loamy,Tomato,Flowering,5.7,31.5,1,6.0,3.1,Medium
42.88,33.03,26.48,0.81,35.1,28.7,Silty,Cotton,Germination,0.4,24.1,1,5.0,3.0,Medium
93.1,19.49,66.1,1.33,82.2,14.5,Clay,Maize,Maturity,18.4,30.9,0,0.0,0.0,Low
47.7,22.94,63.81,4.56,32.9,33.5,Peaty,Sugarcane,Flowering,26.2,18.2,1,10.8,7.8,Medium
71.97,43.98,72.46,0.79,31.8,5.5,Clay,Rice,Flowering,27.9,58.4,1,6.0,4.3,Medium
65.54,35.55,38.36,2.51,71.2,30.8,Loamy,Maize,Fruiting,2.6,15.7,0,0.0,0.0,Medium
41.69,30.61,59.76,10.28,26.8,22.8,Sandy,Tomato,Flowering,12.7,4.0,0,0.0,0.0,Medium
67.67,26.41,38.22,1.79,4.6,9.7,Silty,Tomato,Vegetative,25.3,51.5,0,0.0,0.0,Low
61.4,38.81,55.42,2.06,2.8,20.9,Clay,Maize,Fruiting,7.0,71.0,1,5.5,4.4,Medium
30.2,44.92,92.42,2.93,50.3,30.4,Sandy,Wheat,Germination,10.6,55.2,1,5.0,3.0,High
48.56,38.18,61.84,5.86,10.3,31.0,Peaty,Rice,Germination,6.8,12.9,1,9.8,6.7,High
93.01,21.13,54.02,0.7,71.7,13.4,Sandy,Maize,Fruiting,1.9,22.3,0,0.0,0.0,Low
64.34,21.46,47.78,3.6,9.9,1.8,Sandy,Rice,Maturity,8.1,51.9,1,5.0,3.0,Medium
90.1,32.13,61.79,5.26,92.9,27.9,Clay,Tomato,Fruiting,5.3,36.2,0,0.0,0.0,Low
81.24,33.45,20.14,0.94,99.9,39.0,Silty,Sugarcane,Vegetative,16.9,64.9,0,0.0,0.0,Medium
19.33,45.27,40.62,1.43,48.1,29.6,Loamy,Groundnut,Germination,8.0,71.8,1,9.8,7.2,High
24.52,43.82,24.28,0.4,0.5,34.7,Loamy,Maize,Flowering,3.2,16.4,1,29.2,17.8,High
92.18,40.7,31.41,4.96,84.5,4.2,Sandy,Tomato,Flowering,26.9,46.0,0,0.0,0.0,Medium
24.81,38.64,34.32,0.97,7.8,16.0,Sandy,Cotton,Vegetative,7.9,18.3,1,5.4,3.0,High
48.46,25.46,62.97,5.63,27.3,17.9,Loamy,Rice,Maturity,19.6,0.3,1,13.1,7.8,High
43.23,24.07,84.57,2.12,85.3,3.3,Sandy,Groundnut,Flowering,24.1,35.8,0,0.0,0.0,Low
70.27,26.77,25.73,0.72,40.6,3.8,Clay,Maize,Fruiting,20.3,27.6,0,0.0,0.0,Low
93.18,35.99,80.53,0.88,66.5,2.3,Loamy,Maize,Germination,20.1,22.8,0,0.0,0.0,Medium
54.77,28.66,26.71,3.46,10.3,3.6,Silty,Sugarcane,Germination,22.1,69.4,1,5.0,4.5,Medium
89.23,18.22,21.75,1.01,35.2,37.1,Clay,Sugarcane,Flowering,17.4,64.9,0,0.0,0.0,Low
51.76,24.24,71.04,1.63,12.0,8.6,Peaty,Wheat,Fruiting,20.8,6.9,0,0.0,0.0,Low
79.75,27.8,48.27,0.12,65.7,8.9,Silty,Wheat,Fruiting,22.8,63.3,0,0.0,0.0,Low
67.9,18.48,36.93,5.58,53.4,26.6,Sandy,Tomato,Germination,20.0,61.6,0,0.0,0.0,Low
45.2,28.3,90.61,2.78,73.1,9.2,Clay,Groundnut,Vegetative,2.5,34.0,0,0.0,0.0,Low
49.84,16.92,84.7,3.24,17.6,27.3,Peaty,Tomato,Maturity,10.8,17.9,1,5.0,3.0,Medium
74.34,35.13,34.29,0.86,93.0,15.4,Silty,Sugarcane,Maturity,20.9,33.7,0,0.0,0.0,Medium
64.33,30.66,87.25,0.15,25.9,8.8,Loamy,Tomato,Germination,13.9,1.1,0,0.0,0.0,Low
51.12,38.43,74.79,0.54,42.7,17.7,Peaty,Maize,Vegetative,13.8,36.1,1,5.0,3.0,Medium
13.11,32.65,69.25,0.03,7.5,0.8,Silty,Cotton,Germination,2.7,69.0,1,16.2,9.1,High
77.75,24.81,55.7,2.18,75.6,17.1,Sandy,Maize,Maturity,12.4,54.9,0,0.0,0.0,Low
76.78,39.37,80.64,0.45,26.3,39.2,Peaty,Maize,Fruiting,6.8,31.2,0,0.0,0.0,Medium
57.73,23.67,82.65,8.5,54.8,15.4,Clay,Maize,Maturity,14.5,60.6,0,0.0,0.0,Low
86.32,25.91,25.66,4.95,97.5,23.1,Clay,Tomato,Vegetative,12.0,40.4,0,0.0,0.0,Low
71.03,21.91,66.72,4.53,56.2,31.2,Loamy,Tomato,Vegetative,5.2,22.1,0,0.0,0.0,Low
58.49,25.85,94.14,0.63,44.9,12.6,Peaty,Cotton,Germination,9.1,11.6,0,0.0,0.0,Low
25.3,16.94,23.96,2.97,7.7,22.9,Silty,Maize,Maturity,14.4,30.2,1,20.0,10.2,High
72.08,41.4,40.99,1.8,40.3,1.9,Peaty,Maize,Germination,22.8,6.9,0,0.0,0.0,Medium
85.97,28.2,26.5,3.12,95.6,18.5,Silty,Rice,Germination,27.6,30.2,0,0.0,0.0,Low
32.15,29.44,45.6,0.34,46.0,3.9,Silty,Cotton,Flowering,3.5,48.7,1,11.7,7.8,Medium
70.7,34.65,31.82,0.99,20.7,34.5,Loamy,Sugarcane,Flowering,14.1,68.2,1,6.0,3.8,Medium
57.79,39.07,44.38,0.76,57.7,39.6,Sandy,Wheat,Vegetative,20.4,32.4,0,0.0,0.0,Medium
61.47,30.79,46.17,0.6,14.4,11.7,Sandy,Tomato,Flowering,29.2,61.4,1,6.0,3.8,Low
14.98,41.64,29.62,6.76,30.5,30.7,Loamy,Wheat,Vegetative,8.3,54.6,1,25.8,14.4,High
69.06,30.61,66.63,6.03,47.6,30.3,Silty,Sugarcane,Vegetative,12.8,56.8,0,0.0,0.0,Low
23.09,43.82,90.31,3.12,58.4,14.7,Loamy,Maize,Fruiting,8.0,61.0,1,31.0,19.1,High
69.94,41.82,88.05,7.89,48.6,19.0,Sandy,Tomato,Vegetative,10.0,1.6,0,0.0,0.0,Medium
86.03,37.02,29.78,2.06,73.6,24.3,Clay,Rice,Germination,6.2,59.6,0,0.0,0.0,Medium
79.82,26.46,55.67,0.27,82.5,37.8,Peaty,Tomato,Fruiting,1.6,53.2,0,0.0,0.0,Low
71.2,23.65,22.94,0.3,67.4,2.5,Sandy,Rice,Fruiting,24.4,3.0,0,0.0,0.0,Low
66.63,16.92,84.44,0.01,11.4,2.2,Loamy,Rice,Vegetative,23.5,12.9,1,5.0,3.0,Medium
50.92,22.02,52.53,1.96,6.8,39.2,Sandy,Groundnut,Fruiting,13.5,71.4,0,0.0,0.0,Low
77.02,39.96,32.78,5.39,34.6,9.1,Silty,Sugarcane,Maturity,25.7,69.2,1,5.0,4.6,Medium
58.86,17.06,86.93,1.37,18.1,39.3,Loamy,Cotton,Vegetative,29.4,20.1,0,0.0,0.0,Low
67.25,32.37,73.95,4.69,11.8,25.1,Peaty,Tomato,Fruiting,11.7,19.8,0,0.0,0.0,Low
73.1,42.18,88.97,14.55,48.6,6.7,Sandy,Tomato,Fruiting,17.9,53.8,0,0.0,0.0,Medium
57.84,35.76,81.09,2.45,55.1,6.4,Clay,Sugarcane,Vegetative,4.5,70.0,1,5.0,3.0,Medium
65.53,20.37,51.22,2.95,36.5,15.2,Loamy,Wheat,Fruiting,9.3,47.2,0,0.0,0.0,Low
78.37,21.16,65.59,1.72,87.2,11.6,Loamy,Rice,Flowering,5.0,70.7,0,0.0,0.0,Low
63.51,22.98,92.9,2.85,7.4,21.0,Silty,Cotton,Fruiting,12.5,48.0,0,0.0,0.0,Low
93.85,36.31,74.0,5.84,84.8,26.6,Loamy,Maize,Fruiting,0.6,67.0,0,0.0,0.0,Medium
43.64,27.66,39.62,0.76,10.6,7.9,Silty,Cotton,Vegetative,21.2,53.2,1,5.0,3.0,Medium
41.96,25.17,72.27,3.48,57.5,2.3,Loamy,Sugarcane,Vegetative,1.2,51.7,1,17.8,11.3,High
59.99,44.2,59.14,0.04,4.4,18.4,Silty,Sugarcane,Germination,12.2,59.3,1,5.0,3.3,High
47.39,44.33,62.46,6.22,94.9,17.4,Sandy,Cotton,Vegetative,4.3,36.3,0,0.0,0.0,Medium
64.13,42.21,21.97,0.83,15.3,31.4,Clay,Cotton,Flowering,16.6,61.1,0,0.0,0.0,Medium
28.09,38.93,80.4,10.12,32.7,39.9,Silty,Cotton,Vegetative,13.5,50.9,0,0.0,0.0,High
81.28,28.53,35.01,7.21,74.0,22.4,Silty,Rice,Germination,15.0,59.3,0,0.0,0.0,Low
59.49,29.56,63.96,4.14,26.5,9.9,Sandy,Tomato,Fruiting,28.6,32.1,0,0.0,0.0,Low
10.59,35.98,85.75,2.7,56.7,34.9,Silty,Groundnut,Vegetative,14.4,62.6,1,24.6,15.5,High
47.56,24.48,93.69,0.01,6.4,38.7,Silty,Wheat,Fruiting,4.2,32.3,0,0.0,0.0,Low
82.42,30.75,22.94,5.5,62.8,37.7,Silty,Sugarcane,Flowering,5.5,34.9,0,0.0,0.0,Low
52.27,38.84,27.11,0.85,46.2,15.5,Peaty,Wheat,Maturity,16.9,6.3,0,0.0,0.0,Medium
76.0,21.15,67.82,2.11,40.8,14.9,Peaty,Rice,Flowering,18.5,10.9,0,0.0,0.0,Low
58.75,20.29,82.57,2.96,98.0,29.1,Peaty,Tomato,Flowering,5.1,3.4,0,0.0,0.0,Low
90.97,28.67,21.52,11.16,81.3,17.9,Clay,Cotton,Fruiting,27.9,38.4,0,0.0,0.0,Low
24.47,29.7,24.78,5.98,47.6,36.6,Clay,Tomato,Flowering,9.9,48.7,1,33.2,20.7,High
75.39,33.68,73.76,0.04,36.6,33.3,Silty,Rice,Fruiting,18.5,16.5,0,0.0,0.0,Medium
72.11,27.4,68.47,0.27,82.1,23.0,Silty,Cotton,Vegetative,9.5,26.3,0,0.0,0.0,Low
68.97,32.33,94.11,0.12,19.6,32.4,Sandy,Maize,Germination,24.6,62.8,1,5.0,3.0,Low
68.61,38.2,56.31,11.55,43.9,33.7,Clay,Groundnut,Vegetative,0.7,7.6,0,0.0,0.0,Medium
47.19,39.08,65.35,0.1,80.4,38.3,Sandy,Wheat,Fruiting,8.6,59.0,0,0.0,0.0,Medium
87.0,23.13,65.58,11.49,48.6,24.0,Loamy,Rice,Vegetative,10.0,13.0,0,0.0,0.0,Low
77.81,23.63,81.1,5.57,80.9,25.6,Sandy,Rice,Flowering,19.1,69.1,0,0.0,0.0,Low
92.35,36.68,56.02,3.48,93.2,16.7,Peaty,Wheat,Flowering,1.5,1.0,0,0.0,0.0,Medium
46.31,31.44,42.01,1.01,7.3,21.4,Peaty,Tomato,Fruiting,8.7,69.9,1,6.6,5.3,Medium
86.45,16.41,92.1,0.67,55.0,3.0,Peaty,Rice,Fruiting,3.5,46.4,0,0.0,0.0,Low
88.07,19.6,53.51,1.5,79.5,34.9,Peaty,Groundnut,Germination,11.3,45.8,0,0.0,0.0,Low
27.78,35.78,75.39,0.08,43.1,39.2,Clay,Groundnut,Flowering,26.5,42.3,1,21.6,13.8,Medium
83.83,41.8,80.73,5.02,83.4,17.4,Clay,Cotton,Flowering,11.0,61.1,0,0.0,0.0,Medium
63.76,27.3,60.77,4.01,79.7,39.0,Peaty,Maize,Maturity,15.1,6.6,0,0.0,0.0,Low
48.2,23.17,29.02,0.3,54.1,28.7,Clay,Groundnut,Germination,16.7,31.7,0,0.0,0.0,Low
59.12,28.45,63.15,3.35,3.7,19.2,Clay,Groundnut,Maturity,15.9,4.9,0,0.0,0.0,Low
65.87,36.24,69.39,0.67,84.3,34.0,Silty,Wheat,Maturity,3.9,43.8,0,0.0,0.0,Medium
41.66,19.79,94.11,0.4,5.8,24.5,Clay,Wheat,Flowering,21.6,9.2,1,6.0,3.6,Medium
39.01,31.65,86.86,2.54,54.7,32.5,Clay,Sugarcane,Fruiting,19.4,58.4,1,28.9,16.9,High
50.35,41.4,51.94,3.43,29.5,10.8,Loamy,Rice,Flowering,7.2,24.7,1,22.8,15.1,High
50.25,26.73,88.22,0.85,75.8,18.7,Loamy,Cotton,Fruiting,8.4,61.8,0,0.0,0.0,Low
70.05,43.1,93.43,1.26,9.7,28.1,Loamy,Wheat,Fruiting,4.9,70.9,0,0.0,0.0,Medium
81.26,21.0,94.12,1.26,66.6,5.3,Silty,Rice,Fruiting,23.9,69.9,0,0.0,0.0,Low
65.45,38.97,43.55,1.17,44.5,27.7,Peaty,Wheat,Flowering,6.8,26.1,0,0.0,0.0,Medium
74.76,19.12,29.96,6.77,68.3,15.5,Clay,Sugarcane,Germination,9.5,47.1,0,0.0,0.0,Low
63.95,31.15,39.34,2.4,42.2,35.6,Sandy,Tomato,Fruiting,18.6,2.9,0,0.0,0.0,Low
29.62,39.09,50.48,2.67,42.2,21.1,Silty,Tomato,Flowering,18.0,70.5,1,24.5,15.8,High
60.83,21.64,63.49,12.02,84.9,14.5,Clay,Wheat,Germination,24.6,39.5,0,0.0,0.0,Low
27.2,41.31,50.72,2.96,2.6,34.2,Sandy,Maize,Maturity,8.5,58.8,1,8.2,4.0,High
84.01,18.15,43.77,5.06,61.2,22.5,Loamy,Tomato,Germination,1.2,68.2,0,0.0,0.0,Low
39.66,17.23,39.12,0.44,37.2,6.9,Sandy,Maize,Fruiting,13.3,53.5,1,7.3,3.0,Medium
77.14,42.92,60.87,5.81,83.2,2.3,Peaty,Wheat,Vegetative,23.7,65.3,0,0.0,0.0,Medium
93.79,27.17,26.81,10.15,69.6,6.8,Silty,Wheat,Vegetative,21.5,6.5,0,0.0,0.0,Low
76.56,39.87,53.82,1.41,62.2,19.6,Clay,Maize,Germination,12.2,33.2,0,0.0,0.0,Medium
49.95,16.33,83.04,1.28,79.3,12.2,Peaty,Groundnut,Fruiting,11.7,57.4,0,0.0,0.0,Low
74.55,25.6,26.17,1.86,86.0,19.0,Loamy,Maize,Flowering,7.6,12.0,0,0.0,0.0,Low
54.16,26.76,62.8,4.29,32.0,10.9,Sandy,Groundnut,Maturity,15.4,61.7,0,0.0,0.0,Low
68.9,34.43,89.72,8.99,76.0,13.9,Sandy,Sugarcane,Maturity,15.5,20.9,0,0.0,0.0,Medium
60.72,21.56,85.65,0.62,99.7,22.3,Loamy,Tomato,Flowering,25.0,18.3,0,0.0,0.0,Low
91.9,30.72,48.72,0.14,83.7,40.0,Silty,Maize,Fruiting,28.0,24.0,0,0.0,0.0,Low
39.77,43.53,88.47,4.29,26.7,4.1,Loamy,Maize,Vegetative,18.5,22.8,1,8.1,3.3,High
25.9,28.21,81.33,2.03,13.6,11.2,Clay,Wheat,Flowering,17.1,47.2,1,23.1,13.6,Medium
93.73,41.58,93.3,1.96,80.4,23.1,Loamy,Wheat,Flowering,7.4,1.0,0,0.0,0.0,Medium
17.99,29.59,40.29,1.91,8.9,20.7,Peaty,Cotton,Maturity,3.0,22.3,1,13.5,8.4,High
67.55,34.46,26.83,2.08,85.9,14.5,Silty,Sugarcane,Fruiting,23.4,47.3,0,0.0,0.0,Medium
63.72,40.05,67.92,2.42,73.2,14.2,Loamy,Wheat,Maturity,29.3,8.6,0,0.0,0.0,Medium
82.23,32.48,55.94,3.54,55.2,30.6,Peaty,Sugarcane,Fruiting,24.0,22.1,0,0.0,0.0,Low
57.05,26.74,90.81,2.04,48.5,31.8,Peaty,Sugarcane,Vegetative,5.9,55.3,1,5.3,3.0,Medium
36.02,21.18,49.7,4.97,18.7,35.3,Loamy,Wheat,Germination,7.6,29.5,1,6.6,4.3,Medium
55.78,26.67,68.01,0.65,29.0,8.1,Sandy,Cotton,Maturity,0.2,29.3,0,0.0,0.0,Low
77.68,44.81,64.45,0.7,23.8,20.8,Silty,Sugarcane,Maturity,2.3,49.5,1,5.0,3.0,Medium
73.35,21.8,84.41,1.09,22.2,12.2,Sandy,Sugarcane,Flowering,15.8,7.7,0,0.0,0.0,Low
89.84,38.57,25.12,0.73,95.1,18.5,Loamy,Rice,Fruiting,17.3,59.3,0,0.0,0.0,Medium
48.96,23.75,58.13,0.16,39.4,14.0,Silty,Cotton,Vegetative,21.5,6.5,0,0.0,0.0,Low
70.07,35.28,81.62,2.09,69.2,20.6,Silty,Tomato,Maturity,1.0,12.5,0,0.0,0.0,Medium
85.76,36.42,47.72,1.62,61.0,18.8,Sandy,Tomato,Maturity,17.9,16.3,0,0.0,0.0,Medium
52.42,27.32,85.81,1.19,68.7,35.1,Loamy,Wheat,Maturity,19.6,64.9,0,0.0,0.0,Low
53.05,16.09,31.09,3.95,59.5,27.0,Peaty,Cotton,Fruiting,27.3,45.7,0,0.0,0.0,Low
25.33,24.11,28.82,20.04,41.9,8.7,Silty,Wheat,Germination,25.9,59.0,0,0.0,0.0,High
93.37,26.88,45.57,2.7,74.8,11.2,Clay,Sugarcane,Flowering,10.9,31.2,0,0.0,0.0,Low
84.34,26.51,36.01,3.69,96.0,37.5,Silty,Tomato,Fruiting,5.7,11.1,0,0.0,0.0,Low
31.74,28.83,44.51,1.67,0.9,28.8,Silty,Tomato,Vegetative,11.0,29.0,1,18.8,11.1,Medium
42.0,30.65,44.83,0.9,54.1,18.2,Loamy,Cotton,Germination,7.8,42.5,0,0.0,0.0,Medium
16.91,20.41,83.68,2.44,45.5,30.5,Peaty,Cotton,Vegetative,0.2,22.4,1,18.8,10.5,High
58.27,25.59,40.04,3.85,15.9,32.8,Loamy,Tomato,Maturity,14.5,25.9,0,0.0,0.0,Low
34.55,29.76,31.63,6.53,13.4,23.7,Loamy,Wheat,Maturity,12.5,15.2,1,7.2,4.8,Medium
91.81,42.01,71.25,0.44,78.0,0.9,Peaty,Rice,Vegetative,23.6,59.8,0,0.0,0.0,Medium
89.73,17.38,33.74,9.87,50.0,35.0,Silty,Rice,Maturity,29.7,2.9,0,0.0,0.0,Low
66.33,25.49,44.58,1.77,29.0,13.9,Silty,Maize,Germination,15.3,62.8,0,0.0,0.0,Low
27.24,31.51,24.1,5.39,56.6,26.1,Sandy,Wheat,Maturity,16.7,38.2,1,6.2,4.8,Medium
30.78,25.79,28.05,3.03,19.3,5.5,Silty,Tomato,Maturity,20.7,10.0,1,16.9,8.4,Medium
29.77,41.92,43.14,11.49,16.5,2.3,Peaty,Groundnut,Germination,6.0,37.3,0,0.0,0.0,High
73.7,18.14,25.51,1.45,90.8,20.3,Peaty,Rice,Maturity,7.4,3.6,0,0.0,0.0,Low
63.88,44.77,81.18,2.0,10.9,36.2,Loamy,Sugarcane,Maturity,9.3,32.5,1,5.0,3.5,High
70.47,41.85,65.57,1.98,86.1,9.6,Sandy,Tomato,Vegetative,15.2,3.6,0,0.0,0.0,Medium
73.28,25.32,40.9,0.0,69.2,9.4,Loamy,Rice,Germination,23.9,2.8,0,0.0,0.0,Low
22.29,38.56,65.97,5.0,21.7,8.2,Loamy,Groundnut,Flowering,0.1,12.9,1,16.6,8.9,High
90.59,30.19,35.44,0.41,71.0,30.6,Silty,Maize,Fruiting,28.0,62.6,0,0.0,0.0,Low
91.54,21.44,59.38,0.03,86.4,10.5,Silty,Tomato,Vegetative,20.3,39.5,0,0.0,0.0,Low
93.95,27.83,59.96,2.43,79.3,1.8,Loamy,Maize,Germination,29.7,7.1,0,0.0,0.0,Low
72.76,24.25,73.23,1.36,43.0,23.0,Clay,Wheat,Germination,19.3,7.0,0,0.0,0.0,Low
64.42,38.22,75.73,5.14,95.6,12.4,Peaty,Groundnut,Germination,7.9,23.6,0,0.0,0.0,Medium
71.87,16.07,53.9,0.61,98.8,40.0,Silty,Rice,Flowering,20.0,58.5,0,0.0,0.0,Low
72.4,17.85,56.74,5.18,86.3,6.6,Peaty,Rice,Vegetative,11.6,4.7,0,0.0,0.0,Low
79.42,39.93,45.91,1.83,46.3,28.5,Clay,Rice,Vegetative,19.2,55.7,1,5.0,3.0,Medium
93.76,44.61,24.62,0.4,81.2,18.1,Silty,Maize,Germination,3.4,11.3,0,0.0,0.0,Medium
63.8,35.69,80.31,8.06,71.2,15.8,Loamy,Maize,Vegetative,8.1,28.6,0,0.0,0.0,Medium
46.43,17.73,81.8,2.14,24.7,0.7,Sandy,Wheat,Germination,22.6,55.2,0,0.0,0.0,Low
36.79,16.93,33.63,0.33,20.3,39.9,Loamy,Groundnut,Flowering,19.8,11.9,1,6.0,4.3,Medium
54.68,21.47,78.32,1.46,6.1,19.2,Peaty,Wheat,Germination,0.7,50.8,0,0.0,0.0,Low
48.8,42.16,34.72,1.87,78.6,8.2,Silty,Wheat,Maturity,0.5,7.5,0,0.0,0.0,Medium
23.9,23.98,86.25,2.41,6.9,2.5,Clay,Wheat,Flowering,6.3,63.9,1,27.7,16.0,High
46.38,28.61,59.49,1.12,67.3,30.6,Peaty,Wheat,Maturity,25.4,37.0,0,0.0,0.0,Low
84.08,39.19,74.07,4.23,11.9,34.5,Loamy,Rice,Maturity,2.8,25.7,0,0.0,0.0,Medium
56.24,30.49,77.89,2.7,34.1,9.8,Peaty,Groundnut,Flowering,12.9,66.3,0,0.0,0.0,Low
21.53,31.72,52.73,2.39,42.2,11.7,Sandy,Groundnut,Maturity,13.8,38.2,1,7.5,4.4,Medium
28.03,30.18,89.81,1.74,47.1,37.7,Loamy,Maize,Vegetative,22.1,21.5,1,21.1,11.9,High
32.8,17.77,21.15,0.54,11.9,18.5,Clay,Wheat,Fruiting,1.4,32.4,1,16.7,8.2,Medium
93.84,17.68,53.51,3.82,82.0,17.6,Peaty,Tomato,Fruiting,25.3,15.5,0,0.0,0.0,Low
63.06,38.86,72.6,1.46,89.6,5.7,Clay,Cotton,Vegetative,20.9,62.9,0,0.0,0.0,Medium
72.67,36.46,91.25,1.22,74.4,29.9,Clay,Wheat,Flowering,24.4,38.6,0,0.0,0.0,Medium
67.94,40.69,81.84,1.38,77.4,30.1,Clay,Cotton,Fruiting,12.1,13.0,0,0.0,0.0,Medium
86.81,21.35,27.01,2.06,66.6,32.8,Sandy,Tomato,Germination,24.7,32.2,0,0.0,0.0,Low
75.43,32.47,26.76,1.42,95.5,6.6,Peaty,Cotton,Germination,25.0,55.5,0,0.0,0.0,Low
84.66,44.16,92.16,1.19,68.0,5.9,Sandy,Cotton,Flowering,4.8,64.1,0,0.0,0.0,Medium
61.06,37.19,62.95,2.93,35.4,22.2,Peaty,Rice,Vegetative,2.4,60.8,1,5.7,4.6,Medium
72.49,34.19,84.32,2.63,1.1,31.5,Sandy,Wheat,Vegetative,1.4,58.3,0,0.0,0.0,Medium
42.71,33.78,53.67,5.89,43.3,16.4,Sandy,Wheat,Flowering,25.8,42.3,1,6.0,4.8,Medium
59.02,40.77,82.34,3.15,6.3,12.7,Silty,Wheat,Flowering,7.5,44.9,1,6.0,3.9,Medium
51.86,38.8,82.85,3.05,71.2,36.3,Sandy,Cotton,Vegetative,2.5,9.0,0,0.0,0.0,Medium
55.03,34.03,90.89,6.05,7.6,34.1,Clay,Wheat,Fruiting,9.5,61.4,1,5.5,4.0,Medium
89.25,37.01,64.55,0.07,76.2,33.3,Sandy,Rice,Germination,5.3,36.2,0,0.0,0.0,Medium
92.54,44.93,79.6,1.41,74.3,15.1,Peaty,Maize,Fruiting,11.3,55.2,0,0.0,0.0,Medium
84.47,29.93,86.43,7.02,11.3,14.9,Loamy,Sugarcane,Vegetative,24.6,51.9,0,0.0,0.0,Low
41.01,38.12,43.38,2.91,36.2,3.4,Peaty,Cotton,Maturity,9.2,5.1,1,5.0,3.0,High
38.33,37.85,86.71,3.67,5.5,22.0,Loamy,Wheat,Germination,22.5,42.5,1,5.0,3.0,High
55.17,33.77,67.55,0.26,2.2,11.7,Clay,Sugarcane,Flowering,4.3,36.7,1,11.2,5.6,Medium
68.92,35.18,53.55,2.31,10.8,14.5,Sandy,Cotton,Flowering,16.4,40.4,0,0.0,0.0,Medium
68.05,19.31,87.88,0.41,74.2,39.6,Peaty,Sugarcane,Fruiting,6.4,33.4,0,0.0,0.0,Low
65.19,30.46,69.3,2.09,79.0,6.3,Loamy,Cotton,Vegetative,2.0,48.3,0,0.0,0.0,Low
81.9,29.27,79.95,4.56,84.8,34.0,Silty,Maize,Fruiting,22.5,55.9,0,0.0,0.0,Low
72.92,41.73,80.36,12.33,82.7,15.9,Sandy,Rice,Maturity,26.2,41.1,0,0.0,0.0,Medium
39.35,22.94,59.67,0.84,36.8,34.4,Sandy,Maize,Fruiting,29.6,19.9,1,7.9,5.6,Medium
51.95,43.16,89.39,4.26,55.2,3.9,Silty,Rice,Maturity,7.7,2.4,1,12.9,7.4,High
36.67,31.34,37.31,0.18,7.2,6.4,Clay,Maize,Vegetative,21.2,34.2,1,15.5,7.4,Medium
77.04,39.89,67.14,2.03,28.6,11.7,Sandy,Sugarcane,Vegetative,3.4,10.5,0,0.0,0.0,Medium
83.58,39.88,58.63,0.07,89.5,21.4,Peaty,Tomato,Flowering,12.7,13.3,0,0.0,0.0,Medium
91.19,31.41,72.97,3.01,88.6,39.7,Loamy,Wheat,Maturity,22.9,49.4,0,0.0,0.0,Low
66.94,16.11,29.16,9.01,96.1,35.0,Silty,Wheat,Germination,17.8,59.3,0,0.0,0.0,Low
78.56,41.69,32.71,0.18,44.6,21.8,Sandy,Sugarcane,Vegetative,4.8,66.2,1,5.0,4.2,Medium
16.04,38.9,33.74,0.35,1.5,11.9,Clay,Groundnut,Germination,24.1,34.9,1,15.7,8.0,High
28.08,41.87,77.79,0.25,35.4,11.9,Loamy,Maize,Maturity,30.0,10.6,1,15.0,9.7,High
67.77,25.78,60.6,4.22,77.3,0.5,Silty,Sugarcane,Fruiting,0.1,1.1,0,0.0,0.0,Low
70.51,43.9,23.73,3.28,58.6,25.6,Silty,Sugarcane,Germination,3.7,9.6,0,0.0,0.0,Medium
46.31,19.74,81.82,4.48,46.4,20.9,Silty,Tomato,Germination,16.5,52.7,0,0.0,0.0,Medium
57.33,21.17,32.97,0.16,31.4,23.9,Clay,Rice,Flowering,7.2,71.6,1,14.5,9.5,Medium
71.38,22.91,92.39,5.9,91.2,36.7,Clay,Maize,Vegetative,25.8,64.0,0,0.0,0.0,Low
78.2,19.39,88.23,3.72,40.7,2.8,Loamy,Sugarcane,Germination,14.8,23.3,0,0.0,0.0,Low
75.73,24.23,39.35,5.12,75.9,2.3,Clay,Rice,Germination,13.5,6.3,0,0.0,0.0,Low
84.8,31.75,71.24,0.46,80.9,10.2,Peaty,Sugarcane,Maturity,17.8,47.1,0,0.0,0.0,Low
75.55,42.42,75.98,3.6,92.6,14.0,Clay,Cotton,Vegetative,20.6,71.7,0,0.0,0.0,Medium
71.73,43.4,45.02,4.68,87.3,18.6,Silty,Sugarcane,Fruiting,3.9,10.1,0,0.0,0.0,Medium
45.77,40.84,44.69,0.68,52.3,31.3,Sandy,Cotton,Vegetative,28.8,68.9,1,5.0,3.9,Medium
43.81,15.36,37.2,15.11,7.3,35.0,Silty,Sugarcane,Fruiting,3.3,56.1,0,0.0,0.0,High
67.15,35.55,48.98,0.46,78.3,10.4,Sandy,Cotton,Flowering,19.0,69.5,0,0.0,0.0,Medium
22.3,36.63,28.86,2.58,2.7,33.8,Loamy,Groundnut,Fruiting,22.0,7.7,1,13.5,8.9,Medium
44.04,34.05,80.49,4.6,39.5,17.2,Sandy,Groundnut,Fruiting,3.7,62.6,1,5.5,3.5,Medium
72.8,17.05,42.0,0.67,46.1,39.8,Sandy,Maize,Maturity,26.8,59.8,0,0.0,0.0,Low
87.57,29.29,46.56,4.04,11.8,21.3,Sandy,Rice,Germination,6.1,19.0,0,0.0,0.0,Low
21.3,26.71,48.2,1.41,41.4,24.7,Loamy,Cotton,Vegetative,7.0,46.5,1,14.6,7.5,Medium
68.56,17.39,22.91,1.88,64.6,2.5,Peaty,Tomato,Flowering,2.7,26.1,0,0.0,0.0,Low
57.16,21.87,29.54,1.18,80.9,1.1,Clay,Wheat,Germination,28.7,1.2,0,0.0,0.0,Low
72.26,33.76,34.4,4.69,71.1,31.8,Sandy,Maize,Fruiting,16.7,7.4,0,0.0,0.0,Medium
56.51,25.44,54.53,1.3,15.2,25.8,Peaty,Wheat,Flowering,29.1,32.8,0,0.0,0.0,Low
51.52,15.43,27.1,3.51,38.0,14.9,Clay,Cotton,Germination,14.9,45.9,0,0.0,0.0,Low
45.97,34.77,51.18,1.18,54.6,13.9,Silty,Tomato,Vegetative,3.3,60.8,1,9.5,4.9,Medium
91.47,21.6,52.19,0.25,85.4,33.0,Loamy,Sugarcane,Flowering,13.4,46.9,0,0.0,0.0,Low
95.27,33.46,31.38,1.28,84.1,8.5,Sandy,Rice,Flowering,25.0,19.3,0,0.0,0.0,Medium
55.09,43.44,41.54,0.05,91.8,8.2,Loamy,Tomato,Maturity,6.7,7.5,0,0.0,0.0,Medium
63.81,31.65,44.34,1.17,65.2,38.3,Clay,Maize,Maturity,11.8,58.0,0,0.0,0.0,Low
48.25,31.59,25.43,11.95,56.4,4.8,Loamy,Groundnut,Germination,0.2,0.5,0,0.0,0.0,Low
69.74,35.2,38.11,2.97,95.7,18.9,Peaty,Wheat,Vegetative,21.8,36.5,0,0.0,0.0,Medium
34.17,15.93,67.12,6.32,4.8,8.7,Peaty,Wheat,Germination,8.6,2.9,1,5.9,3.4,Medium
39.95,24.36,19.86,1.06,25.1,16.1,Clay,Groundnut,Fruiting,20.1,13.8,1,5.5,5.0,Medium
31.11,26.15,52.14,5.16,39.8,1.6,Loamy,Groundnut,Fruiting,11.9,11.1,1,8.9,5.1,Medium
40.73,36.53,24.26,5.46,33.7,16.9,Clay,Rice,Flowering,22.8,33.6,1,37.8,22.6,High
42.59,29.27,90.94,1.42,49.0,22.2,Sandy,Rice,Flowering,15.8,24.2,1,18.7,12.6,High
72.44,31.67,50.08,1.95,30.3,19.7,Silty,Maize,Flowering,23.6,44.4,0,0.0,0.0,Low
60.48,14.79,58.86,5.26,61.1,24.8,Silty,Maize,Flowering,29.4,38.1,0,0.0,0.0,Low
74.91,23.42,59.13,0.89,86.1,39.8,Peaty,Rice,Vegetative,17.3,10.5,0,0.0,0.0,Low
89.09,20.83,78.33,0.71,85.9,15.2,Silty,Rice,Germination,7.8,47.0,0,0.0,0.0,Low
41.96,26.95,53.32,5.63,41.8,12.1,Sandy,Sugarcane,Germination,20.2,6.1,1,7.2,4.5,High
85.62,37.15,50.43,1.82,87.0,1.0,Peaty,Wheat,Maturity,13.4,33.4,0,0.0,0.0,Medium
14.69,42.67,23.52,2.11,56.6,37.0,Sandy,Groundnut,Germination,23.7,46.3,1,8.0,3.9,High
19.2,38.34,60.76,1.6,24.4,1.3,Peaty,Wheat,Fruiting,12.6,6.8,1,21.1,12.5,High
69.14,21.91,89.02,1.33,0.3,8.0,Silty,Groundnut,Vegetative,9.3,44.2,0,0.0,0.0,Low
79.65,41.51,76.52,2.03,13.3,34.9,Peaty,Sugarcane,Vegetative,20.9,61.3,1,5.0,3.0,Medium
42.62,30.96,27.25,0.05,16.9,30.4,Peaty,Maize,Germination,24.1,36.1,1,5.0,3.7,Medium
45.25,25.87,87.89,6.26,31.1,9.1,Peaty,Cotton,Maturity,2.9,16.8,1,5.0,3.0,Medium
30.34,30.77,78.21,0.74,43.4,20.2,Silty,Maize,Fruiting,21.1,4.1,1,24.0,13.1,Medium
72.73,40.34,34.77,0.51,24.4,14.4,Sandy,Rice,Vegetative,3.7,38.3,1,5.0,3.9,Medium
53.92,28.98,78.5,2.54,46.5,0.7,Peaty,Tomato,Maturity,20.2,7.1,0,0.0,0.0,Medium
93.82,30.17,60.82,6.23,80.0,11.2,Clay,Sugarcane,Fruiting,22.6,0.9,0,0.0,0.0,Low
23.97,25.41,69.49,0.35,53.1,13.7,Clay,Wheat,Fruiting,23.9,58.7,1,25.0,16.0,High
90.59,22.42,66.98,7.29,89.2,14.4,Sandy,Sugarcane,Vegetative,15.3,33.4,0,0.0,0.0,Low
55.56,42.09,72.07,2.47,86.7,13.2,Peaty,Wheat,Flowering,22.4,4.2,0,0.0,0.0,Medium
71.35,23.13,93.92,0.6,90.7,17.8,Sandy,Tomato,Maturity,21.0,6.7,0,0.0,0.0,Low
61.53,27.54,55.45,2.39,2.2,30.4,Clay,Cotton,Vegetative,4.3,64.6,0,0.0,0.0,Low
87.21,29.24,57.55,3.17,80.2,37.4,Clay,Maize,Fruiting,27.3,36.0,0,0.0,0.0,Low
76.65,26.83,88.46,2.13,26.0,33.0,Sandy,Maize,Maturity,7.3,43.6,0,0.0,0.0,Low
55.04,27.23,93.48,0.28,67.0,35.8,Silty,Wheat,Germination,24.1,17.4,0,0.0,0.0,Low
58.1,19.45,34.05,3.65,61.2,37.9,Sandy,Groundnut,Flowering,6.4,47.2,0,0.0,0.0,Low
73.64,33.17,35.34,8.96,27.3,35.9,Sandy,Rice,Flowering,15.1,23.9,0,0.0,0.0,Medium
43.43,34.6,42.93,5.74,31.1,38.9,Peaty,Wheat,Fruiting,28.6,13.2,1,5.5,3.6,Medium
67.26,19.47,23.15,0.09,10.4,15.2,Loamy,Cotton,Flowering,10.6,32.6,0,0.0,0.0,Low
67.74,27.89,29.58,2.28,97.9,10.1,Peaty,Tomato,Flowering,7.1,62.4,0,0.0,0.0,Low
29.76,36.24,85.73,4.36,24.3,34.9,Silty,Groundnut,Flowering,27.3,59.3,1,11.5,6.9,Medium
34.31,30.03,56.81,5.44,30.2,18.0,Sandy,Groundnut,Vegetative,19.0,60.2,1,5.0,3.0,Medium
58.38,28.17,52.44,4.01,93.6,15.6,Peaty,Maize,Flowering,1.0,0.3,0,0.0,0.0,Low
31.04,40.81,72.88,0.26,34.8,38.7,Clay,Maize,Maturity,13.6,24.1,1,17.8,10.0,High
54.67,43.35,91.74,2.75,27.1,9.9,Sandy,Cotton,Germination,29.4,5.6,0,0.0,0.0,Medium
91.99,21.29,59.09,0.07,74.1,20.9,Peaty,Tomato,Vegetative,3.1,52.7,0,0.0,0.0,Low
49.22,26.98,60.03,1.37,57.9,39.4,Sandy,Sugarcane,Flowering,16.9,33.9,1,8.1,5.8,Medium
93.55,25.05,36.13,4.96,88.8,0.2,Sandy,Wheat,Maturity,12.7,6.9,0,0.0,0.0,Low
39.23,16.51,28.5,0.26,44.1,27.9,Clay,Maize,Flowering,0.8,50.9,1,21.9,12.3,Medium
55.92,30.1,90.31,15.04,2.0,19.8,Sandy,Groundnut,Vegetative,2.2,67.8,0,0.0,0.0,Low
51.88,15.6,93.09,1.14,31.6,17.8,Clay,Groundnut,Fruiting,4.8,18.4,0,0.0,0.0,Low
75.54,34.09,54.44,3.94,57.9,7.1,Silty,Maize,Flowering,13.5,53.6,0,0.0,0.0,Medium
50.47,36.2,32.29,5.73,7.4,24.1,Sandy,Wheat,Fruiting,9.3,2.6,0,0.0,0.0,Medium
85.59,43.91,85.1,2.8,75.8,34.6,Peaty,Cotton,Maturity,9.8,58.5,0,0.0,0.0,Medium
42.41,35.6,51.68,4.58,92.5,7.5,Clay,Groundnut,Flowering,18.8,43.4,0,0.0,0.0,Medium
83.1,24.78,55.18,0.3,56.5,9.6,Peaty,Rice,Maturity,0.0,62.4,0,0.0,0.0,Low
48.55,41.89,46.0,4.3,1.9,24.9,Peaty,Cotton,Maturity,16.7,67.5,1,5.0,3.5,Medium
73.06,26.07,50.12,0.44,54.3,13.1,Loamy,Rice,Flowering,13.4,53.9,0,0.0,0.0,Low
66.8,27.96,45.74,2.94,87.9,14.1,Loamy,Sugarcane,Maturity,10.6,0.4,0,0.0,0.0,Low
14.89,43.64,69.63,0.24,29.0,20.8,Clay,Groundnut,Fruiting,20.3,47.1,1,28.5,17.1,High
72.51,37.74,21.75,2.21,94.2,8.7,Clay,Rice,Germination,23.1,53.4,0,0.0,0.0,Medium
46.27,31.08,61.58,4.91,35.9,22.0,Peaty,Groundnut,Germination,16.8,5.2,0,0.0,0.0,Low
58.54,43.52,68.52,0.77,54.2,5.8,Silty,Rice,Fruiting,23.7,1.0,1,14.5,9.6,High
73.96,17.31,60.25,6.05,43.7,28.2,Clay,Tomato,Maturity,16.0,6.3,0,0.0,0.0,Low
57.91,31.43,91.53,9.31,93.0,11.0,Sandy,Maize,Fruiting,3.1,10.2,0,0.0,0.0,Low
67.39,16.04,43.02,2.51,21.3,9.0,Peaty,Tomato,Fruiting,8.7,2.8,0,0.0,0.0,Low
78.42,22.48,54.48,1.46,68.8,13.4,Sandy,Cotton,Flowering,28.8,18.2,0,0.0,0.0,Low
59.45,30.53,79.57,0.48,17.0,20.5,Peaty,Rice,Fruiting,5.2,49.7,1,6.3,3.0,Medium
73.07,19.04,43.07,7.92,84.0,2.2,Loamy,Tomato,Flowering,27.3,1.1,0,0.0,0.0,Low
80.1,42.27,72.42,0.14,84.1,2.1,Sandy,Wheat,Germination,20.8,66.0,0,0.0,0.0,Medium
40.02,26.86,80.94,3.6,9.5,2.3,Peaty,Groundnut,Vegetative,21.9,47.8,1,5.0,3.6,Low
95.09,16.57,73.2,0.36,89.8,5.7,Loamy,Wheat,Vegetative,12.8,27.5,0,0.0,0.0,Low
47.61,17.54,94.24,6.64,4.3,34.5,Loamy,Rice,Flowering,7.2,49.0,1,21.6,14.7,High
87.03,25.54,26.75,1.2,97.0,0.8,Sandy,Cotton,Maturity,29.8,31.4,0,0.0,0.0,Low
42.17,23.99,34.85,3.39,3.5,30.6,Sandy,Rice,Vegetative,8.0,35.9,1,13.6,8.1,High
41.74,24.19,67.88,1.7,13.4,0.2,Sandy,Rice,Flowering,26.0,33.0,1,14.8,9.4,High
70.87,21.47,60.61,0.18,74.2,24.3,Peaty,Tomato,Fruiting,6.5,38.6,0,0.0,0.0,Low
84.62,34.82,58.58,1.94,84.2,3.7,Peaty,Rice,Germination,3.4,40.5,0,0.0,0.0,Medium
90.23,18.41,36.71,3.48,82.9,25.9,Peaty,Rice,Maturity,18.2,58.3,0,0.0,0.0,Low
31.15,15.49,23.5,0.58,44.9,16.7,Loamy,Maize,Fruiting,24.7,49.2,1,13.5,9.2,Medium
63.24,31.66,64.93,0.32,96.0,21.2,Loamy,Groundnut,Flowering,5.7,68.5,0,0.0,0.0,Low
94.49,37.54,42.51,1.57,77.6,4.3,Silty,Wheat,Vegetative,21.1,13.9,0,0.0,0.0,Medium
24.14,33.12,43.43,1.17,16.2,5.6,Clay,Wheat,Maturity,26.6,38.4,1,18.1,10.6,High
68.26,15.9,54.0,1.51,9.2,15.1,Clay,Tomato,Germination,4.1,70.8,0,0.0,0.0,Low
81.03,23.99,94.92,1.14,69.6,14.7,Peaty,Sugarcane,Flowering,6.8,12.4,0,0.0,0.0,Low
31.66,22.56,61.57,0.41,57.5,19.3,Clay,Wheat,Germination,9.2,0.7,1,7.5,4.6,Medium
49.16,36.78,37.91,3.34,11.1,31.2,Clay,Tomato,Vegetative,12.3,0.7,1,7.6,5.0,Medium
77.79,29.57,84.17,0.18,98.9,37.9,Loamy,Wheat,Maturity,27.4,39.9,0,0.0,0.0,Low
50.37,41.32,39.95,0.87,25.8,3.8,Sandy,Tomato,Vegetative,9.8,37.6,1,5.0,3.0,High
84.72,37.03,71.05,0.23,90.2,12.7,Silty,Tomato,Germination,8.3,37.8,0,0.0,0.0,Medium
85.62,34.83,53.02,7.25,86.7,5.9,Peaty,Tomato,Germination,28.3,22.8,0,0.0,0.0,Medium
75.51,20.33,40.62,0.91,72.7,18.3,Clay,Wheat,Maturity,20.1,4.9,0,0.0,0.0,Low
67.4,25.17,53.72,0.56,92.7,28.2,Peaty,Wheat,Germination,3.7,61.1,0,0.0,0.0,Low
88.51,30.47,43.4,4.69,20.1,23.4,Sandy,Rice,Maturity,25.0,2.1,0,0.0,0.0,Low
72.35,27.6,94.48,2.7,6.9,18.4,Silty,Tomato,Germination,26.0,69.2,0,0.0,0.0,Low
18.97,26.29,82.0,3.59,18.6,11.2,Loamy,Groundnut,Germination,15.2,14.6,1,9.7,5.5,High
84.0,35.82,45.65,1.19,96.6,7.8,Loamy,Tomato,Fruiting,5.5,65.2,0,0.0,0.0,Medium
65.05,20.79,35.79,1.94,86.8,0.9,Clay,Maize,Fruiting,17.9,62.3,0,0.0,0.0,Low
81.41,20.06,40.44,0.11,92.3,9.2,Clay,Groundnut,Germination,12.4,36.1,0,0.0,0.0,Low
16.76,16.69,79.31,6.35,44.8,4.1,Clay,Wheat,Vegetative,1.9,31.6,1,26.4,15.6,High
64.93,28.89,51.86,3.34,38.9,20.5,Clay,Cotton,Germination,5.0,7.6,0,0.0,0.0,Low
92.79,14.58,47.13,1.56,73.3,34.4,Silty,Maize,Vegetative,10.6,68.9,0,0.0,0.0,Low
80.97,32.59,39.68,8.43,61.0,7.0,Loamy,Wheat,Flowering,15.0,34.1,0,0.0,0.0,Low
62.51,38.73,90.34,3.66,87.6,14.4,Peaty,Wheat,Maturity,9.6,52.9,0,0.0,0.0,Medium
59.31,34.0,88.89,6.89,32.1,3.8,Peaty,Maize,Vegetative,28.4,36.6,0,0.0,0.0,Medium
71.65,20.29,26.58,6.49,18.1,2.5,Peaty,Rice,Germination,16.4,40.9,0,0.0,0.0,Low
64.19,17.57,37.37,4.75,95.5,33.9,Sandy,Tomato,Maturity,10.5,55.1,0,0.0,0.0,Low
77.34,18.12,76.15,1.26,93.6,28.6,Loamy,Rice,Vegetative,20.5,62.3,0,0.0,0.0,Low
48.26,37.0,91.24,5.47,85.2,22.3,Sandy,Groundnut,Maturity,19.1,29.3,0,0.0,0.0,Medium
78.67,41.85,83.47,4.64,85.9,7.0,Sandy,Rice,Fruiting,20.5,66.5,0,0.0,0.0,Medium
84.6,35.04,21.87,0.88,95.7,11.5,Peaty,Cotton,Germination,12.7,65.3,0,0.0,0.0,Medium
55.04,29.72,36.03,0.05,71.7,36.8,Silty,Cotton,Fruiting,28.0,5.2,0,0.0,0.0,Low
62.79,39.05,23.09,0.19,91.7,13.2,Loamy,Tomato,Fruiting,3.7,34.3,0,0.0,0.0,Medium
66.59,25.95,44.14,0.06,72.6,11.0,Sandy,Wheat,Flowering,27.0,9.0,0,0.0,0.0,Low
91.88,32.35,66.71,3.31,70.0,12.7,Sandy,Sugarcane,Germination,0.9,13.6,0,0.0,0.0,Low
41.9,42.6,33.26,10.53,44.9,39.3,Clay,Rice,Germination,17.0,49.7,0,0.0,0.0,High
58.8,31.88,44.26,7.99,71.3,37.1,Clay,Tomato,Fruiting,17.5,45.9,0,0.0,0.0,Low
58.72,42.29,90.76,3.07,22.5,21.5,Sandy,Groundnut,Flowering,10.7,65.2,1,6.0,3.3,Medium
30.57,38.46,81.25,0.58,50.2,15.4,Silty,Maize,Flowering,3.7,3.3,1,29.5,18.4,High
68.74,37.8,21.43,4.98,2.7,32.6,Silty,Cotton,Maturity,14.4,16.3,0,0.0,0.0,Medium
87.04,40.25,91.07,0.49,62.6,23.3,Silty,Groundnut,Fruiting,26.9,54.8,0,0.0,0.0,Medium
69.97,28.44,24.15,0.68,79.8,30.3,Clay,Tomato,Flowering,11.7,63.6,0,0.0,0.0,Low
56.23,16.43,21.5,0.06,65.6,24.9,Clay,Tomato,Germination,4.0,52.0,0,0.0,0.0,Low
51.04,25.25,87.92,2.18,55.7,2.2,Silty,Maize,Maturity,20.0,10.9,0,0.0,0.0,Medium
81.06,19.62,30.04,0.33,79.8,26.7,Clay,Sugarcane,Germination,23.2,61.2,0,0.0,0.0,Low
86.95,34.4,82.19,0.11,60.4,23.2,Peaty,Sugarcane,Maturity,20.9,32.7,0,0.0,0.0,Medium
36.49,43.82,69.26,2.2,6.8,14.2,Silty,Cotton,Flowering,15.3,31.4,1,9.7,5.8,High
38.81,16.28,87.82,5.84,27.5,3.2,Clay,Wheat,Flowering,26.2,34.7,1,10.7,5.5,Medium
39.07,34.95,43.01,2.48,7.4,35.7,Silty,Maize,Vegetative,23.3,59.5,1,11.1,6.5,Medium
68.74,37.31,40.29,4.45,94.9,37.2,Loamy,Sugarcane,Germination,1.6,55.9,0,0.0,0.0,Medium
45.44,20.29,22.44,3.76,44.3,0.4,Clay,Rice,Maturity,8.7,30.5,1,17.9,11.4,High
86.15,32.34,68.97,2.67,69.4,5.9,Loamy,Sugarcane,Maturity,4.5,24.5,0,0.0,0.0,Low
71.7,36.56,60.42,0.32,67.0,9.4,Peaty,Wheat,Maturity,8.4,7.5,0,0.0,0.0,Medium
75.92,24.72,73.03,8.2,75.0,34.7,Loamy,Rice,Fruiting,10.5,36.6,0,0.0,0.0,Low
57.43,41.46,31.14,0.28,31.1,29.5,Loamy,Groundnut,Fruiting,11.5,22.4,0,0.0,0.0,Medium
65.24,38.02,64.99,1.81,14.4,37.0,Sandy,Tomato,Maturity,8.4,68.2,1,5.0,3.2,Medium
49.04,37.93,30.43,3.01,6.3,1.5,Clay,Groundnut,Vegetative,17.2,23.7,0,0.0,0.0,Medium
82.7,34.99,83.7,2.58,93.8,39.2,Peaty,Wheat,Flowering,10.8,10.3,0,0.0,0.0,Medium
55.9,23.51,92.78,3.69,53.5,13.2,Peaty,Wheat,Vegetative,21.9,51.3,0,0.0,0.0,Low
21.33,24.58,77.04,4.04,22.3,14.2,Loamy,Maize,Maturity,10.0,1.9,1,19.4,12.0,High
22.71,21.63,51.27,0.16,30.2,3.3,Peaty,Tomato,Germination,16.5,51.0,1,12.8,7.7,High
77.64,24.1,40.02,1.39,48.7,3.0,Peaty,Rice,Vegetative,15.6,38.9,0,0.0,0.0,Low
70.23,23.83,67.96,6.45,23.1,5.6,Loamy,Tomato,Fruiting,12.3,50.4,0,0.0,0.0,Low
48.77,29.03,62.64,0.37,48.9,21.3,Peaty,Tomato,Maturity,28.6,41.1,0,0.0,0.0,Medium
59.57,31.99,63.41,0.57,68.0,11.8,Loamy,Groundnut,Germination,27.2,12.9,0,0.0,0.0,Low
90.17,23.74,70.72,2.58,43.5,23.3,Peaty,Rice,Maturity,7.3,57.0,0,0.0,0.0,Low
81.96,29.51,26.59,0.49,77.5,0.7,Loamy,Sugarcane,Flowering,2.9,58.4,0,0.0,0.0,Low
52.43,38.92,67.71,0.62,39.8,20.5,Clay,Tomato,Flowering,10.2,37.6,1,8.0,4.4,High
23.63,18.42,81.42,6.98,14.5,25.0,Peaty,Groundnut,Fruiting,5.5,14.7,1,15.1,9.1,Medium
74.82,39.2,84.9,0.08,68.9,16.4,Silty,Tomato,Flowering,6.7,2.5,0,0.0,0.0,Medium
56.22,27.09,76.06,0.89,96.7,25.5,Clay,Wheat,Germination,23.8,70.9,0,0.0,0.0,Low
83.56,23.7,72.22,5.8,75.1,18.2,Loamy,Maize,Germination,2.2,47.7,0,0.0,0.0,Low
16.41,25.77,31.47,0.74,19.6,14.9,Peaty,Groundnut,Fruiting,15.8,29.3,1,19.4,12.0,High
53.84,31.96,76.22,7.8,58.5,26.1,Silty,Rice,Vegetative,8.2,30.1,1,10.2,5.9,Medium
25.74,28.22,24.44,2.2,10.8,17.0,Sandy,Cotton,Maturity,29.1,2.5,1,5.0,3.2,Medium
61.34,21.78,29.84,0.19,70.0,11.0,Clay,Wheat,Maturity,4.8,8.4,0,0.0,0.0,Low
41.13,21.66,93.95,4.96,54.2,9.3,Sandy,Cotton,Maturity,19.5,0.3,0,0.0,0.0,Medium
53.15,27.99,54.78,1.34,43.3,29.0,Clay,Cotton,Fruiting,24.3,70.2,0,0.0,0.0,Low
62.87,32.54,36.06,5.99,61.9,1.4,Silty,Maize,Germination,26.7,27.4,0,0.0,0.0,Low
55.13,27.56,36.48,4.06,6.8,40.0,Peaty,Maize,Fruiting,6.5,14.3,0,0.0,0.0,Low
76.19,33.0,88.06,3.96,58.7,8.3,Sandy,Tomato,Germination,26.8,23.1,0,0.0,0.0,Medium
37.21,22.03,60.23,5.97,53.8,15.7,Silty,Wheat,Maturity,11.5,44.3,0,0.0,0.0,Medium
45.84,34.35,49.12,0.83,78.4,14.6,Loamy,Cotton,Vegetative,25.5,22.6,0,0.0,0.0,Medium
48.31,25.72,24.09,6.02,41.9,27.4,Loamy,Rice,Maturity,24.9,59.3,1,13.5,10.1,High
74.09,33.89,33.97,2.12,82.0,5.6,Sandy,Groundnut,Vegetative,20.8,29.7,0,0.0,0.0,Medium
63.04,36.03,87.31,0.56,61.0,36.3,Sandy,Maize,Maturity,29.7,26.3,0,0.0,0.0,Medium
49.91,43.51,94.97,1.51,34.3,29.9,Silty,Wheat,Flowering,19.8,38.3,1,6.0,3.8,Medium
30.27,26.73,50.87,5.61,13.7,24.9,Peaty,Cotton,Germination,26.6,24.5,1,5.0,3.0,Medium
12.53,44.35,54.67,11.7,12.5,33.8,Loamy,Cotton,Flowering,16.0,34.9,0,0.0,0.0,High
57.64,29.46,75.7,0.55,84.1,3.8,Loamy,Groundnut,Fruiting,11.1,17.0,0,0.0,0.0,Low
72.55,15.71,91.81,6.08,41.5,5.7,Loamy,Tomato,Flowering,19.3,36.3,0,0.0,0.0,Low
77.5,42.17,62.77,3.89,93.1,26.4,Sandy,Sugarcane,Fruiting,15.8,49.3,0,0.0,0.0,Medium
64.24,24.13,75.54,5.42,32.0,33.8,Silty,Tomato,Vegetative,13.2,50.3,0,0.0,0.0,Low
61.24,29.34,45.28,8.6,37.7,9.1,Peaty,Sugarcane,Flowering,4.6,27.3,0,0.0,0.0,Medium
45.1,41.38,26.01,2.25,23.3,29.1,Silty,Sugarcane,Flowering,10.2,9.2,1,20.8,12.7,High
40.0,30.92,54.54,0.56,50.6,33.4,Sandy,Groundnut,Maturity,6.5,49.4,0,0.0,0.0,Low
63.06,22.86,54.18,5.84,9.0,21.1,Silty,Sugarcane,Fruiting,11.4,43.0,1,5.5,3.0,Medium
77.78,36.41,23.08,2.51,64.5,33.6,Sandy,Rice,Fruiting,20.9,6.7,0,0.0,0.0,Medium
52.24,21.64,58.77,0.5,97.6,15.5,Peaty,Wheat,Germination,23.2,40.5,0,0.0,0.0,Low
59.03,40.31,50.77,4.81,36.7,29.4,Sandy,Sugarcane,Fruiting,12.2,57.4,1,5.5,5.6,High
71.54,38.61,88.51,0.26,12.4,20.7,Clay,Maize,Germination,26.2,50.4,0,0.0,0.0,Medium
87.36,16.4,24.09,0.73,92.0,5.1,Sandy,Sugarcane,Fruiting,26.0,63.2,0,0.0,0.0,Low
90.68,22.01,53.84,2.31,94.3,7.1,Silty,Rice,Flowering,28.7,39.9,0,0.0,0.0,Low
59.01,43.58,57.23,8.3,0.1,7.7,Peaty,Wheat,Vegetative,15.8,71.3,0,0.0,0.0,Medium
54.73,20.29,61.14,0.82,23.2,12.3,Clay,Wheat,Flowering,0.7,61.2,0,0.0,0.0,Low
56.92,16.82,68.07,0.38,75.1,16.4,Peaty,Maize,Flowering,24.9,41.2,0,0.0,0.0,Low
14.63,39.55,20.87,1.0,53.2,18.2,Loamy,Groundnut,Fruiting,13.4,7.6,1,24.4,13.8,High
40.4,42.11,83.99,2.82,59.6,35.6,Loamy,Wheat,Germination,1.9,33.9,1,5.0,4.9,High
74.66,31.23,58.89,2.36,63.6,0.6,Sandy,Rice,Germination,14.1,51.0,0,0.0,0.0,Low
66.91,16.54,23.97,3.35,34.6,8.1,Peaty,Groundnut,Germination,0.4,19.7,0,0.0,0.0,Low
22.89,21.33,22.67,5.44,11.7,32.9,Clay,Wheat,Flowering,27.2,48.9,1,24.2,12.9,High
69.78,22.88,26.13,0.55,75.3,33.9,Loamy,Maize,Fruiting,4.9,5.4,0,0.0,0.0,Low
30.29,36.16,73.06,1.66,23.4,33.7,Silty,Tomato,Flowering,16.0,49.9,1,29.7,19.3,High
21.43,38.0,58.87,2.34,34.6,3.7,Clay,Wheat,Vegetative,10.2,51.9,1,20.4,11.3,High
39.85,34.7,39.41,2.39,54.2,18.0,Peaty,Groundnut,Fruiting,26.4,6.4,0,0.0,0.0,Medium
81.73,37.37,44.41,1.5,91.4,38.4,Clay,Cotton,Flowering,22.5,50.0,0,0.0,0.0,Medium
62.97,34.95,34.12,11.33,52.0,37.7,Peaty,Maize,Germination,1.2,38.8,0,0.0,0.0,Medium
47.42,37.35,41.82,0.36,5.4,36.7,Loamy,Groundnut,Fruiting,4.8,49.1,1,5.5,4.6,Medium
70.15,27.28,85.99,0.21,5.5,25.9,Loamy,Wheat,Fruiting,23.8,57.5,0,0.0,0.0,Low
90.89,15.78,90.85,6.13,5.2,16.8,Peaty,Rice,Fruiting,15.4,6.6,0,0.0,0.0,Low
17.28,39.85,38.1,2.54,2.5,31.9,Sandy,Groundnut,Flowering,26.2,29.3,1,14.0,7.9,High
56.73,34.8,72.15,0.94,65.2,2.3,Peaty,Tomato,Fruiting,12.2,34.9,0,0.0,0.0,Medium
90.36,37.37,31.21,2.26,78.9,27.3,Peaty,Rice,Flowering,21.6,8.7,0,0.0,0.0,Medium
82.17,22.38,56.44,0.8,95.1,25.9,Clay,Maize,Vegetative,15.9,20.3,0,0.0,0.0,Low
61.24,32.08,59.52,3.08,58.8,10.9,Sandy,Maize,Flowering,8.2,47.0,0,0.0,0.0,Low
72.33,33.28,78.95,14.61,93.6,2.0,Clay,Sugarcane,Flowering,12.4,63.0,0,0.0,0.0,Low
58.33,16.34,56.16,1.43,35.6,9.4,Clay,Cotton,Germination,26.5,63.9,0,0.0,0.0,Low
23.51,19.89,91.83,3.96,4.7,12.3,Clay,Tomato,Maturity,6.9,20.6,1,22.3,14.4,High
87.07,36.97,72.87,0.15,62.2,35.8,Sandy,Groundnut,Germination,27.4,32.0,0,0.0,0.0,Medium
67.56,34.05,42.29,3.34,56.9,28.9,Silty,Sugarcane,Maturity,22.7,71.7,1,5.0,5.4,Medium
12.87,42.81,36.99,4.05,42.5,15.3,Loamy,Groundnut,Germination,21.2,12.6,1,11.3,6.7,High
93.21,39.74,32.22,0.78,69.0,10.6,Peaty,Sugarcane,Maturity,6.9,57.5,0,0.0,0.0,Medium
51.0,26.04,44.63,0.14,15.1,14.7,Peaty,Cotton,Germination,6.2,11.8,0,0.0,0.0,Low
59.99,16.83,40.07,0.98,38.2,23.7,Silty,Wheat,Maturity,5.9,54.7,0,0.0,0.0,Low
36.71,39.61,46.72,1.64,0.4,10.1,Sandy,Maize,Flowering,13.6,10.0,1,15.1,8.8,High
58.98,25.16,46.14,5.66,93.4,33.1,Loamy,Tomato,Vegetative,8.7,51.2,0,0.0,0.0,Low
87.02,26.63,56.26,3.34,65.4,36.3,Silty,Groundnut,Maturity,1.7,35.0,0,0.0,0.0,Low
49.34,41.16,22.87,2.11,98.2,6.4,Sandy,Groundnut,Vegetative,14.1,62.7,0,0.0,0.0,Medium
72.0,35.67,84.06,4.56,72.2,2.7,Clay,Rice,Fruiting,13.9,40.0,0,0.0,0.0,Medium
10.1,34.42,24.13,5.9,32.7,24.3,Loamy,Groundnut,Maturity,11.0,0.1,1,17.1,10.1,High
38.45,25.07,61.69,13.5,41.9,17.0,Sandy,Sugarcane,Vegetative,23.0,13.1,0,0.0,0.0,High
51.66,19.3,78.46,1.95,62.6,15.0,Clay,Groundnut,Maturity,24.2,24.7,0,0.0,0.0,Low
80.12,22.21,26.85,0.98,13.7,1.0,Clay,Maize,Flowering,24.9,53.2,0,0.0,0.0,Low
12.92,19.04,79.2,7.0,30.7,35.1,Clay,Cotton,Maturity,20.3,38.0,1,23.6,15.1,High
78.9,27.22,74.67,0.38,78.7,28.5,Clay,Sugarcane,Vegetative,13.1,65.3,0,0.0,0.0,Low
72.9,30.56,94.61,7.91,45.5,4.5,Clay,Tomato,Maturity,27.7,12.3,0,0.0,0.0,Low
66.45,16.29,22.04,9.93,21.5,22.2,Loamy,Groundnut,Flowering,28.2,12.5,0,0.0,0.0,Low
86.18,27.58,69.19,5.74,4.9,25.1,Sandy,Rice,Vegetative,7.7,14.8,0,0.0,0.0,Low
67.41,33.22,57.94,0.5,10.8,37.6,Peaty,Rice,Vegetative,28.3,49.4,1,5.0,3.5,Medium
78.34,16.91,81.74,0.78,25.2,24.0,Loamy,Maize,Germination,0.5,48.5,0,0.0,0.0,Low
14.55,30.18,78.15,6.42,47.4,4.9,Silty,Cotton,Fruiting,25.7,5.6,1,29.3,18.9,High
63.87,39.71,32.2,1.16,52.1,30.7,Clay,Rice,Fruiting,2.2,71.2,1,6.2,4.7,High
75.21,30.85,64.75,1.75,91.6,28.9,Silty,Sugarcane,Flowering,10.1,32.8,0,0.0,0.0,Low
28.58,24.32,52.26,0.32,27.2,21.8,Sandy,Wheat,Vegetative,20.6,25.0,1,5.1,3.2,Medium
37.62,32.16,82.34,2.16,0.7,5.9,Silty,Groundnut,Fruiting,25.9,16.2,1,5.5,3.0,Medium
29.05,22.09,78.17,5.05,50.8,16.4,Peaty,Groundnut,Germination,1.0,40.4,1,5.3,3.0,Medium
63.64,22.54,54.11,2.29,81.1,16.8,Clay,Maize,Vegetative,0.4,18.1,0,0.0,0.0,Low
84.86,40.46,32.83,0.05,88.2,21.4,Sandy,Tomato,Fruiting,18.9,47.8,0,0.0,0.0,Medium
43.37,24.07,80.39,0.2,79.1,28.0,Silty,Groundnut,Flowering,0.9,60.5,0,0.0,0.0,Low
94.99,32.89,90.05,5.62,87.7,14.5,Sandy,Sugarcane,Fruiting,25.6,24.3,0,0.0,0.0,Low
62.06,39.58,67.76,1.19,22.6,24.1,Sandy,Tomato,Vegetative,27.9,13.3,0,0.0,0.0,Medium
78.05,15.58,92.55,11.32,94.4,38.6,Loamy,Rice,Flowering,1.1,20.5,0,0.0,0.0,Low
47.91,22.05,54.77,1.43,76.5,12.7,Peaty,Cotton,Fruiting,10.0,25.5,0,0.0,0.0,Low
84.77,42.34,85.54,2.05,84.7,34.5,Clay,Wheat,Germination,1.3,47.7,0,0.0,0.0,Medium
10.88,16.44,79.89,0.65,27.0,0.4,Loamy,Groundnut,Maturity,6.9,62.8,1,17.2,11.0,High
76.1,25.78,62.7,3.98,90.2,32.8,Loamy,Tomato,Maturity,29.7,38.1,0,0.0,0.0,Low
42.48,32.53,50.7,1.46,12.8,15.2,Peaty,Maize,Flowering,18.6,28.0,1,6.8,3.5,Medium
20.24,20.7,54.79,11.84,49.1,18.1,Silty,Maize,Maturity,8.6,16.4,0,0.0,0.0,High
50.22,24.57,72.66,9.84,73.7,36.4,Clay,Wheat,Vegetative,3.6,11.1,0,0.0,0.0,Low
86.47,33.62,36.16,2.48,75.6,33.2,Sandy,Sugarcane,Fruiting,26.7,68.5,0,0.0,0.0,Low
53.2,20.39,72.11,4.9,18.1,6.6,Clay,Wheat,Flowering,3.5,58.3,0,0.0,0.0,Low
82.56,23.25,57.71,0.01,79.5,31.4,Silty,Cotton,Vegetative,18.1,21.3,0,0.0,0.0,Low
85.5,33.4,81.61,1.94,30.2,38.0,Peaty,Sugarcane,Maturity,6.6,50.6,0,0.0,0.0,Medium
77.78,23.33,71.42,3.63,87.0,39.9,Clay,Tomato,Flowering,14.5,43.2,0,0.0,0.0,Low
83.49,15.64,66.38,6.23,92.1,20.7,Silty,Wheat,Fruiting,21.4,16.5,0,0.0,0.0,Low
40.22,37.4,95.37,5.98,21.1,38.5,Peaty,Maize,Vegetative,18.2,67.8,1,9.6,6.2,Medium
33.84,31.52,34.57,4.41,43.2,16.9,Silty,Maize,Flowering,26.6,0.8,1,22.8,14.6,Medium
65.62,42.37,81.94,3.8,5.8,8.6,Sandy,Cotton,Flowering,18.7,33.7,0,0.0,0.0,Medium
44.62,28.9,81.62,1.1,13.7,7.4,Clay,Rice,Vegetative,15.2,48.8,1,25.8,15.7,High
50.46,24.01,51.01,3.73,15.9,38.5,Peaty,Maize,Germination,22.9,50.5,1,5.0,3.0,Medium
84.0,20.08,37.94,6.0,62.2,16.6,Peaty,Groundnut,Germination,19.3,62.8,0,0.0,0.0,Low
77.08,21.33,78.86,0.0,34.3,37.2,Loamy,Sugarcane,Germination,12.0,66.9,0,0.0,0.0,Low
89.18,40.39,77.21,1.78,89.5,1.5,Loamy,Rice,Germination,1.1,62.3,0,0.0,0.0,Medium
41.44,23.26,72.03,1.5,14.6,23.3,Clay,Rice,Vegetative,18.8,62.5,1,30.4,18.9,High
28.84,16.8,54.77,0.1,49.7,26.0,Loamy,Wheat,Germination,27.0,14.4,1,8.1,4.7,Medium
79.05,26.05,35.15,2.05,63.5,12.2,Sandy,Sugarcane,Maturity,7.1,38.0,0,0.0,0.0,Low
78.66,22.84,62.57,1.4,27.1,21.1,Sandy,Rice,Germination,23.6,45.6,0,0.0,0.0,Low
62.08,16.86,65.55,1.26,75.0,39.7,Loamy,Groundnut,Flowering,4.6,39.9,0,0.0,0.0,Low
83.57,40.26,89.19,1.07,90.3,34.7,Peaty,Sugarcane,Flowering,27.3,3.9,0,0.0,0.0,Medium
68.07,26.54,89.81,4.06,69.2,17.1,Silty,Tomato,Fruiting,3.6,32.7,0,0.0,0.0,Low
64.25,26.56,45.99,1.86,47.5,5.6,Silty,Sugarcane,Germination,1.4,67.6,1,5.0,3.0,Medium
62.26,32.93,61.37,0.63,26.3,11.6,Peaty,Groundnut,Fruiting,24.5,14.8,0,0.0,0.0,Medium
20.92,27.93,36.88,0.92,28.6,12.3,Loamy,Maize,Germination,17.1,39.4,1,15.0,9.4,High
70.67,36.71,78.28,1.86,43.9,10.1,Clay,Sugarcane,Flowering,26.5,47.2,1,6.0,4.2,Medium
82.91,32.44,26.95,4.93,96.3,11.6,Clay,Rice,Germination,24.7,22.7,0,0.0,0.0,Low
63.9,17.97,29.86,0.65,18.5,37.8,Sandy,Wheat,Flowering,9.5,58.8,0,0.0,0.0,Low
44.72,26.33,64.19,4.16,43.5,19.5,Clay,Groundnut,Vegetative,1.9,62.1,0,0.0,0.0,Low
62.74,26.62,60.11,1.6,42.0,8.1,Clay,Tomato,Fruiting,18.3,71.4,0,0.0,0.0,Low
71.14,28.75,66.16,1.84,32.0,31.3,Silty,Tomato,Fruiting,8.3,58.6,0,0.0,0.0,Low
84.51,31.08,44.07,6.36,47.6,30.1,Silty,Sugarcane,Germination,0.1,34.4,0,0.0,0.0,Low
59.18,24.61,26.1,1.7,54.8,39.3,Silty,Rice,Maturity,20.3,59.2,1,7.5,4.3,Medium
55.41,31.27,82.89,0.2,11.3,0.2,Clay,Rice,Vegetative,27.6,19.9,1,15.2,7.8,Medium
28.05,20.47,79.4,1.0,21.1,0.4,Loamy,Cotton,Vegetative,2.1,26.1,1,11.3,4.7,Medium
87.61,28.41,91.11,1.1,86.6,25.6,Clay,Maize,Flowering,1.1,20.0,0,0.0,0.0,Low
89.53,28.41,24.08,1.9,95.1,15.4,Peaty,Wheat,Fruiting,25.5,31.4,0,0.0,0.0,Low
82.77,29.53,31.14,0.0,98.5,32.7,Sandy,Rice,Germination,7.4,37.3,0,0.0,0.0,Low
50.2,32.12,62.3,1.33,4.1,30.4,Silty,Sugarcane,Flowering,10.5,38.4,1,16.4,9.3,Medium
75.07,36.09,83.61,0.44,9.6,38.8,Sandy,Rice,Fruiting,27.6,65.3,1,5.5,4.5,Medium
48.28,27.48,34.6,10.34,28.5,3.0,Sandy,Wheat,Fruiting,22.5,69.9,0,0.0,0.0,Low
51.79,43.78,33.65,0.33,29.1,35.1,Sandy,Sugarcane,Germination,12.5,22.3,1,5.0,4.5,High
71.99,42.52,38.59,0.18,75.1,9.7,Sandy,Tomato,Flowering,3.3,4.9,0,0.0,0.0,Medium
35.4,17.77,86.12,4.92,52.2,7.3,Sandy,Cotton,Germination,8.9,71.6,1,5.0,3.0,Medium
54.99,25.92,41.56,0.67,3.4,39.1,Clay,Groundnut,Maturity,27.8,29.7,0,0.0,0.0,Low
68.1,30.54,84.0,4.03,96.6,16.2,Silty,Wheat,Germination,18.5,32.6,0,0.0,0.0,Low
62.26,44.46,56.88,0.54,42.4,27.3,Silty,Cotton,Maturity,3.8,40.2,0,0.0,0.0,Medium
82.59,42.31,51.09,2.65,92.9,13.6,Sandy,Cotton,Vegetative,22.7,66.9,0,0.0,0.0,Medium
79.57,34.86,41.34,1.74,71.0,27.0,Loamy,Rice,Germination,5.5,34.9,0,0.0,0.0,Medium
69.71,34.69,80.44,1.06,63.3,35.7,Peaty,Sugarcane,Flowering,20.7,65.8,1,6.0,3.0,Medium
88.96,44.21,22.24,0.12,85.5,22.3,Clay,Wheat,Fruiting,20.8,33.9,0,0.0,0.0,Medium
65.69,29.12,26.75,1.82,61.3,22.5,Sandy,Cotton,Vegetative,11.1,19.8,0,0.0,0.0,Low
40.94,18.36,27.38,3.58,46.6,28.7,Sandy,Wheat,Maturity,6.4,51.5,0,0.0,0.0,Medium
85.93,25.19,27.0,3.97,75.7,2.4,Sandy,Cotton,Flowering,23.3,66.9,0,0.0,0.0,Low
69.49,27.76,79.04,4.26,34.6,35.1,Clay,Sugarcane,Flowering,29.8,24.1,0,0.0,0.0,Low
61.24,42.54,55.13,3.56,74.8,21.8,Peaty,Groundnut,Vegetative,24.3,39.9,0,0.0,0.0,Medium
76.62,18.51,61.39,2.22,81.8,22.4,Peaty,Sugarcane,Fruiting,14.0,43.5,0,0.0,0.0,Low
43.67,44.25,82.49,4.91,41.9,37.4,Silty,Rice,Flowering,3.8,17.8,1,29.2,16.5,High
69.18,20.55,46.58,3.14,67.2,8.4,Silty,Sugarcane,Flowering,13.5,10.2,0,0.0,0.0,Low
67.47,37.36,48.76,0.1,90.1,14.6,Clay,Cotton,Vegetative,24.4,47.6,0,0.0,0.0,Medium
36.17,44.94,73.69,2.91,14.7,18.7,Sandy,Groundnut,Maturity,22.0,19.8,1,5.0,3.4,High
72.75,39.2,82.59,0.31,85.5,5.9,Silty,Sugarcane,Maturity,29.1,10.4,0,0.0,0.0,Medium
85.13,33.17,92.38,0.13,90.9,6.6,Loamy,Rice,Maturity,1.5,41.1,0,0.0,0.0,Medium
73.65,33.83,41.63,0.87,20.2,7.4,Silty,Rice,Flowering,27.2,26.0,0,0.0,0.0,Medium
54.8,30.51,55.5,7.84,47.4,15.6,Loamy,Maize,Fruiting,29.3,69.4,1,5.5,4.8,Medium
80.94,38.36,51.04,1.52,74.7,17.0,Loamy,Cotton,Maturity,25.7,9.9,0,0.0,0.0,Medium
24.29,40.75,43.54,0.59,21.1,8.7,Silty,Maize,Germination,27.2,36.2,1,16.4,9.5,High
68.84,37.24,22.83,3.9,80.9,35.8,Silty,Tomato,Flowering,16.3,52.8,0,0.0,0.0,Medium
70.94,34.63,32.7,5.38,46.3,2.0,Silty,Sugarcane,Vegetative,21.8,33.0,0,0.0,0.0,Medium
60.82,22.01,74.4,0.1,94.3,26.5,Peaty,Maize,Germination,26.2,5.9,0,0.0,0.0,Low
28.74,40.01,35.43,0.11,2.9,26.3,Clay,Maize,Fruiting,1.5,70.3,1,28.9,15.7,High
55.62,17.83,35.99,0.06,15.7,26.4,Silty,Sugarcane,Maturity,4.1,19.0,1,5.0,3.4,Medium
62.84,24.13,69.09,1.33,32.8,29.0,Clay,Rice,Maturity,18.5,19.7,1,5.0,3.0,Medium
40.16,28.84,77.61,3.79,49.7,28.8,Peaty,Tomato,Vegetative,22.1,6.2,0,0.0,0.0,Medium
61.78,17.2,50.31,0.21,49.7,36.8,Sandy,Wheat,Germination,1.2,21.6,0,0.0,0.0,Low
34.69,21.33,43.17,1.13,44.5,32.3,Loamy,Tomato,Vegetative,23.5,14.7,1,14.7,9.7,Medium
61.36,43.45,77.04,0.25,73.6,10.1,Clay,Maize,Flowering,6.1,70.0,0,0.0,0.0,Medium
92.17,18.52,82.26,0.16,99.5,18.7,Sandy,Tomato,Flowering,24.3,50.2,0,0.0,0.0,Low
28.2,34.89,55.01,2.02,45.6,20.8,Clay,Maize,Vegetative,23.8,47.6,1,23.7,13.3,High
32.04,45.01,24.21,8.82,14.6,39.8,Silty,Wheat,Maturity,23.8,2.0,0,0.0,0.0,High
75.13,21.41,29.96,5.02,58.6,38.1,Silty,Rice,Flowering,10.2,60.2,0,0.0,0.0,Low
38.55,38.13,25.94,13.07,37.0,27.7,Silty,Groundnut,Vegetative,7.2,44.0,0,0.0,0.0,High
55.17,28.29,55.79,12.74,33.6,4.0,Clay,Tomato,Maturity,16.6,55.7,0,0.0,0.0,Low
68.25,19.89,92.16,2.42,52.9,38.9,Peaty,Rice,Fruiting,20.3,3.4,0,0.0,0.0,Medium
54.07,28.78,62.8,1.41,90.1,39.8,Peaty,Wheat,Germination,19.3,14.8,0,0.0,0.0,Low
88.62,21.28,62.49,3.47,65.0,17.7,Silty,Rice,Maturity,9.6,33.8,0,0.0,0.0,Low
83.39,31.79,53.62,1.17,63.8,38.8,Sandy,Groundnut,Maturity,11.7,34.7,0,0.0,0.0,Low
32.65,34.45,37.12,0.03,6.7,27.8,Loamy,Cotton,Germination,6.2,17.1,1,6.9,5.1,Medium
94.06,23.33,60.08,1.47,98.0,19.5,Peaty,Groundnut,Flowering,7.7,55.3,0,0.0,0.0,Low
57.39,21.91,22.63,3.4,17.2,27.2,Clay,Rice,Fruiting,1.3,55.4,1,16.8,9.2,Medium
40.91,44.09,59.56,0.17,16.1,23.5,Silty,Tomato,Fruiting,3.4,17.1,1,17.9,8.0,High
77.42,32.24,20.58,7.46,63.7,31.7,Sandy,Maize,Vegetative,24.5,6.1,0,0.0,0.0,Low
22.7,29.69,38.55,5.11,47.4,25.0,Sandy,Cotton,Fruiting,12.5,43.4,1,9.5,4.4,Medium
58.89,36.48,60.59,5.35,30.1,2.6,Clay,Tomato,Germination,21.9,55.1,1,5.0,3.6,Medium
56.82,38.99,94.02,15.07,92.9,35.8,Silty,Groundnut,Germination,14.1,3.4,0,0.0,0.0,Medium
50.28,17.29,54.06,2.43,31.9,2.5,Clay,Cotton,Maturity,20.3,23.1,0,0.0,0.0,Low
27.05,37.96,77.81,1.38,40.7,28.8,Peaty,Maize,Germination,25.6,39.0,1,12.4,7.9,High
36.01,23.2,26.9,0.0,43.8,22.7,Silty,Tomato,Germination,7.8,25.7,1,10.7,7.1,Medium
72.57,29.37,93.42,5.09,79.8,23.3,Sandy,Maize,Maturity,26.8,57.9,0,0.0,0.0,Low
72.64,30.23,22.0,0.46,28.5,12.5,Loamy,Sugarcane,Fruiting,21.6,32.4,0,0.0,0.0,Low
56.92,44.68,41.15,8.17,43.7,2.3,Peaty,Cotton,Vegetative,23.6,14.2,0,0.0,0.0,Medium
88.16,44.04,30.53,2.75,74.9,37.6,Clay,Tomato,Germination,8.7,18.7,0,0.0,0.0,Medium
93.74,18.42,28.85,0.78,75.4,1.5,Peaty,Wheat,Maturity,29.6,11.5,0,0.0,0.0,Low
35.58,21.92,57.8,6.25,36.8,29.8,Loamy,Tomato,Germination,27.1,65.8,1,6.8,3.3,Medium
32.83,17.56,59.78,1.16,12.3,5.6,Silty,Tomato,Vegetative,10.1,31.5,1,17.6,11.2,Medium
41.7,23.45,34.34,2.42,14.5,10.7,Sandy,Groundnut,Germination,8.2,42.4,0,0.0,0.0,Low
72.25,23.13,21.82,1.92,59.3,24.2,Silty,Maize,Flowering,14.0,51.9,0,0.0,0.0,Low
41.89,35.64,28.91,0.36,28.4,5.2,Loamy,Wheat,Germination,26.0,5.4,1,5.0,3.0,Medium
92.98,36.69,89.82,0.32,74.5,12.9,Loamy,Rice,Germination,8.3,50.0,0,0.0,0.0,Medium
81.42,35.87,59.7,2.96,66.7,25.2,Peaty,Tomato,Maturity,17.1,51.4,0,0.0,0.0,Medium
88.67,15.63,56.99,3.61,66.7,30.1,Clay,Maize,Fruiting,27.4,13.0,0,0.0,0.0,Low
59.65,27.74,62.45,4.32,17.1,1.3,Loamy,Sugarcane,Flowering,16.5,20.7,1,6.7,6.3,Medium
61.5,31.87,58.79,9.13,81.5,8.3,Clay,Groundnut,Germination,19.9,39.6,0,0.0,0.0,Low
77.78,28.8,60.39,0.92,96.2,21.4,Loamy,Maize,Germination,26.8,19.7,0,0.0,0.0,Low
27.69,34.56,21.96,3.1,53.3,3.3,Peaty,Tomato,Fruiting,13.2,24.9,1,26.2,14.8,High
79.63,20.97,29.6,3.92,68.6,18.4,Silty,Sugarcane,Germination,8.1,23.7,0,0.0,0.0,Low
13.24,27.34,56.1,4.29,17.8,18.1,Sandy,Cotton,Maturity,3.2,16.6,1,11.6,7.2,High
85.59,15.66,20.77,0.23,71.9,7.1,Peaty,Maize,Flowering,13.0,61.2,0,0.0,0.0,Low
75.35,32.34,26.93,1.58,95.6,25.7,Loamy,Rice,Flowering,24.3,47.1,0,0.0,0.0,Low
73.58,39.73,40.16,1.16,74.0,17.0,Sandy,Groundnut,Flowering,4.7,59.5,0,0.0,0.0,Medium
44.39,17.17,52.97,1.72,42.1,4.7,Silty,Wheat,Flowering,22.9,23.3,0,0.0,0.0,Medium
73.07,19.3,77.72,5.38,90.3,3.2,Clay,Rice,Germination,0.7,36.4,0,0.0,0.0,Low
78.13,37.53,21.58,3.83,4.2,13.8,Sandy,Maize,Vegetative,21.1,66.6,0,0.0,0.0,Medium
31.39,22.68,92.87,4.38,0.5,33.5,Silty,Maize,Germination,9.9,8.5,1,15.0,9.0,Medium
57.37,34.05,73.69,5.0,10.6,27.9,Loamy,Rice,Fruiting,24.7,34.6,1,7.5,5.0,Medium
40.09,24.28,49.9,0.8,23.0,35.7,Peaty,Maize,Vegetative,21.7,17.1,1,10.9,7.1,Medium
69.58,33.87,91.41,0.43,13.6,18.5,Clay,Wheat,Flowering,0.7,19.9,0,0.0,0.0,Medium
53.3,18.85,78.91,8.18,0.4,34.4,Silty,Cotton,Vegetative,20.5,31.0,0,0.0,0.0,Low
67.93,24.21,71.04,5.39,32.7,6.8,Clay,Sugarcane,Fruiting,8.5,47.0,0,0.0,0.0,Low
29.64,32.09,41.09,1.13,45.1,32.7,Clay,Groundnut,Flowering,9.6,41.0,1,14.0,8.4,Medium
43.15,44.35,86.22,0.93,22.4,31.3,Sandy,Sugarcane,Maturity,26.0,2.3,1,5.5,4.1,High
27.89,15.32,74.85,0.41,52.6,21.6,Loamy,Cotton,Fruiting,6.9,22.4,1,14.5,9.4,Medium
87.67,16.74,43.77,2.92,90.4,37.3,Clay,Tomato,Germination,7.6,34.1,0,0.0,0.0,Low
51.89,21.43,88.0,1.98,41.8,34.9,Peaty,Sugarcane,Flowering,24.8,31.8,1,9.4,4.1,Medium
17.64,16.76,62.43,2.09,34.1,6.8,Silty,Cotton,Maturity,26.7,31.3,1,17.0,10.5,High
74.03,44.87,76.23,1.25,36.5,12.1,Peaty,Rice,Germination,2.9,20.9,0,0.0,0.0,Medium
75.04,20.05,36.35,6.17,83.1,32.9,Loamy,Rice,Germination,1.7,37.7,0,0.0,0.0,Low
15.03,20.89,31.22,1.64,1.7,4.8,Peaty,Wheat,Fruiting,0.7,71.8,1,21.3,14.5,High
42.38,34.49,90.15,0.98,47.2,29.7,Peaty,Sugarcane,Flowering,3.0,54.2,1,19.0,13.5,High
88.74,29.16,42.03,2.49,60.9,36.9,Clay,Sugarcane,Fruiting,24.3,13.4,0,0.0,0.0,Low
92.0,39.83,80.65,2.68,74.6,39.5,Sandy,Rice,Maturity,18.3,36.8,0,0.0,0.0,Medium
85.38,27.46,38.36,2.93,79.3,21.2,Silty,Maize,Germination,10.2,47.0,0,0.0,0.0,Low
64.46,31.43,52.82,0.01,1.1,7.9,Clay,Cotton,Flowering,18.9,28.1,0,0.0,0.0,Low
78.76,30.21,82.35,0.33,73.8,10.7,Clay,Rice,Vegetative,29.6,48.6,0,0.0,0.0,Low
87.53,28.61,82.46,2.54,77.1,33.9,Peaty,Maize,Maturity,12.1,26.6,0,0.0,0.0,Low
73.19,39.26,48.33,2.89,76.4,28.4,Loamy,Rice,Vegetative,3.5,66.5,0,0.0,0.0,Medium
25.12,35.39,80.83,0.79,1.9,5.1,Loamy,Wheat,Vegetative,1.2,53.8,1,15.1,9.7,High
75.37,19.22,31.35,1.26,74.7,2.6,Loamy,Sugarcane,Flowering,9.6,35.0,0,0.0,0.0,Low
40.91,19.73,77.26,2.82,56.9,27.1,Loamy,Maize,Flowering,21.9,19.7,0,0.0,0.0,Medium
22.81,31.75,87.96,1.55,30.2,36.6,Peaty,Maize,Maturity,14.2,18.2,1,16.8,8.8,High
70.7,44.81,86.41,1.57,75.9,10.6,Peaty,Rice,Fruiting,0.7,38.8,0,0.0,0.0,Medium
44.52,44.56,36.14,4.72,18.5,18.1,Sandy,Rice,Germination,10.2,55.9,1,8.6,5.1,High
60.68,42.0,42.1,2.98,87.8,3.7,Loamy,Tomato,Maturity,22.0,25.0,0,0.0,0.0,Medium
86.01,43.65,62.86,1.1,61.4,39.9,Clay,Cotton,Maturity,13.6,58.8,0,0.0,0.0,Medium
63.62,26.85,87.32,1.4,60.3,35.9,Loamy,Wheat,Flowering,11.0,6.3,0,0.0,0.0,Low
68.91,15.94,93.85,4.63,99.8,12.7,Clay,Sugarcane,Vegetative,11.9,10.1,0,0.0,0.0,Low
89.21,33.19,75.39,2.18,84.3,36.8,Loamy,Wheat,Flowering,11.1,68.4,0,0.0,0.0,Low
42.0,25.38,82.3,5.67,58.1,27.1,Sandy,Cotton,Fruiting,1.3,50.2,0,0.0,0.0,Medium
52.11,44.91,95.27,0.86,48.3,23.1,Clay,Wheat,Germination,13.0,37.7,0,0.0,0.0,Medium
66.52,20.86,51.88,3.21,44.2,11.4,Loamy,Rice,Vegetative,13.4,68.0,0,0.0,0.0,Medium
74.68,15.55,59.56,1.9,52.3,17.3,Sandy,Maize,Vegetative,26.7,9.1,0,0.0,0.0,Low
55.78,24.78,21.71,7.76,35.0,14.7,Clay,Cotton,Germination,15.8,26.1,0,0.0,0.0,Low
58.5,37.73,81.62,2.02,22.0,30.4,Sandy,Cotton,Flowering,17.0,50.2,1,6.0,4.6,Medium
82.14,40.35,31.81,3.46,96.0,10.2,Loamy,Cotton,Vegetative,7.8,22.1,0,0.0,0.0,Medium
23.67,26.02,55.84,6.25,1.8,21.9,Sandy,Tomato,Germination,3.5,49.7,1,8.6,4.6,High
30.33,18.9,47.98,0.91,29.7,24.1,Peaty,Tomato,Germination,13.4,46.0,1,12.5,7.2,High
37.21,22.55,47.14,4.51,25.3,33.8,Peaty,Tomato,Germination,18.1,69.9,1,7.6,5.2,Medium
37.4,40.86,64.96,3.88,28.8,39.6,Sandy,Tomato,Vegetative,4.8,56.0,1,7.1,3.9,High
81.65,21.66,91.55,0.05,79.3,31.2,Silty,Rice,Vegetative,28.0,1.0,0,0.0,0.0,Low
92.12,18.91,22.7,3.51,92.8,38.8,Clay,Rice,Fruiting,11.7,65.2,0,0.0,0.0,Low
64.32,25.0,42.93,3.89,65.4,15.7,Silty,Maize,Vegetative,18.6,31.0,0,0.0,0.0,Low
36.0,29.84,92.19,0.63,17.2,15.1,Loamy,Maize,Maturity,6.6,68.4,1,12.6,7.1,Medium
71.8,28.39,50.41,0.15,88.4,30.1,Peaty,Rice,Fruiting,4.5,8.9,0,0.0,0.0,Low
73.75,36.58,94.89,1.96,56.1,16.4,Peaty,Wheat,Vegetative,27.7,71.0,0,0.0,0.0,Medium
84.91,25.96,34.41,1.46,96.8,7.7,Sandy,Rice,Fruiting,2.5,59.9,0,0.0,0.0,Low
90.22,19.53,84.57,0.72,24.2,3.7,Clay,Rice,Flowering,9.8,12.4,0,0.0,0.0,Low
58.19,36.51,37.26,3.05,44.1,31.9,Sandy,Wheat,Maturity,28.1,27.1,0,0.0,0.0,Medium
78.58,28.21,27.67,6.45,13.7,3.6,Silty,Tomato,Germination,16.9,59.5,0,0.0,0.0,Low
22.16,33.43,88.41,5.96,54.4,37.6,Sandy,Cotton,Fruiting,26.5,22.3,1,15.4,9.5,Medium
44.49,37.83,31.68,1.77,35.6,28.0,Clay,Groundnut,Vegetative,29.0,10.0,0,0.0,0.0,Medium
41.09,40.4,85.3,2.82,47.2,14.7,Loamy,Sugarcane,Vegetative,28.4,19.0,1,19.0,9.5,High
46.1,22.76,36.28,0.92,10.5,3.1,Peaty,Groundnut,Germination,28.4,57.9,0,0.0,0.0,Low
65.59,24.53,34.78,0.36,7.8,19.0,Loamy,Wheat,Maturity,3.9,37.1,0,0.0,0.0,Low
92.41,39.67,76.11,7.38,91.3,30.6,Sandy,Sugarcane,Maturity,7.8,11.2,0,0.0,0.0,Medium
62.37,21.69,29.9,1.09,66.5,17.5,Clay,Wheat,Vegetative,21.8,58.6,0,0.0,0.0,Low
84.76,25.84,86.97,0.91,79.7,36.3,Silty,Tomato,Vegetative,20.4,3.6,0,0.0,0.0,Low
62.79,27.85,64.05,7.25,84.1,7.4,Sandy,Wheat,Flowering,23.7,52.6,0,0.0,0.0,Low
61.81,17.19,55.95,3.11,12.3,36.1,Loamy,Wheat,Vegetative,24.1,38.6,0,0.0,0.0,Low
87.63,36.21,57.72,2.3,69.6,29.2,Peaty,Sugarcane,Flowering,2.4,59.9,0,0.0,0.0,Medium
37.43,45.1,33.53,4.17,39.5,14.3,Sandy,Maize,Germination,13.2,56.9,1,5.0,3.0,High
72.24,15.47,70.02,0.49,69.9,22.8,Peaty,Sugarcane,Fruiting,17.6,48.7,0,0.0,0.0,Low
14.08,40.61,29.32,4.01,37.4,19.2,Sandy,Groundnut,Maturity,6.4,68.7,1,9.9,5.6,High
88.82,33.8,89.21,5.88,65.7,7.4,Loamy,Rice,Germination,24.7,61.2,0,0.0,0.0,Medium
83.59,15.91,91.55,0.05,62.9,18.1,Loamy,Wheat,Maturity,2.6,49.1,0,0.0,0.0,Low
27.95,36.61,47.58,3.19,15.1,5.7,Loamy,Cotton,Fruiting,26.6,61.2,1,20.2,11.9,Medium
83.6,37.93,76.54,0.14,61.1,32.2,Peaty,Sugarcane,Maturity,16.2,38.2,0,0.0,0.0,Medium
43.18,33.6,72.66,0.23,20.9,10.8,Clay,Wheat,Fruiting,24.7,16.1,1,5.5,3.4,Medium
42.32,28.29,64.21,0.85,36.3,25.3,Sandy,Rice,Germination,17.4,39.7,1,8.6,5.3,High
76.19,27.47,39.0,1.64,90.5,13.4,Sandy,Groundnut,Germination,9.9,48.6,0,0.0,0.0,Low
16.05,34.98,82.54,0.03,25.7,8.6,Silty,Cotton,Germination,28.1,9.4,1,15.7,8.6,High
34.65,27.13,95.53,0.56,40.0,33.3,Loamy,Maize,Germination,22.5,26.2,1,9.3,4.4,Medium
57.32,37.85,33.08,5.64,61.9,8.1,Peaty,Tomato,Germination,29.5,32.0,0,0.0,0.0,Medium
83.86,25.35,34.23,3.09,70.1,15.8,Sandy,Maize,Fruiting,29.7,44.1,0,0.0,0.0,Low
49.15,35.2,62.78,2.93,91.8,0.3,Clay,Groundnut,Maturity,26.8,0.6,0,0.0,0.0,Medium
75.03,37.35,36.35,0.75,45.8,3.0,Peaty,Rice,Fruiting,14.9,30.2,0,0.0,0.0,Medium
75.55,20.35,32.21,6.56,90.2,32.3,Silty,Rice,Maturity,25.2,13.5,0,0.0,0.0,Low
89.43,19.77,61.88,5.7,79.4,10.1,Peaty,Wheat,Flowering,2.1,23.9,0,0.0,0.0,Low
77.69,32.53,52.51,0.79,79.9,6.0,Clay,Cotton,Germination,18.3,21.9,0,0.0,0.0,Low
66.51,28.75,52.02,2.23,8.9,39.5,Silty,Wheat,Germination,8.8,4.1,0,0.0,0.0,Low
85.53,41.25,44.82,2.96,98.9,34.1,Loamy,Maize,Maturity,13.2,32.5,0,0.0,0.0,Medium
35.58,19.81,55.82,0.87,36.6,13.3,Silty,Tomato,Vegetative,11.4,36.4,1,17.4,10.3,Medium
53.56,23.34,80.85,2.11,75.2,37.3,Peaty,Cotton,Flowering,7.8,42.3,0,0.0,0.0,Low
60.36,31.36,70.1,0.94,63.5,8.0,Silty,Tomato,Germination,24.9,34.1,0,0.0,0.0,Low
93.92,34.63,49.84,0.2,68.3,31.0,Sandy,Sugarcane,Maturity,12.3,18.6,0,0.0,0.0,Medium
56.6,16.1,35.76,0.22,20.5,19.6,Peaty,Rice,Flowering,2.6,34.7,1,11.2,6.8,Medium
87.72,18.44,24.53,1.11,66.7,11.5,Clay,Maize,Germination,11.4,45.4,0,0.0,0.0,Low
20.56,26.63,54.41,3.65,40.0,26.6,Clay,Cotton,Germination,0.8,36.4,1,17.8,10.4,Medium
54.36,41.37,75.2,4.41,9.0,5.9,Silty,Wheat,Flowering,16.2,55.7,1,6.0,3.7,Medium
54.04,32.72,75.88,2.87,38.3,22.2,Clay,Cotton,Fruiting,28.3,55.6,0,0.0,0.0,Medium
17.9,42.58,78.24,0.71,13.9,28.0,Clay,Cotton,Germination,28.6,32.1,1,17.6,11.6,High
73.59,18.08,59.29,3.65,91.4,17.5,Peaty,Rice,Germination,27.9,31.5,0,0.0,0.0,Low
52.8,40.77,62.49,0.74,58.0,23.4,Clay,Wheat,Vegetative,23.4,70.6,1,5.0,3.0,Medium
67.55,23.04,75.53,0.55,82.8,19.6,Loamy,Wheat,Vegetative,4.1,48.9,0,0.0,0.0,Low
29.29,29.25,37.66,0.32,28.1,22.5,Silty,Maize,Vegetative,1.2,32.3,1,17.7,9.7,Medium
77.1,29.46,85.92,10.74,61.2,9.9,Clay,Sugarcane,Fruiting,9.8,14.7,0,0.0,0.0,Low
24.87,18.44,47.18,0.99,17.2,14.7,Silty,Maize,Vegetative,27.5,43.1,1,21.3,11.7,High
81.01,17.68,36.24,4.51,45.8,26.6,Clay,Sugarcane,Germination,4.4,33.7,0,0.0,0.0,Low
39.74,43.51,63.73,2.22,6.2,11.1,Clay,Rice,Maturity,26.3,46.4,1,23.4,13.7,High
